,Neighbors
pseudo_6_210.0_608.0_0_abs_absolute,['pseudo_236_1510.0_1508.0']
pseudo_6_210.0_608.0_1_abs_absolute,[]
pseudo_6_210.0_608.0_2_abs_absolute,[]
pseudo_6_210.0_608.0_3_abs_absolute,[]
pseudo_6_210.0_608.0_4_abs_absolute,[]
pseudo_6_210.0_608.0_5_abs_absolute,['pseudo_126_910.0_708.0']
pseudo_6_210.0_608.0_6_abs_absolute,['pseudo_141_1010.0_508.0']
pseudo_6_210.0_608.0_7_abs_absolute,[]
pseudo_6_210.0_608.0_8_abs_absolute,"['pseudo_228_1510.0_708.0', 'pseudo_55_510.0_408.0', 'pseudo_58_510.0_708.0', 'pseudo_90_710.0_508.0']"
pseudo_9_210.0_908.0_0_abs_absolute,[]
pseudo_9_210.0_908.0_1_abs_absolute,[]
pseudo_9_210.0_908.0_2_abs_absolute,[]
pseudo_9_210.0_908.0_3_abs_absolute,['pseudo_204_1310.0_1708.0']
pseudo_9_210.0_908.0_4_abs_absolute,['pseudo_287_1810.0_1508.0']
pseudo_9_210.0_908.0_5_abs_absolute,[]
pseudo_9_210.0_908.0_6_abs_absolute,['pseudo_194_1310.0_708.0']
pseudo_9_210.0_908.0_7_abs_absolute,[]
pseudo_9_210.0_908.0_8_abs_absolute,[]
pseudo_20_310.0_308.0_0_abs_absolute,[]
pseudo_20_310.0_308.0_1_abs_absolute,[]
pseudo_20_310.0_308.0_2_abs_absolute,[]
pseudo_20_310.0_308.0_3_abs_absolute,[]
pseudo_20_310.0_308.0_4_abs_absolute,[]
pseudo_20_310.0_308.0_5_abs_absolute,[]
pseudo_20_310.0_308.0_6_abs_absolute,[]
pseudo_20_310.0_308.0_7_abs_absolute,['pseudo_195_1310.0_808.0']
pseudo_20_310.0_308.0_8_abs_absolute,[]
pseudo_21_310.0_408.0_0_abs_absolute,[]
pseudo_21_310.0_408.0_1_abs_absolute,['pseudo_211_1410.0_708.0']
pseudo_21_310.0_408.0_2_abs_absolute,[]
pseudo_21_310.0_408.0_3_abs_absolute,"['pseudo_100_710.0_1508.0', 'pseudo_84_610.0_1608.0']"
pseudo_21_310.0_408.0_4_abs_absolute,['pseudo_178_1210.0_808.0']
pseudo_21_310.0_408.0_5_abs_absolute,[]
pseudo_21_310.0_408.0_6_abs_absolute,[]
pseudo_21_310.0_408.0_7_abs_absolute,[]
pseudo_21_310.0_408.0_8_abs_absolute,[]
pseudo_22_310.0_508.0_0_abs_absolute,[]
pseudo_22_310.0_508.0_1_abs_absolute,"['pseudo_110_810.0_808.0', 'pseudo_136_910.0_1708.0']"
pseudo_22_310.0_508.0_2_abs_absolute,[]
pseudo_22_310.0_508.0_3_abs_absolute,[]
pseudo_22_310.0_508.0_4_abs_absolute,['pseudo_195_1310.0_808.0']
pseudo_22_310.0_508.0_5_abs_absolute,[]
pseudo_22_310.0_508.0_6_abs_absolute,[]
pseudo_22_310.0_508.0_7_abs_absolute,[]
pseudo_22_310.0_508.0_8_abs_absolute,[]
pseudo_23_310.0_608.0_0_abs_absolute,[]
pseudo_23_310.0_608.0_1_abs_absolute,['pseudo_289_1810.0_1708.0']
pseudo_23_310.0_608.0_2_abs_absolute,"['pseudo_127_910.0_808.0', 'pseudo_278_1810.0_608.0']"
pseudo_23_310.0_608.0_3_abs_absolute,[]
pseudo_23_310.0_608.0_4_abs_absolute,[]
pseudo_23_310.0_608.0_5_abs_absolute,[]
pseudo_23_310.0_608.0_6_abs_absolute,"['pseudo_128_910.0_908.0', 'pseudo_139_1010.0_308.0', 'pseudo_199_1310.0_1208.0', 'pseudo_227_1510.0_608.0']"
pseudo_23_310.0_608.0_7_abs_absolute,[]
pseudo_23_310.0_608.0_8_abs_absolute,"['pseudo_240_1610.0_208.0', 'pseudo_68_510.0_1708.0', 'pseudo_77_610.0_908.0']"
pseudo_24_310.0_708.0_0_abs_absolute,[]
pseudo_24_310.0_708.0_1_abs_absolute,"['pseudo_116_810.0_1408.0', 'pseudo_129_910.0_1008.0', 'pseudo_176_1210.0_608.0', 'pseudo_247_1610.0_908.0']"
pseudo_24_310.0_708.0_2_abs_absolute,[]
pseudo_24_310.0_708.0_3_abs_absolute,"['pseudo_112_810.0_1008.0', 'pseudo_185_1210.0_1508.0', 'pseudo_200_1310.0_1308.0']"
pseudo_24_310.0_708.0_4_abs_absolute,['pseudo_250_1610.0_1208.0']
pseudo_24_310.0_708.0_5_abs_absolute,[]
pseudo_24_310.0_708.0_6_abs_absolute,[]
pseudo_24_310.0_708.0_7_abs_absolute,[]
pseudo_24_310.0_708.0_8_abs_absolute,"['pseudo_216_1410.0_1208.0', 'pseudo_229_1510.0_808.0']"
pseudo_25_310.0_808.0_0_abs_absolute,[]
pseudo_25_310.0_808.0_1_abs_absolute,['pseudo_91_710.0_608.0']
pseudo_25_310.0_808.0_2_abs_absolute,[]
pseudo_25_310.0_808.0_3_abs_absolute,[]
pseudo_25_310.0_808.0_4_abs_absolute,[]
pseudo_25_310.0_808.0_5_abs_absolute,['pseudo_98_710.0_1308.0']
pseudo_25_310.0_808.0_6_abs_absolute,[]
pseudo_25_310.0_808.0_7_abs_absolute,['pseudo_264_1710.0_908.0']
pseudo_25_310.0_808.0_8_abs_absolute,[]
pseudo_26_310.0_908.0_0_abs_absolute,[]
pseudo_26_310.0_908.0_1_abs_absolute,[]
pseudo_26_310.0_908.0_2_abs_absolute,[]
pseudo_26_310.0_908.0_3_abs_absolute,[]
pseudo_26_310.0_908.0_4_abs_absolute,[]
pseudo_26_310.0_908.0_5_abs_absolute,[]
pseudo_26_310.0_908.0_6_abs_absolute,[]
pseudo_26_310.0_908.0_7_abs_absolute,[]
pseudo_26_310.0_908.0_8_abs_absolute,[]
pseudo_27_310.0_1008.0_0_abs_absolute,[]
pseudo_27_310.0_1008.0_1_abs_absolute,[]
pseudo_27_310.0_1008.0_2_abs_absolute,[]
pseudo_27_310.0_1008.0_3_abs_absolute,[]
pseudo_27_310.0_1008.0_4_abs_absolute,[]
pseudo_27_310.0_1008.0_5_abs_absolute,[]
pseudo_27_310.0_1008.0_6_abs_absolute,[]
pseudo_27_310.0_1008.0_7_abs_absolute,[]
pseudo_27_310.0_1008.0_8_abs_absolute,"['pseudo_117_810.0_1508.0', 'pseudo_119_810.0_1708.0', 'pseudo_200_1310.0_1308.0', 'pseudo_217_1410.0_1308.0', 'pseudo_32_310.0_1508.0', 'pseudo_76_610.0_808.0', 'pseudo_96_710.0_1108.0']"
pseudo_28_310.0_1108.0_0_abs_absolute,['pseudo_246_1610.0_808.0']
pseudo_28_310.0_1108.0_1_abs_absolute,[]
pseudo_28_310.0_1108.0_2_abs_absolute,[]
pseudo_28_310.0_1108.0_3_abs_absolute,[]
pseudo_28_310.0_1108.0_4_abs_absolute,[]
pseudo_28_310.0_1108.0_5_abs_absolute,['pseudo_234_1510.0_1308.0']
pseudo_28_310.0_1108.0_6_abs_absolute,[]
pseudo_28_310.0_1108.0_7_abs_absolute,['pseudo_259_1710.0_408.0']
pseudo_28_310.0_1108.0_8_abs_absolute,[]
pseudo_29_310.0_1208.0_0_abs_absolute,[]
pseudo_29_310.0_1208.0_1_abs_absolute,[]
pseudo_29_310.0_1208.0_2_abs_absolute,"['pseudo_211_1410.0_708.0', 'pseudo_66_510.0_1508.0', 'pseudo_82_610.0_1408.0']"
pseudo_29_310.0_1208.0_3_abs_absolute,[]
pseudo_29_310.0_1208.0_4_abs_absolute,[]
pseudo_29_310.0_1208.0_5_abs_absolute,[]
pseudo_29_310.0_1208.0_6_abs_absolute,[]
pseudo_29_310.0_1208.0_7_abs_absolute,[]
pseudo_29_310.0_1208.0_8_abs_absolute,[]
pseudo_30_310.0_1308.0_0_abs_absolute,[]
pseudo_30_310.0_1308.0_1_abs_absolute,[]
pseudo_30_310.0_1308.0_2_abs_absolute,[]
pseudo_30_310.0_1308.0_3_abs_absolute,"['pseudo_146_1010.0_1008.0', 'pseudo_44_410.0_1008.0', 'pseudo_59_510.0_808.0']"
pseudo_30_310.0_1308.0_4_abs_absolute,['pseudo_146_1010.0_1008.0']
pseudo_30_310.0_1308.0_5_abs_absolute,[]
pseudo_30_310.0_1308.0_6_abs_absolute,[]
pseudo_30_310.0_1308.0_7_abs_absolute,[]
pseudo_30_310.0_1308.0_8_abs_absolute,[]
pseudo_31_310.0_1408.0_0_abs_absolute,"['pseudo_105_810.0_308.0', 'pseudo_148_1010.0_1208.0']"
pseudo_31_310.0_1408.0_1_abs_absolute,"['pseudo_119_810.0_1708.0', 'pseudo_168_1110.0_1508.0', 'pseudo_185_1210.0_1508.0', 'pseudo_27_310.0_1008.0', 'pseudo_65_510.0_1408.0']"
pseudo_31_310.0_1408.0_2_abs_absolute,[]
pseudo_31_310.0_1408.0_3_abs_absolute,"['pseudo_128_910.0_908.0', 'pseudo_227_1510.0_608.0', 'pseudo_30_310.0_1308.0']"
pseudo_31_310.0_1408.0_4_abs_absolute,[]
pseudo_31_310.0_1408.0_5_abs_absolute,['pseudo_101_710.0_1608.0']
pseudo_31_310.0_1408.0_6_abs_absolute,[]
pseudo_31_310.0_1408.0_7_abs_absolute,[]
pseudo_31_310.0_1408.0_8_abs_absolute,[]
pseudo_32_310.0_1508.0_0_abs_absolute,[]
pseudo_32_310.0_1508.0_1_abs_absolute,[]
pseudo_32_310.0_1508.0_2_abs_absolute,['pseudo_263_1710.0_808.0']
pseudo_32_310.0_1508.0_3_abs_absolute,['pseudo_197_1310.0_1008.0']
pseudo_32_310.0_1508.0_4_abs_absolute,"['pseudo_144_1010.0_808.0', 'pseudo_39_410.0_508.0']"
pseudo_32_310.0_1508.0_5_abs_absolute,[]
pseudo_32_310.0_1508.0_6_abs_absolute,"['pseudo_127_910.0_808.0', 'pseudo_278_1810.0_608.0']"
pseudo_32_310.0_1508.0_7_abs_absolute,[]
pseudo_32_310.0_1508.0_8_abs_absolute,[]
pseudo_33_310.0_1608.0_0_abs_absolute,[]
pseudo_33_310.0_1608.0_1_abs_absolute,"['pseudo_112_810.0_1008.0', 'pseudo_135_910.0_1608.0', 'pseudo_221_1410.0_1708.0', 'pseudo_43_410.0_908.0', 'pseudo_82_610.0_1408.0']"
pseudo_33_310.0_1608.0_2_abs_absolute,[]
pseudo_33_310.0_1608.0_3_abs_absolute,[]
pseudo_33_310.0_1608.0_4_abs_absolute,[]
pseudo_33_310.0_1608.0_5_abs_absolute,"['pseudo_100_710.0_1508.0', 'pseudo_150_1010.0_1408.0']"
pseudo_33_310.0_1608.0_6_abs_absolute,[]
pseudo_33_310.0_1608.0_7_abs_absolute,[]
pseudo_33_310.0_1608.0_8_abs_absolute,['pseudo_71_610.0_308.0']
pseudo_37_410.0_308.0_0_abs_absolute,[]
pseudo_37_410.0_308.0_1_abs_absolute,['pseudo_45_410.0_1108.0']
pseudo_37_410.0_308.0_2_abs_absolute,[]
pseudo_37_410.0_308.0_3_abs_absolute,[]
pseudo_37_410.0_308.0_4_abs_absolute,[]
pseudo_37_410.0_308.0_5_abs_absolute,[]
pseudo_37_410.0_308.0_6_abs_absolute,[]
pseudo_37_410.0_308.0_7_abs_absolute,['pseudo_218_1410.0_1408.0']
pseudo_37_410.0_308.0_8_abs_absolute,[]
pseudo_38_410.0_408.0_0_abs_absolute,[]
pseudo_38_410.0_408.0_1_abs_absolute,[]
pseudo_38_410.0_408.0_2_abs_absolute,[]
pseudo_38_410.0_408.0_3_abs_absolute,"['pseudo_110_810.0_808.0', 'pseudo_211_1410.0_708.0', 'pseudo_26_310.0_908.0']"
pseudo_38_410.0_408.0_4_abs_absolute,[]
pseudo_38_410.0_408.0_5_abs_absolute,"['pseudo_122_910.0_308.0', 'pseudo_129_910.0_1008.0']"
pseudo_38_410.0_408.0_6_abs_absolute,[]
pseudo_38_410.0_408.0_7_abs_absolute,['pseudo_45_410.0_1108.0']
pseudo_38_410.0_408.0_8_abs_absolute,[]
pseudo_39_410.0_508.0_0_abs_absolute,[]
pseudo_39_410.0_508.0_1_abs_absolute,[]
pseudo_39_410.0_508.0_2_abs_absolute,[]
pseudo_39_410.0_508.0_3_abs_absolute,['pseudo_29_310.0_1208.0']
pseudo_39_410.0_508.0_4_abs_absolute,[]
pseudo_39_410.0_508.0_5_abs_absolute,['pseudo_109_810.0_708.0']
pseudo_39_410.0_508.0_6_abs_absolute,[]
pseudo_39_410.0_508.0_7_abs_absolute,['pseudo_191_1310.0_408.0']
pseudo_39_410.0_508.0_8_abs_absolute,[]
pseudo_40_410.0_608.0_0_abs_absolute,[]
pseudo_40_410.0_608.0_1_abs_absolute,['pseudo_142_1010.0_608.0']
pseudo_40_410.0_608.0_2_abs_absolute,[]
pseudo_40_410.0_608.0_3_abs_absolute,[]
pseudo_40_410.0_608.0_4_abs_absolute,[]
pseudo_40_410.0_608.0_5_abs_absolute,['pseudo_98_710.0_1308.0']
pseudo_40_410.0_608.0_6_abs_absolute,[]
pseudo_40_410.0_608.0_7_abs_absolute,[]
pseudo_40_410.0_608.0_8_abs_absolute,[]
pseudo_41_410.0_708.0_0_abs_absolute,[]
pseudo_41_410.0_708.0_1_abs_absolute,"['pseudo_119_810.0_1708.0', 'pseudo_151_1010.0_1508.0', 'pseudo_217_1410.0_1308.0', 'pseudo_27_310.0_1008.0']"
pseudo_41_410.0_708.0_2_abs_absolute,"['pseudo_217_1410.0_1308.0', 'pseudo_281_1810.0_908.0']"
pseudo_41_410.0_708.0_3_abs_absolute,[]
pseudo_41_410.0_708.0_4_abs_absolute,[]
pseudo_41_410.0_708.0_5_abs_absolute,[]
pseudo_41_410.0_708.0_6_abs_absolute,[]
pseudo_41_410.0_708.0_7_abs_absolute,[]
pseudo_41_410.0_708.0_8_abs_absolute,['pseudo_92_710.0_708.0']
pseudo_42_410.0_808.0_0_abs_absolute,[]
pseudo_42_410.0_808.0_1_abs_absolute,[]
pseudo_42_410.0_808.0_2_abs_absolute,[]
pseudo_42_410.0_808.0_3_abs_absolute,[]
pseudo_42_410.0_808.0_4_abs_absolute,[]
pseudo_42_410.0_808.0_5_abs_absolute,[]
pseudo_42_410.0_808.0_6_abs_absolute,['pseudo_287_1810.0_1508.0']
pseudo_42_410.0_808.0_7_abs_absolute,['pseudo_47_410.0_1308.0']
pseudo_42_410.0_808.0_8_abs_absolute,['pseudo_266_1710.0_1108.0']
pseudo_43_410.0_908.0_0_abs_absolute,[]
pseudo_43_410.0_908.0_1_abs_absolute,[]
pseudo_43_410.0_908.0_2_abs_absolute,"['pseudo_127_910.0_808.0', 'pseudo_246_1610.0_808.0']"
pseudo_43_410.0_908.0_3_abs_absolute,[]
pseudo_43_410.0_908.0_4_abs_absolute,['pseudo_28_310.0_1108.0']
pseudo_43_410.0_908.0_5_abs_absolute,[]
pseudo_43_410.0_908.0_6_abs_absolute,[]
pseudo_43_410.0_908.0_7_abs_absolute,['pseudo_129_910.0_1008.0']
pseudo_43_410.0_908.0_8_abs_absolute,[]
pseudo_44_410.0_1008.0_0_abs_absolute,['pseudo_74_610.0_608.0']
pseudo_44_410.0_1008.0_1_abs_absolute,[]
pseudo_44_410.0_1008.0_2_abs_absolute,[]
pseudo_44_410.0_1008.0_3_abs_absolute,[]
pseudo_44_410.0_1008.0_4_abs_absolute,['pseudo_212_1410.0_808.0']
pseudo_44_410.0_1008.0_5_abs_absolute,[]
pseudo_44_410.0_1008.0_6_abs_absolute,[]
pseudo_44_410.0_1008.0_7_abs_absolute,['pseudo_195_1310.0_808.0']
pseudo_44_410.0_1008.0_8_abs_absolute,[]
pseudo_45_410.0_1108.0_0_abs_absolute,[]
pseudo_45_410.0_1108.0_1_abs_absolute,"['pseudo_117_810.0_1508.0', 'pseudo_119_810.0_1708.0', 'pseudo_185_1210.0_1508.0', 'pseudo_27_310.0_1008.0', 'pseudo_32_310.0_1508.0', 'pseudo_51_410.0_1708.0']"
pseudo_45_410.0_1108.0_2_abs_absolute,[]
pseudo_45_410.0_1108.0_3_abs_absolute,[]
pseudo_45_410.0_1108.0_4_abs_absolute,[]
pseudo_45_410.0_1108.0_5_abs_absolute,[]
pseudo_45_410.0_1108.0_6_abs_absolute,"['pseudo_112_810.0_1008.0', 'pseudo_182_1210.0_1208.0', 'pseudo_201_1310.0_1408.0', 'pseudo_251_1610.0_1308.0', 'pseudo_252_1610.0_1408.0', 'pseudo_255_1610.0_1708.0']"
pseudo_45_410.0_1108.0_7_abs_absolute,[]
pseudo_45_410.0_1108.0_8_abs_absolute,[]
pseudo_46_410.0_1208.0_0_abs_absolute,[]
pseudo_46_410.0_1208.0_1_abs_absolute,[]
pseudo_46_410.0_1208.0_2_abs_absolute,[]
pseudo_46_410.0_1208.0_3_abs_absolute,['pseudo_202_1310.0_1508.0']
pseudo_46_410.0_1208.0_4_abs_absolute,[]
pseudo_46_410.0_1208.0_5_abs_absolute,[]
pseudo_46_410.0_1208.0_6_abs_absolute,[]
pseudo_46_410.0_1208.0_7_abs_absolute,[]
pseudo_46_410.0_1208.0_8_abs_absolute,[]
pseudo_47_410.0_1308.0_0_abs_absolute,['pseudo_190_1310.0_308.0']
pseudo_47_410.0_1308.0_1_abs_absolute,[]
pseudo_47_410.0_1308.0_2_abs_absolute,"['pseudo_190_1310.0_308.0', 'pseudo_198_1310.0_1108.0']"
pseudo_47_410.0_1308.0_3_abs_absolute,[]
pseudo_47_410.0_1308.0_4_abs_absolute,['pseudo_186_1210.0_1608.0']
pseudo_47_410.0_1308.0_5_abs_absolute,[]
pseudo_47_410.0_1308.0_6_abs_absolute,"['pseudo_191_1310.0_408.0', 'pseudo_272_1710.0_1708.0']"
pseudo_47_410.0_1308.0_7_abs_absolute,['pseudo_234_1510.0_1308.0']
pseudo_47_410.0_1308.0_8_abs_absolute,"['pseudo_125_910.0_608.0', 'pseudo_193_1310.0_608.0', 'pseudo_224_1510.0_308.0', 'pseudo_226_1510.0_508.0', 'pseudo_228_1510.0_708.0', 'pseudo_244_1610.0_608.0', 'pseudo_249_1610.0_1108.0', 'pseudo_268_1710.0_1308.0', 'pseudo_44_410.0_1008.0', 'pseudo_55_510.0_408.0', 'pseudo_62_510.0_1108.0']"
pseudo_48_410.0_1408.0_0_abs_absolute,"['pseudo_182_1210.0_1208.0', 'pseudo_251_1610.0_1308.0', 'pseudo_43_410.0_908.0']"
pseudo_48_410.0_1408.0_1_abs_absolute,[]
pseudo_48_410.0_1408.0_2_abs_absolute,"['pseudo_110_810.0_808.0', 'pseudo_285_1810.0_1308.0']"
pseudo_48_410.0_1408.0_3_abs_absolute,"['pseudo_212_1410.0_808.0', 'pseudo_88_710.0_308.0']"
pseudo_48_410.0_1408.0_4_abs_absolute,[]
pseudo_48_410.0_1408.0_5_abs_absolute,[]
pseudo_48_410.0_1408.0_6_abs_absolute,['pseudo_267_1710.0_1208.0']
pseudo_48_410.0_1408.0_7_abs_absolute,[]
pseudo_48_410.0_1408.0_8_abs_absolute,[]
pseudo_49_410.0_1508.0_0_abs_absolute,[]
pseudo_49_410.0_1508.0_1_abs_absolute,[]
pseudo_49_410.0_1508.0_2_abs_absolute,['pseudo_106_810.0_408.0']
pseudo_49_410.0_1508.0_3_abs_absolute,['pseudo_289_1810.0_1708.0']
pseudo_49_410.0_1508.0_4_abs_absolute,[]
pseudo_49_410.0_1508.0_5_abs_absolute,[]
pseudo_49_410.0_1508.0_6_abs_absolute,['pseudo_76_610.0_808.0']
pseudo_49_410.0_1508.0_7_abs_absolute,[]
pseudo_49_410.0_1508.0_8_abs_absolute,[]
pseudo_50_410.0_1608.0_0_abs_absolute,[]
pseudo_50_410.0_1608.0_1_abs_absolute,['pseudo_124_910.0_508.0']
pseudo_50_410.0_1608.0_2_abs_absolute,[]
pseudo_50_410.0_1608.0_3_abs_absolute,[]
pseudo_50_410.0_1608.0_4_abs_absolute,[]
pseudo_50_410.0_1608.0_5_abs_absolute,[]
pseudo_50_410.0_1608.0_6_abs_absolute,['pseudo_206_1410.0_208.0']
pseudo_50_410.0_1608.0_7_abs_absolute,[]
pseudo_50_410.0_1608.0_8_abs_absolute,"['pseudo_140_1010.0_408.0', 'pseudo_257_1710.0_208.0', 'pseudo_9_210.0_908.0']"
pseudo_51_410.0_1708.0_0_abs_absolute,[]
pseudo_51_410.0_1708.0_1_abs_absolute,[]
pseudo_51_410.0_1708.0_2_abs_absolute,[]
pseudo_51_410.0_1708.0_3_abs_absolute,[]
pseudo_51_410.0_1708.0_4_abs_absolute,['pseudo_129_910.0_1008.0']
pseudo_51_410.0_1708.0_5_abs_absolute,[]
pseudo_51_410.0_1708.0_6_abs_absolute,[]
pseudo_51_410.0_1708.0_7_abs_absolute,[]
pseudo_51_410.0_1708.0_8_abs_absolute,[]
pseudo_53_510.0_208.0_0_abs_absolute,[]
pseudo_53_510.0_208.0_1_abs_absolute,[]
pseudo_53_510.0_208.0_2_abs_absolute,[]
pseudo_53_510.0_208.0_3_abs_absolute,[]
pseudo_53_510.0_208.0_4_abs_absolute,[]
pseudo_53_510.0_208.0_5_abs_absolute,"['pseudo_276_1810.0_408.0', 'pseudo_73_610.0_508.0']"
pseudo_53_510.0_208.0_6_abs_absolute,[]
pseudo_53_510.0_208.0_7_abs_absolute,[]
pseudo_53_510.0_208.0_8_abs_absolute,[]
pseudo_54_510.0_308.0_0_abs_absolute,[]
pseudo_54_510.0_308.0_1_abs_absolute,[]
pseudo_54_510.0_308.0_2_abs_absolute,[]
pseudo_54_510.0_308.0_3_abs_absolute,"['pseudo_138_1010.0_208.0', 'pseudo_243_1610.0_508.0']"
pseudo_54_510.0_308.0_4_abs_absolute,[]
pseudo_54_510.0_308.0_5_abs_absolute,['pseudo_211_1410.0_708.0']
pseudo_54_510.0_308.0_6_abs_absolute,[]
pseudo_54_510.0_308.0_7_abs_absolute,[]
pseudo_54_510.0_308.0_8_abs_absolute,[]
pseudo_55_510.0_408.0_0_abs_absolute,[]
pseudo_55_510.0_408.0_1_abs_absolute,[]
pseudo_55_510.0_408.0_2_abs_absolute,[]
pseudo_55_510.0_408.0_3_abs_absolute,[]
pseudo_55_510.0_408.0_4_abs_absolute,[]
pseudo_55_510.0_408.0_5_abs_absolute,['pseudo_187_1210.0_1708.0']
pseudo_55_510.0_408.0_6_abs_absolute,[]
pseudo_55_510.0_408.0_7_abs_absolute,[]
pseudo_55_510.0_408.0_8_abs_absolute,['pseudo_79_610.0_1108.0']
pseudo_56_510.0_508.0_0_abs_absolute,[]
pseudo_56_510.0_508.0_1_abs_absolute,[]
pseudo_56_510.0_508.0_2_abs_absolute,['pseudo_60_510.0_908.0']
pseudo_56_510.0_508.0_3_abs_absolute,['pseudo_197_1310.0_1008.0']
pseudo_56_510.0_508.0_4_abs_absolute,[]
pseudo_56_510.0_508.0_5_abs_absolute,[]
pseudo_56_510.0_508.0_6_abs_absolute,[]
pseudo_56_510.0_508.0_7_abs_absolute,[]
pseudo_56_510.0_508.0_8_abs_absolute,['pseudo_159_1110.0_608.0']
pseudo_57_510.0_608.0_0_abs_absolute,"['pseudo_111_810.0_908.0', 'pseudo_208_1410.0_408.0', 'pseudo_230_1510.0_908.0', 'pseudo_68_510.0_1708.0']"
pseudo_57_510.0_608.0_1_abs_absolute,"['pseudo_102_710.0_1708.0', 'pseudo_280_1810.0_808.0']"
pseudo_57_510.0_608.0_2_abs_absolute,[]
pseudo_57_510.0_608.0_3_abs_absolute,[]
pseudo_57_510.0_608.0_4_abs_absolute,[]
pseudo_57_510.0_608.0_5_abs_absolute,['pseudo_149_1010.0_1308.0']
pseudo_57_510.0_608.0_6_abs_absolute,[]
pseudo_57_510.0_608.0_7_abs_absolute,['pseudo_264_1710.0_908.0']
pseudo_57_510.0_608.0_8_abs_absolute,[]
pseudo_58_510.0_708.0_0_abs_absolute,[]
pseudo_58_510.0_708.0_1_abs_absolute,[]
pseudo_58_510.0_708.0_2_abs_absolute,['pseudo_282_1810.0_1008.0']
pseudo_58_510.0_708.0_3_abs_absolute,[]
pseudo_58_510.0_708.0_4_abs_absolute,[]
pseudo_58_510.0_708.0_5_abs_absolute,[]
pseudo_58_510.0_708.0_6_abs_absolute,[]
pseudo_58_510.0_708.0_7_abs_absolute,"['pseudo_212_1410.0_808.0', 'pseudo_261_1710.0_608.0', 'pseudo_56_510.0_508.0']"
pseudo_58_510.0_708.0_8_abs_absolute,['pseudo_195_1310.0_808.0']
pseudo_59_510.0_808.0_0_abs_absolute,[]
pseudo_59_510.0_808.0_1_abs_absolute,"['pseudo_148_1010.0_1208.0', 'pseudo_230_1510.0_908.0', 'pseudo_276_1810.0_408.0', 'pseudo_77_610.0_908.0']"
pseudo_59_510.0_808.0_2_abs_absolute,[]
pseudo_59_510.0_808.0_3_abs_absolute,[]
pseudo_59_510.0_808.0_4_abs_absolute,[]
pseudo_59_510.0_808.0_5_abs_absolute,"['pseudo_104_810.0_208.0', 'pseudo_87_710.0_208.0']"
pseudo_59_510.0_808.0_6_abs_absolute,[]
pseudo_59_510.0_808.0_7_abs_absolute,[]
pseudo_59_510.0_808.0_8_abs_absolute,[]
pseudo_60_510.0_908.0_0_abs_absolute,[]
pseudo_60_510.0_908.0_1_abs_absolute,"['pseudo_279_1810.0_708.0', 'pseudo_57_510.0_608.0']"
pseudo_60_510.0_908.0_2_abs_absolute,[]
pseudo_60_510.0_908.0_3_abs_absolute,['pseudo_197_1310.0_1008.0']
pseudo_60_510.0_908.0_4_abs_absolute,[]
pseudo_60_510.0_908.0_5_abs_absolute,"['pseudo_127_910.0_808.0', 'pseudo_278_1810.0_608.0']"
pseudo_60_510.0_908.0_6_abs_absolute,[]
pseudo_60_510.0_908.0_7_abs_absolute,[]
pseudo_60_510.0_908.0_8_abs_absolute,[]
pseudo_61_510.0_1008.0_0_abs_absolute,[]
pseudo_61_510.0_1008.0_1_abs_absolute,[]
pseudo_61_510.0_1008.0_2_abs_absolute,[]
pseudo_61_510.0_1008.0_3_abs_absolute,"['pseudo_191_1310.0_408.0', 'pseudo_216_1410.0_1208.0', 'pseudo_90_710.0_508.0']"
pseudo_61_510.0_1008.0_4_abs_absolute,"['pseudo_113_810.0_1108.0', 'pseudo_114_810.0_1208.0', 'pseudo_135_910.0_1608.0', 'pseudo_182_1210.0_1208.0', 'pseudo_250_1610.0_1208.0', 'pseudo_252_1610.0_1408.0', 'pseudo_255_1610.0_1708.0']"
pseudo_61_510.0_1008.0_5_abs_absolute,[]
pseudo_61_510.0_1008.0_6_abs_absolute,[]
pseudo_61_510.0_1008.0_7_abs_absolute,[]
pseudo_61_510.0_1008.0_8_abs_absolute,[]
pseudo_62_510.0_1108.0_0_abs_absolute,[]
pseudo_62_510.0_1108.0_1_abs_absolute,[]
pseudo_62_510.0_1108.0_2_abs_absolute,[]
pseudo_62_510.0_1108.0_3_abs_absolute,[]
pseudo_62_510.0_1108.0_4_abs_absolute,[]
pseudo_62_510.0_1108.0_5_abs_absolute,"['pseudo_151_1010.0_1508.0', 'pseudo_217_1410.0_1308.0', 'pseudo_281_1810.0_908.0', 'pseudo_64_510.0_1308.0']"
pseudo_62_510.0_1108.0_6_abs_absolute,[]
pseudo_62_510.0_1108.0_7_abs_absolute,[]
pseudo_62_510.0_1108.0_8_abs_absolute,[]
pseudo_63_510.0_1208.0_0_abs_absolute,['pseudo_213_1410.0_908.0']
pseudo_63_510.0_1208.0_1_abs_absolute,['pseudo_209_1410.0_508.0']
pseudo_63_510.0_1208.0_2_abs_absolute,[]
pseudo_63_510.0_1208.0_3_abs_absolute,[]
pseudo_63_510.0_1208.0_4_abs_absolute,[]
pseudo_63_510.0_1208.0_5_abs_absolute,[]
pseudo_63_510.0_1208.0_6_abs_absolute,[]
pseudo_63_510.0_1208.0_7_abs_absolute,[]
pseudo_63_510.0_1208.0_8_abs_absolute,['pseudo_262_1710.0_708.0']
pseudo_64_510.0_1308.0_0_abs_absolute,"['pseudo_123_910.0_408.0', 'pseudo_131_910.0_1208.0', 'pseudo_97_710.0_1208.0']"
pseudo_64_510.0_1308.0_1_abs_absolute,[]
pseudo_64_510.0_1308.0_2_abs_absolute,[]
pseudo_64_510.0_1308.0_3_abs_absolute,['pseudo_28_310.0_1108.0']
pseudo_64_510.0_1308.0_4_abs_absolute,[]
pseudo_64_510.0_1308.0_5_abs_absolute,"['pseudo_257_1710.0_208.0', 'pseudo_58_510.0_708.0', 'pseudo_68_510.0_1708.0']"
pseudo_64_510.0_1308.0_6_abs_absolute,[]
pseudo_64_510.0_1308.0_7_abs_absolute,[]
pseudo_64_510.0_1308.0_8_abs_absolute,[]
pseudo_65_510.0_1408.0_0_abs_absolute,"['pseudo_127_910.0_808.0', 'pseudo_56_510.0_508.0']"
pseudo_65_510.0_1408.0_1_abs_absolute,[]
pseudo_65_510.0_1408.0_2_abs_absolute,['pseudo_197_1310.0_1008.0']
pseudo_65_510.0_1408.0_3_abs_absolute,"['pseudo_113_810.0_1108.0', 'pseudo_135_910.0_1608.0', 'pseudo_184_1210.0_1408.0', 'pseudo_82_610.0_1408.0']"
pseudo_65_510.0_1408.0_4_abs_absolute,['pseudo_248_1610.0_1008.0']
pseudo_65_510.0_1408.0_5_abs_absolute,[]
pseudo_65_510.0_1408.0_6_abs_absolute,[]
pseudo_65_510.0_1408.0_7_abs_absolute,[]
pseudo_65_510.0_1408.0_8_abs_absolute,[]
pseudo_66_510.0_1508.0_0_abs_absolute,['pseudo_235_1510.0_1408.0']
pseudo_66_510.0_1508.0_1_abs_absolute,[]
pseudo_66_510.0_1508.0_2_abs_absolute,['pseudo_213_1410.0_908.0']
pseudo_66_510.0_1508.0_3_abs_absolute,[]
pseudo_66_510.0_1508.0_4_abs_absolute,[]
pseudo_66_510.0_1508.0_5_abs_absolute,[]
pseudo_66_510.0_1508.0_6_abs_absolute,"['pseudo_129_910.0_1008.0', 'pseudo_226_1510.0_508.0', 'pseudo_248_1610.0_1008.0', 'pseudo_268_1710.0_1308.0', 'pseudo_272_1710.0_1708.0', 'pseudo_42_410.0_808.0']"
pseudo_66_510.0_1508.0_7_abs_absolute,"['pseudo_111_810.0_908.0', 'pseudo_118_810.0_1608.0', 'pseudo_134_910.0_1508.0', 'pseudo_148_1010.0_1208.0', 'pseudo_163_1110.0_1008.0', 'pseudo_173_1210.0_308.0', 'pseudo_183_1210.0_1308.0', 'pseudo_192_1310.0_508.0', 'pseudo_21_310.0_408.0', 'pseudo_226_1510.0_508.0', 'pseudo_258_1710.0_308.0', 'pseudo_25_310.0_808.0', 'pseudo_276_1810.0_408.0', 'pseudo_286_1810.0_1408.0', 'pseudo_62_510.0_1108.0', 'pseudo_6_210.0_608.0', 'pseudo_94_710.0_908.0']"
pseudo_66_510.0_1508.0_8_abs_absolute,[]
pseudo_67_510.0_1608.0_0_abs_absolute,"['pseudo_127_910.0_808.0', 'pseudo_54_510.0_308.0']"
pseudo_67_510.0_1608.0_1_abs_absolute,"['pseudo_146_1010.0_1008.0', 'pseudo_59_510.0_808.0']"
pseudo_67_510.0_1608.0_2_abs_absolute,"['pseudo_190_1310.0_308.0', 'pseudo_238_1510.0_1708.0']"
pseudo_67_510.0_1608.0_3_abs_absolute,['pseudo_187_1210.0_1708.0']
pseudo_67_510.0_1608.0_4_abs_absolute,[]
pseudo_67_510.0_1608.0_5_abs_absolute,"['pseudo_107_810.0_508.0', 'pseudo_111_810.0_908.0', 'pseudo_125_910.0_608.0', 'pseudo_161_1110.0_808.0', 'pseudo_163_1110.0_1008.0', 'pseudo_183_1210.0_1308.0', 'pseudo_192_1310.0_508.0', 'pseudo_193_1310.0_608.0', 'pseudo_214_1410.0_1008.0', 'pseudo_225_1510.0_408.0', 'pseudo_226_1510.0_508.0', 'pseudo_230_1510.0_908.0', 'pseudo_231_1510.0_1008.0', 'pseudo_241_1610.0_308.0', 'pseudo_244_1610.0_608.0', 'pseudo_245_1610.0_708.0', 'pseudo_25_310.0_808.0', 'pseudo_272_1710.0_1708.0', 'pseudo_284_1810.0_1208.0', 'pseudo_58_510.0_708.0', 'pseudo_62_510.0_1108.0', 'pseudo_78_610.0_1008.0']"
pseudo_67_510.0_1608.0_6_abs_absolute,[]
pseudo_67_510.0_1608.0_7_abs_absolute,[]
pseudo_67_510.0_1608.0_8_abs_absolute,[]
pseudo_68_510.0_1708.0_0_abs_absolute,['pseudo_101_710.0_1608.0']
pseudo_68_510.0_1708.0_1_abs_absolute,[]
pseudo_68_510.0_1708.0_2_abs_absolute,[]
pseudo_68_510.0_1708.0_3_abs_absolute,"['pseudo_102_710.0_1708.0', 'pseudo_233_1510.0_1208.0']"
pseudo_68_510.0_1708.0_4_abs_absolute,[]
pseudo_68_510.0_1708.0_5_abs_absolute,[]
pseudo_68_510.0_1708.0_6_abs_absolute,[]
pseudo_68_510.0_1708.0_7_abs_absolute,"['pseudo_100_710.0_1508.0', 'pseudo_150_1010.0_1408.0', 'pseudo_167_1110.0_1408.0', 'pseudo_202_1310.0_1508.0', 'pseudo_67_510.0_1608.0', 'pseudo_83_610.0_1508.0', 'pseudo_84_610.0_1608.0']"
pseudo_68_510.0_1708.0_8_abs_absolute,[]
pseudo_69_610.0_108.0_0_abs_absolute,[]
pseudo_69_610.0_108.0_1_abs_absolute,['pseudo_258_1710.0_308.0']
pseudo_69_610.0_108.0_2_abs_absolute,[]
pseudo_69_610.0_108.0_3_abs_absolute,[]
pseudo_69_610.0_108.0_4_abs_absolute,['pseudo_263_1710.0_808.0']
pseudo_69_610.0_108.0_5_abs_absolute,[]
pseudo_69_610.0_108.0_6_abs_absolute,[]
pseudo_69_610.0_108.0_7_abs_absolute,[]
pseudo_69_610.0_108.0_8_abs_absolute,[]
pseudo_70_610.0_208.0_0_abs_absolute,[]
pseudo_70_610.0_208.0_1_abs_absolute,[]
pseudo_70_610.0_208.0_2_abs_absolute,[]
pseudo_70_610.0_208.0_3_abs_absolute,[]
pseudo_70_610.0_208.0_4_abs_absolute,[]
pseudo_70_610.0_208.0_5_abs_absolute,[]
pseudo_70_610.0_208.0_6_abs_absolute,['pseudo_177_1210.0_708.0']
pseudo_70_610.0_208.0_7_abs_absolute,[]
pseudo_70_610.0_208.0_8_abs_absolute,[]
pseudo_71_610.0_308.0_0_abs_absolute,[]
pseudo_71_610.0_308.0_1_abs_absolute,"['pseudo_177_1210.0_708.0', 'pseudo_33_310.0_1608.0', 'pseudo_47_410.0_1308.0']"
pseudo_71_610.0_308.0_2_abs_absolute,['pseudo_255_1610.0_1708.0']
pseudo_71_610.0_308.0_3_abs_absolute,[]
pseudo_71_610.0_308.0_4_abs_absolute,[]
pseudo_71_610.0_308.0_5_abs_absolute,[]
pseudo_71_610.0_308.0_6_abs_absolute,[]
pseudo_71_610.0_308.0_7_abs_absolute,[]
pseudo_71_610.0_308.0_8_abs_absolute,"['pseudo_193_1310.0_608.0', 'pseudo_78_610.0_1008.0', 'pseudo_90_710.0_508.0']"
pseudo_72_610.0_408.0_0_abs_absolute,[]
pseudo_72_610.0_408.0_1_abs_absolute,[]
pseudo_72_610.0_408.0_2_abs_absolute,[]
pseudo_72_610.0_408.0_3_abs_absolute,[]
pseudo_72_610.0_408.0_4_abs_absolute,[]
pseudo_72_610.0_408.0_5_abs_absolute,[]
pseudo_72_610.0_408.0_6_abs_absolute,['pseudo_178_1210.0_808.0']
pseudo_72_610.0_408.0_7_abs_absolute,"['pseudo_139_1010.0_308.0', 'pseudo_145_1010.0_908.0', 'pseudo_227_1510.0_608.0', 'pseudo_233_1510.0_1208.0', 'pseudo_39_410.0_508.0', 'pseudo_53_510.0_208.0', 'pseudo_70_610.0_208.0']"
pseudo_72_610.0_408.0_8_abs_absolute,[]
pseudo_73_610.0_508.0_0_abs_absolute,['pseudo_262_1710.0_708.0']
pseudo_73_610.0_508.0_1_abs_absolute,[]
pseudo_73_610.0_508.0_2_abs_absolute,['pseudo_44_410.0_1008.0']
pseudo_73_610.0_508.0_3_abs_absolute,[]
pseudo_73_610.0_508.0_4_abs_absolute,[]
pseudo_73_610.0_508.0_5_abs_absolute,[]
pseudo_73_610.0_508.0_6_abs_absolute,[]
pseudo_73_610.0_508.0_7_abs_absolute,[]
pseudo_73_610.0_508.0_8_abs_absolute,[]
pseudo_74_610.0_608.0_0_abs_absolute,"['pseudo_128_910.0_908.0', 'pseudo_158_1110.0_508.0', 'pseudo_191_1310.0_408.0', 'pseudo_210_1410.0_608.0', 'pseudo_227_1510.0_608.0']"
pseudo_74_610.0_608.0_1_abs_absolute,['pseudo_211_1410.0_708.0']
pseudo_74_610.0_608.0_2_abs_absolute,[]
pseudo_74_610.0_608.0_3_abs_absolute,[]
pseudo_74_610.0_608.0_4_abs_absolute,[]
pseudo_74_610.0_608.0_5_abs_absolute,[]
pseudo_74_610.0_608.0_6_abs_absolute,['pseudo_229_1510.0_808.0']
pseudo_74_610.0_608.0_7_abs_absolute,[]
pseudo_74_610.0_608.0_8_abs_absolute,[]
pseudo_75_610.0_708.0_0_abs_absolute,[]
pseudo_75_610.0_708.0_1_abs_absolute,['pseudo_40_410.0_608.0']
pseudo_75_610.0_708.0_2_abs_absolute,[]
pseudo_75_610.0_708.0_3_abs_absolute,[]
pseudo_75_610.0_708.0_4_abs_absolute,['pseudo_263_1710.0_808.0']
pseudo_75_610.0_708.0_5_abs_absolute,[]
pseudo_75_610.0_708.0_6_abs_absolute,"['pseudo_64_510.0_1308.0', 'pseudo_99_710.0_1408.0']"
pseudo_75_610.0_708.0_7_abs_absolute,[]
pseudo_75_610.0_708.0_8_abs_absolute,[]
pseudo_76_610.0_808.0_0_abs_absolute,['pseudo_9_210.0_908.0']
pseudo_76_610.0_808.0_1_abs_absolute,[]
pseudo_76_610.0_808.0_2_abs_absolute,[]
pseudo_76_610.0_808.0_3_abs_absolute,[]
pseudo_76_610.0_808.0_4_abs_absolute,[]
pseudo_76_610.0_808.0_5_abs_absolute,['pseudo_186_1210.0_1608.0']
pseudo_76_610.0_808.0_6_abs_absolute,['pseudo_264_1710.0_908.0']
pseudo_76_610.0_808.0_7_abs_absolute,[]
pseudo_76_610.0_808.0_8_abs_absolute,[]
pseudo_77_610.0_908.0_0_abs_absolute,[]
pseudo_77_610.0_908.0_1_abs_absolute,[]
pseudo_77_610.0_908.0_2_abs_absolute,['pseudo_123_910.0_408.0']
pseudo_77_610.0_908.0_3_abs_absolute,['pseudo_27_310.0_1008.0']
pseudo_77_610.0_908.0_4_abs_absolute,['pseudo_243_1610.0_508.0']
pseudo_77_610.0_908.0_5_abs_absolute,[]
pseudo_77_610.0_908.0_6_abs_absolute,[]
pseudo_77_610.0_908.0_7_abs_absolute,[]
pseudo_77_610.0_908.0_8_abs_absolute,"['pseudo_253_1610.0_1508.0', 'pseudo_270_1710.0_1508.0', 'pseudo_31_310.0_1408.0', 'pseudo_50_410.0_1608.0']"
pseudo_78_610.0_1008.0_0_abs_absolute,"['pseudo_105_810.0_308.0', 'pseudo_225_1510.0_408.0', 'pseudo_277_1810.0_508.0', 'pseudo_58_510.0_708.0']"
pseudo_78_610.0_1008.0_1_abs_absolute,[]
pseudo_78_610.0_1008.0_2_abs_absolute,"['pseudo_159_1110.0_608.0', 'pseudo_247_1610.0_908.0']"
pseudo_78_610.0_1008.0_3_abs_absolute,[]
pseudo_78_610.0_1008.0_4_abs_absolute,[]
pseudo_78_610.0_1008.0_5_abs_absolute,[]
pseudo_78_610.0_1008.0_6_abs_absolute,[]
pseudo_78_610.0_1008.0_7_abs_absolute,[]
pseudo_78_610.0_1008.0_8_abs_absolute,"['pseudo_167_1110.0_1408.0', 'pseudo_202_1310.0_1508.0', 'pseudo_236_1510.0_1508.0', 'pseudo_288_1810.0_1608.0', 'pseudo_31_310.0_1408.0', 'pseudo_67_510.0_1608.0', 'pseudo_83_610.0_1508.0', 'pseudo_84_610.0_1608.0', 'pseudo_99_710.0_1408.0']"
pseudo_79_610.0_1108.0_0_abs_absolute,[]
pseudo_79_610.0_1108.0_1_abs_absolute,[]
pseudo_79_610.0_1108.0_2_abs_absolute,[]
pseudo_79_610.0_1108.0_3_abs_absolute,[]
pseudo_79_610.0_1108.0_4_abs_absolute,['pseudo_23_310.0_608.0']
pseudo_79_610.0_1108.0_5_abs_absolute,[]
pseudo_79_610.0_1108.0_6_abs_absolute,[]
pseudo_79_610.0_1108.0_7_abs_absolute,"['pseudo_47_410.0_1308.0', 'pseudo_87_710.0_208.0']"
pseudo_79_610.0_1108.0_8_abs_absolute,"['pseudo_143_1010.0_708.0', 'pseudo_20_310.0_308.0', 'pseudo_9_210.0_908.0']"
pseudo_80_610.0_1208.0_0_abs_absolute,"['pseudo_107_810.0_508.0', 'pseudo_118_810.0_1608.0', 'pseudo_125_910.0_608.0', 'pseudo_132_910.0_1308.0', 'pseudo_140_1010.0_408.0', 'pseudo_142_1010.0_608.0', 'pseudo_148_1010.0_1208.0', 'pseudo_166_1110.0_1308.0', 'pseudo_173_1210.0_308.0', 'pseudo_183_1210.0_1308.0', 'pseudo_192_1310.0_508.0', 'pseudo_20_310.0_308.0', 'pseudo_214_1410.0_1008.0', 'pseudo_21_310.0_408.0', 'pseudo_226_1510.0_508.0', 'pseudo_25_310.0_808.0', 'pseudo_286_1810.0_1408.0', 'pseudo_6_210.0_608.0']"
pseudo_80_610.0_1208.0_1_abs_absolute,[]
pseudo_80_610.0_1208.0_2_abs_absolute,[]
pseudo_80_610.0_1208.0_3_abs_absolute,[]
pseudo_80_610.0_1208.0_4_abs_absolute,[]
pseudo_80_610.0_1208.0_5_abs_absolute,[]
pseudo_80_610.0_1208.0_6_abs_absolute,[]
pseudo_80_610.0_1208.0_7_abs_absolute,['pseudo_198_1310.0_1108.0']
pseudo_80_610.0_1208.0_8_abs_absolute,[]
pseudo_81_610.0_1308.0_0_abs_absolute,[]
pseudo_81_610.0_1308.0_1_abs_absolute,"['pseudo_110_810.0_808.0', 'pseudo_136_910.0_1708.0', 'pseudo_147_1010.0_1108.0']"
pseudo_81_610.0_1308.0_2_abs_absolute,[]
pseudo_81_610.0_1308.0_3_abs_absolute,[]
pseudo_81_610.0_1308.0_4_abs_absolute,[]
pseudo_81_610.0_1308.0_5_abs_absolute,['pseudo_63_510.0_1208.0']
pseudo_81_610.0_1308.0_6_abs_absolute,['pseudo_211_1410.0_708.0']
pseudo_81_610.0_1308.0_7_abs_absolute,[]
pseudo_81_610.0_1308.0_8_abs_absolute,['pseudo_175_1210.0_508.0']
pseudo_82_610.0_1408.0_0_abs_absolute,[]
pseudo_82_610.0_1408.0_1_abs_absolute,['pseudo_76_610.0_808.0']
pseudo_82_610.0_1408.0_2_abs_absolute,[]
pseudo_82_610.0_1408.0_3_abs_absolute,['pseudo_72_610.0_408.0']
pseudo_82_610.0_1408.0_4_abs_absolute,[]
pseudo_82_610.0_1408.0_5_abs_absolute,[]
pseudo_82_610.0_1408.0_6_abs_absolute,['pseudo_251_1610.0_1308.0']
pseudo_82_610.0_1408.0_7_abs_absolute,[]
pseudo_82_610.0_1408.0_8_abs_absolute,['pseudo_57_510.0_608.0']
pseudo_83_610.0_1508.0_0_abs_absolute,[]
pseudo_83_610.0_1508.0_1_abs_absolute,[]
pseudo_83_610.0_1508.0_2_abs_absolute,[]
pseudo_83_610.0_1508.0_3_abs_absolute,[]
pseudo_83_610.0_1508.0_4_abs_absolute,"['pseudo_113_810.0_1108.0', 'pseudo_41_410.0_708.0', 'pseudo_60_510.0_908.0']"
pseudo_83_610.0_1508.0_5_abs_absolute,[]
pseudo_83_610.0_1508.0_6_abs_absolute,[]
pseudo_83_610.0_1508.0_7_abs_absolute,[]
pseudo_83_610.0_1508.0_8_abs_absolute,[]
pseudo_84_610.0_1608.0_0_abs_absolute,[]
pseudo_84_610.0_1608.0_1_abs_absolute,['pseudo_259_1710.0_408.0']
pseudo_84_610.0_1608.0_2_abs_absolute,"['pseudo_125_910.0_608.0', 'pseudo_161_1110.0_808.0', 'pseudo_162_1110.0_908.0', 'pseudo_169_1110.0_1608.0', 'pseudo_225_1510.0_408.0', 'pseudo_231_1510.0_1008.0']"
pseudo_84_610.0_1608.0_3_abs_absolute,['pseudo_23_310.0_608.0']
pseudo_84_610.0_1608.0_4_abs_absolute,[]
pseudo_84_610.0_1608.0_5_abs_absolute,[]
pseudo_84_610.0_1608.0_6_abs_absolute,[]
pseudo_84_610.0_1608.0_7_abs_absolute,['pseudo_209_1410.0_508.0']
pseudo_84_610.0_1608.0_8_abs_absolute,"['pseudo_181_1210.0_1108.0', 'pseudo_215_1410.0_1108.0']"
pseudo_87_710.0_208.0_0_abs_absolute,[]
pseudo_87_710.0_208.0_1_abs_absolute,[]
pseudo_87_710.0_208.0_2_abs_absolute,[]
pseudo_87_710.0_208.0_3_abs_absolute,['pseudo_206_1410.0_208.0']
pseudo_87_710.0_208.0_4_abs_absolute,['pseudo_26_310.0_908.0']
pseudo_87_710.0_208.0_5_abs_absolute,[]
pseudo_87_710.0_208.0_6_abs_absolute,[]
pseudo_87_710.0_208.0_7_abs_absolute,[]
pseudo_87_710.0_208.0_8_abs_absolute,['pseudo_56_510.0_508.0']
pseudo_88_710.0_308.0_0_abs_absolute,"['pseudo_145_1010.0_908.0', 'pseudo_152_1010.0_1608.0', 'pseudo_260_1710.0_508.0', 'pseudo_98_710.0_1308.0']"
pseudo_88_710.0_308.0_1_abs_absolute,[]
pseudo_88_710.0_308.0_2_abs_absolute,['pseudo_94_710.0_908.0']
pseudo_88_710.0_308.0_3_abs_absolute,[]
pseudo_88_710.0_308.0_4_abs_absolute,[]
pseudo_88_710.0_308.0_5_abs_absolute,[]
pseudo_88_710.0_308.0_6_abs_absolute,['pseudo_50_410.0_1608.0']
pseudo_88_710.0_308.0_7_abs_absolute,[]
pseudo_88_710.0_308.0_8_abs_absolute,[]
pseudo_89_710.0_408.0_0_abs_absolute,[]
pseudo_89_710.0_408.0_1_abs_absolute,[]
pseudo_89_710.0_408.0_2_abs_absolute,"['pseudo_219_1410.0_1508.0', 'pseudo_230_1510.0_908.0']"
pseudo_89_710.0_408.0_3_abs_absolute,[]
pseudo_89_710.0_408.0_4_abs_absolute,[]
pseudo_89_710.0_408.0_5_abs_absolute,[]
pseudo_89_710.0_408.0_6_abs_absolute,[]
pseudo_89_710.0_408.0_7_abs_absolute,[]
pseudo_89_710.0_408.0_8_abs_absolute,"['pseudo_130_910.0_1108.0', 'pseudo_169_1110.0_1608.0', 'pseudo_30_310.0_1308.0', 'pseudo_78_610.0_1008.0']"
pseudo_90_710.0_508.0_0_abs_absolute,[]
pseudo_90_710.0_508.0_1_abs_absolute,[]
pseudo_90_710.0_508.0_2_abs_absolute,[]
pseudo_90_710.0_508.0_3_abs_absolute,[]
pseudo_90_710.0_508.0_4_abs_absolute,[]
pseudo_90_710.0_508.0_5_abs_absolute,[]
pseudo_90_710.0_508.0_6_abs_absolute,['pseudo_199_1310.0_1208.0']
pseudo_90_710.0_508.0_7_abs_absolute,[]
pseudo_90_710.0_508.0_8_abs_absolute,[]
pseudo_91_710.0_608.0_0_abs_absolute,[]
pseudo_91_710.0_608.0_1_abs_absolute,[]
pseudo_91_710.0_608.0_2_abs_absolute,[]
pseudo_91_710.0_608.0_3_abs_absolute,[]
pseudo_91_710.0_608.0_4_abs_absolute,[]
pseudo_91_710.0_608.0_5_abs_absolute,[]
pseudo_91_710.0_608.0_6_abs_absolute,"['pseudo_32_310.0_1508.0', 'pseudo_96_710.0_1108.0']"
pseudo_91_710.0_608.0_7_abs_absolute,[]
pseudo_91_710.0_608.0_8_abs_absolute,['pseudo_89_710.0_408.0']
pseudo_92_710.0_708.0_0_abs_absolute,[]
pseudo_92_710.0_708.0_1_abs_absolute,[]
pseudo_92_710.0_708.0_2_abs_absolute,"['pseudo_145_1010.0_908.0', 'pseudo_174_1210.0_408.0', 'pseudo_175_1210.0_508.0', 'pseudo_179_1210.0_908.0', 'pseudo_207_1410.0_308.0', 'pseudo_233_1510.0_1208.0', 'pseudo_254_1610.0_1608.0', 'pseudo_265_1710.0_1008.0', 'pseudo_280_1810.0_808.0', 'pseudo_283_1810.0_1108.0']"
pseudo_92_710.0_708.0_3_abs_absolute,[]
pseudo_92_710.0_708.0_4_abs_absolute,[]
pseudo_92_710.0_708.0_5_abs_absolute,[]
pseudo_92_710.0_708.0_6_abs_absolute,[]
pseudo_92_710.0_708.0_7_abs_absolute,[]
pseudo_92_710.0_708.0_8_abs_absolute,[]
pseudo_93_710.0_808.0_0_abs_absolute,['pseudo_106_810.0_408.0']
pseudo_93_710.0_808.0_1_abs_absolute,[]
pseudo_93_710.0_808.0_2_abs_absolute,[]
pseudo_93_710.0_808.0_3_abs_absolute,"['pseudo_108_810.0_608.0', 'pseudo_90_710.0_508.0']"
pseudo_93_710.0_808.0_4_abs_absolute,[]
pseudo_93_710.0_808.0_5_abs_absolute,['pseudo_136_910.0_1708.0']
pseudo_93_710.0_808.0_6_abs_absolute,[]
pseudo_93_710.0_808.0_7_abs_absolute,[]
pseudo_93_710.0_808.0_8_abs_absolute,['pseudo_211_1410.0_708.0']
pseudo_94_710.0_908.0_0_abs_absolute,[]
pseudo_94_710.0_908.0_1_abs_absolute,[]
pseudo_94_710.0_908.0_2_abs_absolute,[]
pseudo_94_710.0_908.0_3_abs_absolute,[]
pseudo_94_710.0_908.0_4_abs_absolute,['pseudo_264_1710.0_908.0']
pseudo_94_710.0_908.0_5_abs_absolute,[]
pseudo_94_710.0_908.0_6_abs_absolute,[]
pseudo_94_710.0_908.0_7_abs_absolute,[]
pseudo_94_710.0_908.0_8_abs_absolute,['pseudo_57_510.0_608.0']
pseudo_95_710.0_1008.0_0_abs_absolute,[]
pseudo_95_710.0_1008.0_1_abs_absolute,[]
pseudo_95_710.0_1008.0_2_abs_absolute,[]
pseudo_95_710.0_1008.0_3_abs_absolute,"['pseudo_100_710.0_1508.0', 'pseudo_150_1010.0_1408.0']"
pseudo_95_710.0_1008.0_4_abs_absolute,[]
pseudo_95_710.0_1008.0_5_abs_absolute,[]
pseudo_95_710.0_1008.0_6_abs_absolute,[]
pseudo_95_710.0_1008.0_7_abs_absolute,[]
pseudo_95_710.0_1008.0_8_abs_absolute,[]
pseudo_96_710.0_1108.0_0_abs_absolute,['pseudo_266_1710.0_1108.0']
pseudo_96_710.0_1108.0_1_abs_absolute,[]
pseudo_96_710.0_1108.0_2_abs_absolute,[]
pseudo_96_710.0_1108.0_3_abs_absolute,[]
pseudo_96_710.0_1108.0_4_abs_absolute,[]
pseudo_96_710.0_1108.0_5_abs_absolute,[]
pseudo_96_710.0_1108.0_6_abs_absolute,[]
pseudo_96_710.0_1108.0_7_abs_absolute,[]
pseudo_96_710.0_1108.0_8_abs_absolute,['pseudo_71_610.0_308.0']
pseudo_97_710.0_1208.0_0_abs_absolute,[]
pseudo_97_710.0_1208.0_1_abs_absolute,['pseudo_249_1610.0_1108.0']
pseudo_97_710.0_1208.0_2_abs_absolute,"['pseudo_122_910.0_308.0', 'pseudo_285_1810.0_1308.0', 'pseudo_60_510.0_908.0']"
pseudo_97_710.0_1208.0_3_abs_absolute,[]
pseudo_97_710.0_1208.0_4_abs_absolute,['pseudo_146_1010.0_1008.0']
pseudo_97_710.0_1208.0_5_abs_absolute,[]
pseudo_97_710.0_1208.0_6_abs_absolute,[]
pseudo_97_710.0_1208.0_7_abs_absolute,[]
pseudo_97_710.0_1208.0_8_abs_absolute,[]
pseudo_98_710.0_1308.0_0_abs_absolute,[]
pseudo_98_710.0_1308.0_1_abs_absolute,[]
pseudo_98_710.0_1308.0_2_abs_absolute,['pseudo_94_710.0_908.0']
pseudo_98_710.0_1308.0_3_abs_absolute,[]
pseudo_98_710.0_1308.0_4_abs_absolute,[]
pseudo_98_710.0_1308.0_5_abs_absolute,[]
pseudo_98_710.0_1308.0_6_abs_absolute,[]
pseudo_98_710.0_1308.0_7_abs_absolute,[]
pseudo_98_710.0_1308.0_8_abs_absolute,[]
pseudo_99_710.0_1408.0_0_abs_absolute,[]
pseudo_99_710.0_1408.0_1_abs_absolute,[]
pseudo_99_710.0_1408.0_2_abs_absolute,[]
pseudo_99_710.0_1408.0_3_abs_absolute,[]
pseudo_99_710.0_1408.0_4_abs_absolute,['pseudo_260_1710.0_508.0']
pseudo_99_710.0_1408.0_5_abs_absolute,[]
pseudo_99_710.0_1408.0_6_abs_absolute,[]
pseudo_99_710.0_1408.0_7_abs_absolute,[]
pseudo_99_710.0_1408.0_8_abs_absolute,['pseudo_93_710.0_808.0']
pseudo_100_710.0_1508.0_0_abs_absolute,[]
pseudo_100_710.0_1508.0_1_abs_absolute,"['pseudo_107_810.0_508.0', 'pseudo_257_1710.0_208.0']"
pseudo_100_710.0_1508.0_2_abs_absolute,['pseudo_263_1710.0_808.0']
pseudo_100_710.0_1508.0_3_abs_absolute,[]
pseudo_100_710.0_1508.0_4_abs_absolute,[]
pseudo_100_710.0_1508.0_5_abs_absolute,['pseudo_264_1710.0_908.0']
pseudo_100_710.0_1508.0_6_abs_absolute,['pseudo_153_1010.0_1708.0']
pseudo_100_710.0_1508.0_7_abs_absolute,[]
pseudo_100_710.0_1508.0_8_abs_absolute,[]
pseudo_101_710.0_1608.0_0_abs_absolute,[]
pseudo_101_710.0_1608.0_1_abs_absolute,[]
pseudo_101_710.0_1608.0_2_abs_absolute,[]
pseudo_101_710.0_1608.0_3_abs_absolute,[]
pseudo_101_710.0_1608.0_4_abs_absolute,[]
pseudo_101_710.0_1608.0_5_abs_absolute,['pseudo_187_1210.0_1708.0']
pseudo_101_710.0_1608.0_6_abs_absolute,['pseudo_237_1510.0_1608.0']
pseudo_101_710.0_1608.0_7_abs_absolute,[]
pseudo_101_710.0_1608.0_8_abs_absolute,[]
pseudo_102_710.0_1708.0_0_abs_absolute,[]
pseudo_102_710.0_1708.0_1_abs_absolute,[]
pseudo_102_710.0_1708.0_2_abs_absolute,[]
pseudo_102_710.0_1708.0_3_abs_absolute,['pseudo_184_1210.0_1408.0']
pseudo_102_710.0_1708.0_4_abs_absolute,[]
pseudo_102_710.0_1708.0_5_abs_absolute,[]
pseudo_102_710.0_1708.0_6_abs_absolute,[]
pseudo_102_710.0_1708.0_7_abs_absolute,[]
pseudo_102_710.0_1708.0_8_abs_absolute,[]
pseudo_104_810.0_208.0_0_abs_absolute,[]
pseudo_104_810.0_208.0_1_abs_absolute,['pseudo_195_1310.0_808.0']
pseudo_104_810.0_208.0_2_abs_absolute,[]
pseudo_104_810.0_208.0_3_abs_absolute,[]
pseudo_104_810.0_208.0_4_abs_absolute,[]
pseudo_104_810.0_208.0_5_abs_absolute,[]
pseudo_104_810.0_208.0_6_abs_absolute,['pseudo_95_710.0_1008.0']
pseudo_104_810.0_208.0_7_abs_absolute,[]
pseudo_104_810.0_208.0_8_abs_absolute,['pseudo_288_1810.0_1608.0']
pseudo_105_810.0_308.0_0_abs_absolute,[]
pseudo_105_810.0_308.0_1_abs_absolute,"['pseudo_116_810.0_1408.0', 'pseudo_253_1610.0_1508.0', 'pseudo_270_1710.0_1508.0']"
pseudo_105_810.0_308.0_2_abs_absolute,['pseudo_81_610.0_1308.0']
pseudo_105_810.0_308.0_3_abs_absolute,['pseudo_127_910.0_808.0']
pseudo_105_810.0_308.0_4_abs_absolute,"['pseudo_140_1010.0_408.0', 'pseudo_225_1510.0_408.0']"
pseudo_105_810.0_308.0_5_abs_absolute,[]
pseudo_105_810.0_308.0_6_abs_absolute,[]
pseudo_105_810.0_308.0_7_abs_absolute,[]
pseudo_105_810.0_308.0_8_abs_absolute,[]
pseudo_106_810.0_408.0_0_abs_absolute,[]
pseudo_106_810.0_408.0_1_abs_absolute,[]
pseudo_106_810.0_408.0_2_abs_absolute,[]
pseudo_106_810.0_408.0_3_abs_absolute,[]
pseudo_106_810.0_408.0_4_abs_absolute,[]
pseudo_106_810.0_408.0_5_abs_absolute,[]
pseudo_106_810.0_408.0_6_abs_absolute,[]
pseudo_106_810.0_408.0_7_abs_absolute,[]
pseudo_106_810.0_408.0_8_abs_absolute,[]
pseudo_107_810.0_508.0_0_abs_absolute,[]
pseudo_107_810.0_508.0_1_abs_absolute,"['pseudo_150_1010.0_1408.0', 'pseudo_167_1110.0_1408.0', 'pseudo_202_1310.0_1508.0', 'pseudo_236_1510.0_1508.0', 'pseudo_288_1810.0_1608.0', 'pseudo_67_510.0_1608.0', 'pseudo_83_610.0_1508.0']"
pseudo_107_810.0_508.0_2_abs_absolute,[]
pseudo_107_810.0_508.0_3_abs_absolute,[]
pseudo_107_810.0_508.0_4_abs_absolute,[]
pseudo_107_810.0_508.0_5_abs_absolute,[]
pseudo_107_810.0_508.0_6_abs_absolute,"['pseudo_100_710.0_1508.0', 'pseudo_150_1010.0_1408.0', 'pseudo_167_1110.0_1408.0', 'pseudo_253_1610.0_1508.0', 'pseudo_83_610.0_1508.0', 'pseudo_84_610.0_1608.0']"
pseudo_107_810.0_508.0_7_abs_absolute,[]
pseudo_107_810.0_508.0_8_abs_absolute,[]
pseudo_108_810.0_608.0_0_abs_absolute,[]
pseudo_108_810.0_608.0_1_abs_absolute,['pseudo_108_810.0_608.0']
pseudo_108_810.0_608.0_2_abs_absolute,[]
pseudo_108_810.0_608.0_3_abs_absolute,[]
pseudo_108_810.0_608.0_4_abs_absolute,[]
pseudo_108_810.0_608.0_5_abs_absolute,['pseudo_165_1110.0_1208.0']
pseudo_108_810.0_608.0_6_abs_absolute,['pseudo_265_1710.0_1008.0']
pseudo_108_810.0_608.0_7_abs_absolute,[]
pseudo_108_810.0_608.0_8_abs_absolute,[]
pseudo_109_810.0_708.0_0_abs_absolute,[]
pseudo_109_810.0_708.0_1_abs_absolute,[]
pseudo_109_810.0_708.0_2_abs_absolute,['pseudo_54_510.0_308.0']
pseudo_109_810.0_708.0_3_abs_absolute,[]
pseudo_109_810.0_708.0_4_abs_absolute,[]
pseudo_109_810.0_708.0_5_abs_absolute,[]
pseudo_109_810.0_708.0_6_abs_absolute,"['pseudo_159_1110.0_608.0', 'pseudo_196_1310.0_908.0', 'pseudo_214_1410.0_1008.0', 'pseudo_244_1610.0_608.0']"
pseudo_109_810.0_708.0_7_abs_absolute,[]
pseudo_109_810.0_708.0_8_abs_absolute,[]
pseudo_110_810.0_808.0_0_abs_absolute,"['pseudo_201_1310.0_1408.0', 'pseudo_252_1610.0_1408.0', 'pseudo_65_510.0_1408.0']"
pseudo_110_810.0_808.0_1_abs_absolute,[]
pseudo_110_810.0_808.0_2_abs_absolute,[]
pseudo_110_810.0_808.0_3_abs_absolute,[]
pseudo_110_810.0_808.0_4_abs_absolute,[]
pseudo_110_810.0_808.0_5_abs_absolute,[]
pseudo_110_810.0_808.0_6_abs_absolute,['pseudo_138_1010.0_208.0']
pseudo_110_810.0_808.0_7_abs_absolute,[]
pseudo_110_810.0_808.0_8_abs_absolute,[]
pseudo_111_810.0_908.0_0_abs_absolute,[]
pseudo_111_810.0_908.0_1_abs_absolute,[]
pseudo_111_810.0_908.0_2_abs_absolute,[]
pseudo_111_810.0_908.0_3_abs_absolute,[]
pseudo_111_810.0_908.0_4_abs_absolute,[]
pseudo_111_810.0_908.0_5_abs_absolute,['pseudo_234_1510.0_1308.0']
pseudo_111_810.0_908.0_6_abs_absolute,['pseudo_59_510.0_808.0']
pseudo_111_810.0_908.0_7_abs_absolute,[]
pseudo_111_810.0_908.0_8_abs_absolute,[]
pseudo_112_810.0_1008.0_0_abs_absolute,"['pseudo_112_810.0_1008.0', 'pseudo_28_310.0_1108.0', 'pseudo_49_410.0_1508.0']"
pseudo_112_810.0_1008.0_1_abs_absolute,[]
pseudo_112_810.0_1008.0_2_abs_absolute,['pseudo_190_1310.0_308.0']
pseudo_112_810.0_1008.0_3_abs_absolute,[]
pseudo_112_810.0_1008.0_4_abs_absolute,['pseudo_89_710.0_408.0']
pseudo_112_810.0_1008.0_5_abs_absolute,[]
pseudo_112_810.0_1008.0_6_abs_absolute,[]
pseudo_112_810.0_1008.0_7_abs_absolute,['pseudo_243_1610.0_508.0']
pseudo_112_810.0_1008.0_8_abs_absolute,['pseudo_56_510.0_508.0']
pseudo_113_810.0_1108.0_0_abs_absolute,[]
pseudo_113_810.0_1108.0_1_abs_absolute,['pseudo_105_810.0_308.0']
pseudo_113_810.0_1108.0_2_abs_absolute,[]
pseudo_113_810.0_1108.0_3_abs_absolute,[]
pseudo_113_810.0_1108.0_4_abs_absolute,[]
pseudo_113_810.0_1108.0_5_abs_absolute,[]
pseudo_113_810.0_1108.0_6_abs_absolute,[]
pseudo_113_810.0_1108.0_7_abs_absolute,"['pseudo_195_1310.0_808.0', 'pseudo_22_310.0_508.0', 'pseudo_40_410.0_608.0', 'pseudo_88_710.0_308.0']"
pseudo_113_810.0_1108.0_8_abs_absolute,[]
pseudo_114_810.0_1208.0_0_abs_absolute,['pseudo_79_610.0_1108.0']
pseudo_114_810.0_1208.0_1_abs_absolute,[]
pseudo_114_810.0_1208.0_2_abs_absolute,[]
pseudo_114_810.0_1208.0_3_abs_absolute,"['pseudo_124_910.0_508.0', 'pseudo_272_1710.0_1708.0']"
pseudo_114_810.0_1208.0_4_abs_absolute,[]
pseudo_114_810.0_1208.0_5_abs_absolute,[]
pseudo_114_810.0_1208.0_6_abs_absolute,[]
pseudo_114_810.0_1208.0_7_abs_absolute,[]
pseudo_114_810.0_1208.0_8_abs_absolute,[]
pseudo_115_810.0_1308.0_0_abs_absolute,[]
pseudo_115_810.0_1308.0_1_abs_absolute,[]
pseudo_115_810.0_1308.0_2_abs_absolute,"['pseudo_107_810.0_508.0', 'pseudo_125_910.0_608.0', 'pseudo_161_1110.0_808.0', 'pseudo_183_1210.0_1308.0', 'pseudo_20_310.0_308.0', 'pseudo_225_1510.0_408.0', 'pseudo_231_1510.0_1008.0', 'pseudo_242_1610.0_408.0', 'pseudo_25_310.0_808.0', 'pseudo_277_1810.0_508.0', 'pseudo_284_1810.0_1208.0', 'pseudo_286_1810.0_1408.0', 'pseudo_55_510.0_408.0', 'pseudo_68_510.0_1708.0']"
pseudo_115_810.0_1308.0_3_abs_absolute,[]
pseudo_115_810.0_1308.0_4_abs_absolute,[]
pseudo_115_810.0_1308.0_5_abs_absolute,[]
pseudo_115_810.0_1308.0_6_abs_absolute,[]
pseudo_115_810.0_1308.0_7_abs_absolute,['pseudo_94_710.0_908.0']
pseudo_115_810.0_1308.0_8_abs_absolute,[]
pseudo_116_810.0_1408.0_0_abs_absolute,[]
pseudo_116_810.0_1408.0_1_abs_absolute,[]
pseudo_116_810.0_1408.0_2_abs_absolute,[]
pseudo_116_810.0_1408.0_3_abs_absolute,[]
pseudo_116_810.0_1408.0_4_abs_absolute,[]
pseudo_116_810.0_1408.0_5_abs_absolute,['pseudo_133_910.0_1408.0']
pseudo_116_810.0_1408.0_6_abs_absolute,[]
pseudo_116_810.0_1408.0_7_abs_absolute,[]
pseudo_116_810.0_1408.0_8_abs_absolute,[]
pseudo_117_810.0_1508.0_0_abs_absolute,"['pseudo_204_1310.0_1708.0', 'pseudo_63_510.0_1208.0']"
pseudo_117_810.0_1508.0_1_abs_absolute,[]
pseudo_117_810.0_1508.0_2_abs_absolute,['pseudo_26_310.0_908.0']
pseudo_117_810.0_1508.0_3_abs_absolute,[]
pseudo_117_810.0_1508.0_4_abs_absolute,[]
pseudo_117_810.0_1508.0_5_abs_absolute,[]
pseudo_117_810.0_1508.0_6_abs_absolute,['pseudo_115_810.0_1308.0']
pseudo_117_810.0_1508.0_7_abs_absolute,[]
pseudo_117_810.0_1508.0_8_abs_absolute,[]
pseudo_118_810.0_1608.0_0_abs_absolute,[]
pseudo_118_810.0_1608.0_1_abs_absolute,['pseudo_209_1410.0_508.0']
pseudo_118_810.0_1608.0_2_abs_absolute,[]
pseudo_118_810.0_1608.0_3_abs_absolute,[]
pseudo_118_810.0_1608.0_4_abs_absolute,[]
pseudo_118_810.0_1608.0_5_abs_absolute,[]
pseudo_118_810.0_1608.0_6_abs_absolute,"['pseudo_133_910.0_1408.0', 'pseudo_271_1710.0_1608.0', 'pseudo_67_510.0_1608.0', 'pseudo_99_710.0_1408.0']"
pseudo_118_810.0_1608.0_7_abs_absolute,['pseudo_56_510.0_508.0']
pseudo_118_810.0_1608.0_8_abs_absolute,"['pseudo_128_910.0_908.0', 'pseudo_199_1310.0_1208.0', 'pseudo_215_1410.0_1108.0']"
pseudo_119_810.0_1708.0_0_abs_absolute,[]
pseudo_119_810.0_1708.0_1_abs_absolute,[]
pseudo_119_810.0_1708.0_2_abs_absolute,[]
pseudo_119_810.0_1708.0_3_abs_absolute,[]
pseudo_119_810.0_1708.0_4_abs_absolute,"['pseudo_142_1010.0_608.0', 'pseudo_210_1410.0_608.0', 'pseudo_22_310.0_508.0']"
pseudo_119_810.0_1708.0_5_abs_absolute,[]
pseudo_119_810.0_1708.0_6_abs_absolute,[]
pseudo_119_810.0_1708.0_7_abs_absolute,[]
pseudo_119_810.0_1708.0_8_abs_absolute,[]
pseudo_121_910.0_208.0_0_abs_absolute,['pseudo_45_410.0_1108.0']
pseudo_121_910.0_208.0_1_abs_absolute,[]
pseudo_121_910.0_208.0_2_abs_absolute,[]
pseudo_121_910.0_208.0_3_abs_absolute,[]
pseudo_121_910.0_208.0_4_abs_absolute,[]
pseudo_121_910.0_208.0_5_abs_absolute,[]
pseudo_121_910.0_208.0_6_abs_absolute,[]
pseudo_121_910.0_208.0_7_abs_absolute,"['pseudo_133_910.0_1408.0', 'pseudo_217_1410.0_1308.0', 'pseudo_271_1710.0_1608.0', 'pseudo_288_1810.0_1608.0', 'pseudo_64_510.0_1308.0', 'pseudo_84_610.0_1608.0', 'pseudo_99_710.0_1408.0']"
pseudo_121_910.0_208.0_8_abs_absolute,['pseudo_284_1810.0_1208.0']
pseudo_122_910.0_308.0_0_abs_absolute,"['pseudo_121_910.0_208.0', 'pseudo_126_910.0_708.0', 'pseudo_131_910.0_1208.0', 'pseudo_138_1010.0_208.0', 'pseudo_148_1010.0_1208.0', 'pseudo_173_1210.0_308.0', 'pseudo_20_310.0_308.0', 'pseudo_214_1410.0_1008.0', 'pseudo_21_310.0_408.0', 'pseudo_231_1510.0_1008.0', 'pseudo_241_1610.0_308.0', 'pseudo_276_1810.0_408.0', 'pseudo_284_1810.0_1208.0', 'pseudo_55_510.0_408.0', 'pseudo_58_510.0_708.0', 'pseudo_72_610.0_408.0']"
pseudo_122_910.0_308.0_1_abs_absolute,[]
pseudo_122_910.0_308.0_2_abs_absolute,[]
pseudo_122_910.0_308.0_3_abs_absolute,[]
pseudo_122_910.0_308.0_4_abs_absolute,[]
pseudo_122_910.0_308.0_5_abs_absolute,[]
pseudo_122_910.0_308.0_6_abs_absolute,[]
pseudo_122_910.0_308.0_7_abs_absolute,"['pseudo_169_1110.0_1608.0', 'pseudo_231_1510.0_1008.0', 'pseudo_248_1610.0_1008.0']"
pseudo_122_910.0_308.0_8_abs_absolute,[]
pseudo_123_910.0_408.0_0_abs_absolute,[]
pseudo_123_910.0_408.0_1_abs_absolute,"['pseudo_139_1010.0_308.0', 'pseudo_233_1510.0_1208.0', 'pseudo_280_1810.0_808.0', 'pseudo_53_510.0_208.0', 'pseudo_69_610.0_108.0']"
pseudo_123_910.0_408.0_2_abs_absolute,[]
pseudo_123_910.0_408.0_3_abs_absolute,[]
pseudo_123_910.0_408.0_4_abs_absolute,[]
pseudo_123_910.0_408.0_5_abs_absolute,"['pseudo_128_910.0_908.0', 'pseudo_209_1410.0_508.0']"
pseudo_123_910.0_408.0_6_abs_absolute,[]
pseudo_123_910.0_408.0_7_abs_absolute,"['pseudo_220_1410.0_1608.0', 'pseudo_238_1510.0_1708.0']"
pseudo_123_910.0_408.0_8_abs_absolute,['pseudo_194_1310.0_708.0']
pseudo_124_910.0_508.0_0_abs_absolute,[]
pseudo_124_910.0_508.0_1_abs_absolute,[]
pseudo_124_910.0_508.0_2_abs_absolute,[]
pseudo_124_910.0_508.0_3_abs_absolute,[]
pseudo_124_910.0_508.0_4_abs_absolute,[]
pseudo_124_910.0_508.0_5_abs_absolute,[]
pseudo_124_910.0_508.0_6_abs_absolute,"['pseudo_130_910.0_1108.0', 'pseudo_135_910.0_1608.0', 'pseudo_250_1610.0_1208.0']"
pseudo_124_910.0_508.0_7_abs_absolute,['pseudo_197_1310.0_1008.0']
pseudo_124_910.0_508.0_8_abs_absolute,['pseudo_60_510.0_908.0']
pseudo_125_910.0_608.0_0_abs_absolute,['pseudo_288_1810.0_1608.0']
pseudo_125_910.0_608.0_1_abs_absolute,['pseudo_115_810.0_1308.0']
pseudo_125_910.0_608.0_2_abs_absolute,[]
pseudo_125_910.0_608.0_3_abs_absolute,[]
pseudo_125_910.0_608.0_4_abs_absolute,[]
pseudo_125_910.0_608.0_5_abs_absolute,[]
pseudo_125_910.0_608.0_6_abs_absolute,[]
pseudo_125_910.0_608.0_7_abs_absolute,[]
pseudo_125_910.0_608.0_8_abs_absolute,[]
pseudo_126_910.0_708.0_0_abs_absolute,['pseudo_259_1710.0_408.0']
pseudo_126_910.0_708.0_1_abs_absolute,[]
pseudo_126_910.0_708.0_2_abs_absolute,['pseudo_198_1310.0_1108.0']
pseudo_126_910.0_708.0_3_abs_absolute,[]
pseudo_126_910.0_708.0_4_abs_absolute,[]
pseudo_126_910.0_708.0_5_abs_absolute,[]
pseudo_126_910.0_708.0_6_abs_absolute,[]
pseudo_126_910.0_708.0_7_abs_absolute,[]
pseudo_126_910.0_708.0_8_abs_absolute,['pseudo_282_1810.0_1008.0']
pseudo_127_910.0_808.0_0_abs_absolute,[]
pseudo_127_910.0_808.0_1_abs_absolute,[]
pseudo_127_910.0_808.0_2_abs_absolute,[]
pseudo_127_910.0_808.0_3_abs_absolute,"['pseudo_117_810.0_1508.0', 'pseudo_119_810.0_1708.0', 'pseudo_133_910.0_1408.0', 'pseudo_168_1110.0_1508.0', 'pseudo_185_1210.0_1508.0', 'pseudo_200_1310.0_1308.0', 'pseudo_201_1310.0_1408.0', 'pseudo_221_1410.0_1708.0', 'pseudo_32_310.0_1508.0', 'pseudo_65_510.0_1408.0', 'pseudo_80_610.0_1208.0']"
pseudo_127_910.0_808.0_4_abs_absolute,['pseudo_141_1010.0_508.0']
pseudo_127_910.0_808.0_5_abs_absolute,[]
pseudo_127_910.0_808.0_6_abs_absolute,[]
pseudo_127_910.0_808.0_7_abs_absolute,[]
pseudo_127_910.0_808.0_8_abs_absolute,[]
pseudo_128_910.0_908.0_0_abs_absolute,[]
pseudo_128_910.0_908.0_1_abs_absolute,[]
pseudo_128_910.0_908.0_2_abs_absolute,[]
pseudo_128_910.0_908.0_3_abs_absolute,['pseudo_250_1610.0_1208.0']
pseudo_128_910.0_908.0_4_abs_absolute,[]
pseudo_128_910.0_908.0_5_abs_absolute,[]
pseudo_128_910.0_908.0_6_abs_absolute,"['pseudo_22_310.0_508.0', 'pseudo_40_410.0_608.0', 'pseudo_46_410.0_1208.0', 'pseudo_54_510.0_308.0', 'pseudo_56_510.0_508.0', 'pseudo_63_510.0_1208.0', 'pseudo_88_710.0_308.0', 'pseudo_91_710.0_608.0']"
pseudo_128_910.0_908.0_7_abs_absolute,[]
pseudo_128_910.0_908.0_8_abs_absolute,['pseudo_248_1610.0_1008.0']
pseudo_129_910.0_1008.0_0_abs_absolute,[]
pseudo_129_910.0_1008.0_1_abs_absolute,[]
pseudo_129_910.0_1008.0_2_abs_absolute,[]
pseudo_129_910.0_1008.0_3_abs_absolute,[]
pseudo_129_910.0_1008.0_4_abs_absolute,"['pseudo_130_910.0_1108.0', 'pseudo_203_1310.0_1608.0']"
pseudo_129_910.0_1008.0_5_abs_absolute,[]
pseudo_129_910.0_1008.0_6_abs_absolute,[]
pseudo_129_910.0_1008.0_7_abs_absolute,['pseudo_51_410.0_1708.0']
pseudo_129_910.0_1008.0_8_abs_absolute,"['pseudo_207_1410.0_308.0', 'pseudo_24_310.0_708.0', 'pseudo_265_1710.0_1008.0']"
pseudo_130_910.0_1108.0_0_abs_absolute,['pseudo_194_1310.0_708.0']
pseudo_130_910.0_1108.0_1_abs_absolute,[]
pseudo_130_910.0_1108.0_2_abs_absolute,[]
pseudo_130_910.0_1108.0_3_abs_absolute,[]
pseudo_130_910.0_1108.0_4_abs_absolute,['pseudo_61_510.0_1008.0']
pseudo_130_910.0_1108.0_5_abs_absolute,[]
pseudo_130_910.0_1108.0_6_abs_absolute,[]
pseudo_130_910.0_1108.0_7_abs_absolute,[]
pseudo_130_910.0_1108.0_8_abs_absolute,[]
pseudo_131_910.0_1208.0_0_abs_absolute,[]
pseudo_131_910.0_1208.0_1_abs_absolute,"['pseudo_28_310.0_1108.0', 'pseudo_49_410.0_1508.0', 'pseudo_63_510.0_1208.0', 'pseudo_81_610.0_1308.0']"
pseudo_131_910.0_1208.0_2_abs_absolute,[]
pseudo_131_910.0_1208.0_3_abs_absolute,[]
pseudo_131_910.0_1208.0_4_abs_absolute,['pseudo_234_1510.0_1308.0']
pseudo_131_910.0_1208.0_5_abs_absolute,['pseudo_99_710.0_1408.0']
pseudo_131_910.0_1208.0_6_abs_absolute,[]
pseudo_131_910.0_1208.0_7_abs_absolute,['pseudo_260_1710.0_508.0']
pseudo_131_910.0_1208.0_8_abs_absolute,[]
pseudo_132_910.0_1308.0_0_abs_absolute,[]
pseudo_132_910.0_1308.0_1_abs_absolute,[]
pseudo_132_910.0_1308.0_2_abs_absolute,['pseudo_152_1010.0_1608.0']
pseudo_132_910.0_1308.0_3_abs_absolute,[]
pseudo_132_910.0_1308.0_4_abs_absolute,['pseudo_182_1210.0_1208.0']
pseudo_132_910.0_1308.0_5_abs_absolute,[]
pseudo_132_910.0_1308.0_6_abs_absolute,[]
pseudo_132_910.0_1308.0_7_abs_absolute,['pseudo_116_810.0_1408.0']
pseudo_132_910.0_1308.0_8_abs_absolute,['pseudo_93_710.0_808.0']
pseudo_133_910.0_1408.0_0_abs_absolute,[]
pseudo_133_910.0_1408.0_1_abs_absolute,['pseudo_108_810.0_608.0']
pseudo_133_910.0_1408.0_2_abs_absolute,[]
pseudo_133_910.0_1408.0_3_abs_absolute,"['pseudo_40_410.0_608.0', 'pseudo_54_510.0_308.0', 'pseudo_56_510.0_508.0', 'pseudo_63_510.0_1208.0']"
pseudo_133_910.0_1408.0_4_abs_absolute,[]
pseudo_133_910.0_1408.0_5_abs_absolute,[]
pseudo_133_910.0_1408.0_6_abs_absolute,['pseudo_230_1510.0_908.0']
pseudo_133_910.0_1408.0_7_abs_absolute,['pseudo_169_1110.0_1608.0']
pseudo_133_910.0_1408.0_8_abs_absolute,[]
pseudo_134_910.0_1508.0_0_abs_absolute,[]
pseudo_134_910.0_1508.0_1_abs_absolute,[]
pseudo_134_910.0_1508.0_2_abs_absolute,[]
pseudo_134_910.0_1508.0_3_abs_absolute,['pseudo_178_1210.0_808.0']
pseudo_134_910.0_1508.0_4_abs_absolute,['pseudo_149_1010.0_1308.0']
pseudo_134_910.0_1508.0_5_abs_absolute,[]
pseudo_134_910.0_1508.0_6_abs_absolute,[]
pseudo_134_910.0_1508.0_7_abs_absolute,[]
pseudo_134_910.0_1508.0_8_abs_absolute,[]
pseudo_135_910.0_1608.0_0_abs_absolute,[]
pseudo_135_910.0_1608.0_1_abs_absolute,[]
pseudo_135_910.0_1608.0_2_abs_absolute,[]
pseudo_135_910.0_1608.0_3_abs_absolute,[]
pseudo_135_910.0_1608.0_4_abs_absolute,[]
pseudo_135_910.0_1608.0_5_abs_absolute,[]
pseudo_135_910.0_1608.0_6_abs_absolute,['pseudo_116_810.0_1408.0']
pseudo_135_910.0_1608.0_7_abs_absolute,[]
pseudo_135_910.0_1608.0_8_abs_absolute,[]
pseudo_136_910.0_1708.0_0_abs_absolute,['pseudo_234_1510.0_1308.0']
pseudo_136_910.0_1708.0_1_abs_absolute,['pseudo_263_1710.0_808.0']
pseudo_136_910.0_1708.0_2_abs_absolute,[]
pseudo_136_910.0_1708.0_3_abs_absolute,['pseudo_260_1710.0_508.0']
pseudo_136_910.0_1708.0_4_abs_absolute,[]
pseudo_136_910.0_1708.0_5_abs_absolute,[]
pseudo_136_910.0_1708.0_6_abs_absolute,['pseudo_221_1410.0_1708.0']
pseudo_136_910.0_1708.0_7_abs_absolute,['pseudo_99_710.0_1408.0']
pseudo_136_910.0_1708.0_8_abs_absolute,[]
pseudo_138_1010.0_208.0_0_abs_absolute,[]
pseudo_138_1010.0_208.0_1_abs_absolute,"['pseudo_151_1010.0_1508.0', 'pseudo_152_1010.0_1608.0', 'pseudo_217_1410.0_1308.0']"
pseudo_138_1010.0_208.0_2_abs_absolute,[]
pseudo_138_1010.0_208.0_3_abs_absolute,"['pseudo_112_810.0_1008.0', 'pseudo_130_910.0_1108.0', 'pseudo_66_510.0_1508.0', 'pseudo_82_610.0_1408.0', 'pseudo_97_710.0_1208.0']"
pseudo_138_1010.0_208.0_4_abs_absolute,[]
pseudo_138_1010.0_208.0_5_abs_absolute,[]
pseudo_138_1010.0_208.0_6_abs_absolute,[]
pseudo_138_1010.0_208.0_7_abs_absolute,[]
pseudo_138_1010.0_208.0_8_abs_absolute,[]
pseudo_139_1010.0_308.0_0_abs_absolute,[]
pseudo_139_1010.0_308.0_1_abs_absolute,[]
pseudo_139_1010.0_308.0_2_abs_absolute,['pseudo_178_1210.0_808.0']
pseudo_139_1010.0_308.0_3_abs_absolute,[]
pseudo_139_1010.0_308.0_4_abs_absolute,[]
pseudo_139_1010.0_308.0_5_abs_absolute,[]
pseudo_139_1010.0_308.0_6_abs_absolute,['pseudo_89_710.0_408.0']
pseudo_139_1010.0_308.0_7_abs_absolute,"['pseudo_40_410.0_608.0', 'pseudo_46_410.0_1208.0', 'pseudo_74_610.0_608.0', 'pseudo_93_710.0_808.0']"
pseudo_139_1010.0_308.0_8_abs_absolute,['pseudo_193_1310.0_608.0']
pseudo_140_1010.0_408.0_0_abs_absolute,[]
pseudo_140_1010.0_408.0_1_abs_absolute,[]
pseudo_140_1010.0_408.0_2_abs_absolute,[]
pseudo_140_1010.0_408.0_3_abs_absolute,[]
pseudo_140_1010.0_408.0_4_abs_absolute,[]
pseudo_140_1010.0_408.0_5_abs_absolute,[]
pseudo_140_1010.0_408.0_6_abs_absolute,[]
pseudo_140_1010.0_408.0_7_abs_absolute,[]
pseudo_140_1010.0_408.0_8_abs_absolute,[]
pseudo_141_1010.0_508.0_0_abs_absolute,[]
pseudo_141_1010.0_508.0_1_abs_absolute,[]
pseudo_141_1010.0_508.0_2_abs_absolute,[]
pseudo_141_1010.0_508.0_3_abs_absolute,['pseudo_115_810.0_1308.0']
pseudo_141_1010.0_508.0_4_abs_absolute,[]
pseudo_141_1010.0_508.0_5_abs_absolute,['pseudo_209_1410.0_508.0']
pseudo_141_1010.0_508.0_6_abs_absolute,[]
pseudo_141_1010.0_508.0_7_abs_absolute,[]
pseudo_141_1010.0_508.0_8_abs_absolute,[]
pseudo_142_1010.0_608.0_0_abs_absolute,[]
pseudo_142_1010.0_608.0_1_abs_absolute,[]
pseudo_142_1010.0_608.0_2_abs_absolute,[]
pseudo_142_1010.0_608.0_3_abs_absolute,[]
pseudo_142_1010.0_608.0_4_abs_absolute,[]
pseudo_142_1010.0_608.0_5_abs_absolute,[]
pseudo_142_1010.0_608.0_6_abs_absolute,"['pseudo_201_1310.0_1408.0', 'pseudo_96_710.0_1108.0']"
pseudo_142_1010.0_608.0_7_abs_absolute,['pseudo_259_1710.0_408.0']
pseudo_142_1010.0_608.0_8_abs_absolute,[]
pseudo_143_1010.0_708.0_0_abs_absolute,[]
pseudo_143_1010.0_708.0_1_abs_absolute,"['pseudo_133_910.0_1408.0', 'pseudo_167_1110.0_1408.0', 'pseudo_236_1510.0_1508.0', 'pseudo_288_1810.0_1608.0', 'pseudo_67_510.0_1608.0', 'pseudo_83_610.0_1508.0', 'pseudo_84_610.0_1608.0', 'pseudo_99_710.0_1408.0']"
pseudo_143_1010.0_708.0_2_abs_absolute,[]
pseudo_143_1010.0_708.0_3_abs_absolute,[]
pseudo_143_1010.0_708.0_4_abs_absolute,[]
pseudo_143_1010.0_708.0_5_abs_absolute,[]
pseudo_143_1010.0_708.0_6_abs_absolute,['pseudo_243_1610.0_508.0']
pseudo_143_1010.0_708.0_7_abs_absolute,[]
pseudo_143_1010.0_708.0_8_abs_absolute,['pseudo_266_1710.0_1108.0']
pseudo_144_1010.0_808.0_0_abs_absolute,[]
pseudo_144_1010.0_808.0_1_abs_absolute,[]
pseudo_144_1010.0_808.0_2_abs_absolute,[]
pseudo_144_1010.0_808.0_3_abs_absolute,"['pseudo_245_1610.0_708.0', 'pseudo_62_510.0_1108.0']"
pseudo_144_1010.0_808.0_4_abs_absolute,[]
pseudo_144_1010.0_808.0_5_abs_absolute,[]
pseudo_144_1010.0_808.0_6_abs_absolute,[]
pseudo_144_1010.0_808.0_7_abs_absolute,[]
pseudo_144_1010.0_808.0_8_abs_absolute,[]
pseudo_145_1010.0_908.0_0_abs_absolute,[]
pseudo_145_1010.0_908.0_1_abs_absolute,['pseudo_45_410.0_1108.0']
pseudo_145_1010.0_908.0_2_abs_absolute,"['pseudo_145_1010.0_908.0', 'pseudo_174_1210.0_408.0', 'pseudo_53_510.0_208.0']"
pseudo_145_1010.0_908.0_3_abs_absolute,[]
pseudo_145_1010.0_908.0_4_abs_absolute,['pseudo_237_1510.0_1608.0']
pseudo_145_1010.0_908.0_5_abs_absolute,"['pseudo_167_1110.0_1408.0', 'pseudo_236_1510.0_1508.0', 'pseudo_253_1610.0_1508.0', 'pseudo_270_1710.0_1508.0', 'pseudo_31_310.0_1408.0']"
pseudo_145_1010.0_908.0_6_abs_absolute,[]
pseudo_145_1010.0_908.0_7_abs_absolute,[]
pseudo_145_1010.0_908.0_8_abs_absolute,['pseudo_277_1810.0_508.0']
pseudo_146_1010.0_1008.0_0_abs_absolute,[]
pseudo_146_1010.0_1008.0_1_abs_absolute,[]
pseudo_146_1010.0_1008.0_2_abs_absolute,[]
pseudo_146_1010.0_1008.0_3_abs_absolute,[]
pseudo_146_1010.0_1008.0_4_abs_absolute,[]
pseudo_146_1010.0_1008.0_5_abs_absolute,"['pseudo_134_910.0_1508.0', 'pseudo_138_1010.0_208.0', 'pseudo_173_1210.0_308.0', 'pseudo_21_310.0_408.0', 'pseudo_284_1810.0_1208.0', 'pseudo_55_510.0_408.0', 'pseudo_94_710.0_908.0']"
pseudo_146_1010.0_1008.0_6_abs_absolute,[]
pseudo_146_1010.0_1008.0_7_abs_absolute,[]
pseudo_146_1010.0_1008.0_8_abs_absolute,[]
pseudo_147_1010.0_1108.0_0_abs_absolute,['pseudo_92_710.0_708.0']
pseudo_147_1010.0_1108.0_1_abs_absolute,['pseudo_263_1710.0_808.0']
pseudo_147_1010.0_1108.0_2_abs_absolute,[]
pseudo_147_1010.0_1108.0_3_abs_absolute,"['pseudo_110_810.0_808.0', 'pseudo_211_1410.0_708.0']"
pseudo_147_1010.0_1108.0_4_abs_absolute,[]
pseudo_147_1010.0_1108.0_5_abs_absolute,['pseudo_24_310.0_708.0']
pseudo_147_1010.0_1108.0_6_abs_absolute,[]
pseudo_147_1010.0_1108.0_7_abs_absolute,"['pseudo_28_310.0_1108.0', 'pseudo_80_610.0_1208.0']"
pseudo_147_1010.0_1108.0_8_abs_absolute,[]
pseudo_148_1010.0_1208.0_0_abs_absolute,[]
pseudo_148_1010.0_1208.0_1_abs_absolute,[]
pseudo_148_1010.0_1208.0_2_abs_absolute,[]
pseudo_148_1010.0_1208.0_3_abs_absolute,[]
pseudo_148_1010.0_1208.0_4_abs_absolute,[]
pseudo_148_1010.0_1208.0_5_abs_absolute,[]
pseudo_148_1010.0_1208.0_6_abs_absolute,"['pseudo_122_910.0_308.0', 'pseudo_123_910.0_408.0', 'pseudo_131_910.0_1208.0', 'pseudo_147_1010.0_1108.0', 'pseudo_279_1810.0_708.0', 'pseudo_87_710.0_208.0', 'pseudo_97_710.0_1208.0']"
pseudo_148_1010.0_1208.0_7_abs_absolute,[]
pseudo_148_1010.0_1208.0_8_abs_absolute,[]
pseudo_149_1010.0_1308.0_0_abs_absolute,[]
pseudo_149_1010.0_1308.0_1_abs_absolute,[]
pseudo_149_1010.0_1308.0_2_abs_absolute,[]
pseudo_149_1010.0_1308.0_3_abs_absolute,[]
pseudo_149_1010.0_1308.0_4_abs_absolute,[]
pseudo_149_1010.0_1308.0_5_abs_absolute,['pseudo_178_1210.0_808.0']
pseudo_149_1010.0_1308.0_6_abs_absolute,"['pseudo_127_910.0_808.0', 'pseudo_246_1610.0_808.0']"
pseudo_149_1010.0_1308.0_7_abs_absolute,"['pseudo_122_910.0_308.0', 'pseudo_247_1610.0_908.0']"
pseudo_149_1010.0_1308.0_8_abs_absolute,[]
pseudo_150_1010.0_1408.0_0_abs_absolute,[]
pseudo_150_1010.0_1408.0_1_abs_absolute,[]
pseudo_150_1010.0_1408.0_2_abs_absolute,[]
pseudo_150_1010.0_1408.0_3_abs_absolute,[]
pseudo_150_1010.0_1408.0_4_abs_absolute,['pseudo_257_1710.0_208.0']
pseudo_150_1010.0_1408.0_5_abs_absolute,['pseudo_248_1610.0_1008.0']
pseudo_150_1010.0_1408.0_6_abs_absolute,['pseudo_50_410.0_1608.0']
pseudo_150_1010.0_1408.0_7_abs_absolute,[]
pseudo_150_1010.0_1408.0_8_abs_absolute,[]
pseudo_151_1010.0_1508.0_0_abs_absolute,[]
pseudo_151_1010.0_1508.0_1_abs_absolute,"['pseudo_129_910.0_1008.0', 'pseudo_228_1510.0_708.0', 'pseudo_272_1710.0_1708.0', 'pseudo_44_410.0_1008.0', 'pseudo_74_610.0_608.0', 'pseudo_75_610.0_708.0']"
pseudo_151_1010.0_1508.0_2_abs_absolute,['pseudo_237_1510.0_1608.0']
pseudo_151_1010.0_1508.0_3_abs_absolute,['pseudo_160_1110.0_708.0']
pseudo_151_1010.0_1508.0_4_abs_absolute,[]
pseudo_151_1010.0_1508.0_5_abs_absolute,['pseudo_232_1510.0_1108.0']
pseudo_151_1010.0_1508.0_6_abs_absolute,"['pseudo_279_1810.0_708.0', 'pseudo_57_510.0_608.0']"
pseudo_151_1010.0_1508.0_7_abs_absolute,['pseudo_141_1010.0_508.0']
pseudo_151_1010.0_1508.0_8_abs_absolute,[]
pseudo_152_1010.0_1608.0_0_abs_absolute,[]
pseudo_152_1010.0_1608.0_1_abs_absolute,"['pseudo_260_1710.0_508.0', 'pseudo_98_710.0_1308.0']"
pseudo_152_1010.0_1608.0_2_abs_absolute,[]
pseudo_152_1010.0_1608.0_3_abs_absolute,[]
pseudo_152_1010.0_1608.0_4_abs_absolute,[]
pseudo_152_1010.0_1608.0_5_abs_absolute,[]
pseudo_152_1010.0_1608.0_6_abs_absolute,[]
pseudo_152_1010.0_1608.0_7_abs_absolute,[]
pseudo_152_1010.0_1608.0_8_abs_absolute,[]
pseudo_153_1010.0_1708.0_0_abs_absolute,[]
pseudo_153_1010.0_1708.0_1_abs_absolute,[]
pseudo_153_1010.0_1708.0_2_abs_absolute,['pseudo_54_510.0_308.0']
pseudo_153_1010.0_1708.0_3_abs_absolute,['pseudo_108_810.0_608.0']
pseudo_153_1010.0_1708.0_4_abs_absolute,[]
pseudo_153_1010.0_1708.0_5_abs_absolute,"['pseudo_209_1410.0_508.0', 'pseudo_251_1610.0_1308.0']"
pseudo_153_1010.0_1708.0_6_abs_absolute,[]
pseudo_153_1010.0_1708.0_7_abs_absolute,[]
pseudo_153_1010.0_1708.0_8_abs_absolute,[]
pseudo_157_1110.0_408.0_0_abs_absolute,"['pseudo_212_1410.0_808.0', 'pseudo_49_410.0_1508.0']"
pseudo_157_1110.0_408.0_1_abs_absolute,[]
pseudo_157_1110.0_408.0_2_abs_absolute,['pseudo_261_1710.0_608.0']
pseudo_157_1110.0_408.0_3_abs_absolute,[]
pseudo_157_1110.0_408.0_4_abs_absolute,[]
pseudo_157_1110.0_408.0_5_abs_absolute,[]
pseudo_157_1110.0_408.0_6_abs_absolute,[]
pseudo_157_1110.0_408.0_7_abs_absolute,[]
pseudo_157_1110.0_408.0_8_abs_absolute,[]
pseudo_158_1110.0_508.0_0_abs_absolute,[]
pseudo_158_1110.0_508.0_1_abs_absolute,[]
pseudo_158_1110.0_508.0_2_abs_absolute,[]
pseudo_158_1110.0_508.0_3_abs_absolute,[]
pseudo_158_1110.0_508.0_4_abs_absolute,[]
pseudo_158_1110.0_508.0_5_abs_absolute,[]
pseudo_158_1110.0_508.0_6_abs_absolute,['pseudo_178_1210.0_808.0']
pseudo_158_1110.0_508.0_7_abs_absolute,[]
pseudo_158_1110.0_508.0_8_abs_absolute,[]
pseudo_159_1110.0_608.0_0_abs_absolute,[]
pseudo_159_1110.0_608.0_1_abs_absolute,[]
pseudo_159_1110.0_608.0_2_abs_absolute,[]
pseudo_159_1110.0_608.0_3_abs_absolute,[]
pseudo_159_1110.0_608.0_4_abs_absolute,[]
pseudo_159_1110.0_608.0_5_abs_absolute,"['pseudo_27_310.0_1008.0', 'pseudo_32_310.0_1508.0']"
pseudo_159_1110.0_608.0_6_abs_absolute,[]
pseudo_159_1110.0_608.0_7_abs_absolute,[]
pseudo_159_1110.0_608.0_8_abs_absolute,[]
pseudo_160_1110.0_708.0_0_abs_absolute,"['pseudo_177_1210.0_708.0', 'pseudo_285_1810.0_1308.0', 'pseudo_37_410.0_308.0', 'pseudo_97_710.0_1208.0']"
pseudo_160_1110.0_708.0_1_abs_absolute,[]
pseudo_160_1110.0_708.0_2_abs_absolute,[]
pseudo_160_1110.0_708.0_3_abs_absolute,[]
pseudo_160_1110.0_708.0_4_abs_absolute,['pseudo_124_910.0_508.0']
pseudo_160_1110.0_708.0_5_abs_absolute,['pseudo_136_910.0_1708.0']
pseudo_160_1110.0_708.0_6_abs_absolute,[]
pseudo_160_1110.0_708.0_7_abs_absolute,[]
pseudo_160_1110.0_708.0_8_abs_absolute,[]
pseudo_161_1110.0_808.0_0_abs_absolute,[]
pseudo_161_1110.0_808.0_1_abs_absolute,['pseudo_202_1310.0_1508.0']
pseudo_161_1110.0_808.0_2_abs_absolute,[]
pseudo_161_1110.0_808.0_3_abs_absolute,[]
pseudo_161_1110.0_808.0_4_abs_absolute,[]
pseudo_161_1110.0_808.0_5_abs_absolute,[]
pseudo_161_1110.0_808.0_6_abs_absolute,[]
pseudo_161_1110.0_808.0_7_abs_absolute,['pseudo_219_1410.0_1508.0']
pseudo_161_1110.0_808.0_8_abs_absolute,[]
pseudo_162_1110.0_908.0_0_abs_absolute,[]
pseudo_162_1110.0_908.0_1_abs_absolute,['pseudo_24_310.0_708.0']
pseudo_162_1110.0_908.0_2_abs_absolute,"['pseudo_130_910.0_1108.0', 'pseudo_133_910.0_1408.0', 'pseudo_135_910.0_1608.0', 'pseudo_168_1110.0_1508.0', 'pseudo_186_1210.0_1608.0', 'pseudo_236_1510.0_1508.0', 'pseudo_255_1610.0_1708.0', 'pseudo_271_1710.0_1608.0', 'pseudo_65_510.0_1408.0', 'pseudo_66_510.0_1508.0', 'pseudo_80_610.0_1208.0']"
pseudo_162_1110.0_908.0_3_abs_absolute,['pseudo_63_510.0_1208.0']
pseudo_162_1110.0_908.0_4_abs_absolute,['pseudo_92_710.0_708.0']
pseudo_162_1110.0_908.0_5_abs_absolute,['pseudo_182_1210.0_1208.0']
pseudo_162_1110.0_908.0_6_abs_absolute,[]
pseudo_162_1110.0_908.0_7_abs_absolute,[]
pseudo_162_1110.0_908.0_8_abs_absolute,[]
pseudo_163_1110.0_1008.0_0_abs_absolute,[]
pseudo_163_1110.0_1008.0_1_abs_absolute,[]
pseudo_163_1110.0_1008.0_2_abs_absolute,[]
pseudo_163_1110.0_1008.0_3_abs_absolute,[]
pseudo_163_1110.0_1008.0_4_abs_absolute,"['pseudo_100_710.0_1508.0', 'pseudo_134_910.0_1508.0', 'pseudo_253_1610.0_1508.0', 'pseudo_50_410.0_1608.0']"
pseudo_163_1110.0_1008.0_5_abs_absolute,"['pseudo_114_810.0_1208.0', 'pseudo_125_910.0_608.0', 'pseudo_134_910.0_1508.0', 'pseudo_142_1010.0_608.0', 'pseudo_148_1010.0_1208.0', 'pseudo_149_1010.0_1308.0', 'pseudo_161_1110.0_808.0', 'pseudo_163_1110.0_1008.0', 'pseudo_164_1110.0_1108.0', 'pseudo_169_1110.0_1608.0', 'pseudo_173_1210.0_308.0', 'pseudo_193_1310.0_608.0', 'pseudo_208_1410.0_408.0', 'pseudo_21_310.0_408.0', 'pseudo_224_1510.0_308.0', 'pseudo_226_1510.0_508.0', 'pseudo_230_1510.0_908.0', 'pseudo_242_1610.0_408.0', 'pseudo_243_1610.0_508.0', 'pseudo_25_310.0_808.0', 'pseudo_284_1810.0_1208.0', 'pseudo_286_1810.0_1408.0', 'pseudo_55_510.0_408.0', 'pseudo_68_510.0_1708.0', 'pseudo_77_610.0_908.0', 'pseudo_94_710.0_908.0']"
pseudo_163_1110.0_1008.0_6_abs_absolute,['pseudo_124_910.0_508.0']
pseudo_163_1110.0_1008.0_7_abs_absolute,"['pseudo_104_810.0_208.0', 'pseudo_131_910.0_1208.0', 'pseudo_147_1010.0_1108.0', 'pseudo_47_410.0_1308.0']"
pseudo_163_1110.0_1008.0_8_abs_absolute,[]
pseudo_164_1110.0_1108.0_0_abs_absolute,['pseudo_163_1110.0_1008.0']
pseudo_164_1110.0_1108.0_1_abs_absolute,[]
pseudo_164_1110.0_1108.0_2_abs_absolute,[]
pseudo_164_1110.0_1108.0_3_abs_absolute,[]
pseudo_164_1110.0_1108.0_4_abs_absolute,[]
pseudo_164_1110.0_1108.0_5_abs_absolute,['pseudo_213_1410.0_908.0']
pseudo_164_1110.0_1108.0_6_abs_absolute,[]
pseudo_164_1110.0_1108.0_7_abs_absolute,[]
pseudo_164_1110.0_1108.0_8_abs_absolute,['pseudo_218_1410.0_1408.0']
pseudo_165_1110.0_1208.0_0_abs_absolute,[]
pseudo_165_1110.0_1208.0_1_abs_absolute,['pseudo_204_1310.0_1708.0']
pseudo_165_1110.0_1208.0_2_abs_absolute,[]
pseudo_165_1110.0_1208.0_3_abs_absolute,"['pseudo_255_1610.0_1708.0', 'pseudo_66_510.0_1508.0']"
pseudo_165_1110.0_1208.0_4_abs_absolute,[]
pseudo_165_1110.0_1208.0_5_abs_absolute,[]
pseudo_165_1110.0_1208.0_6_abs_absolute,[]
pseudo_165_1110.0_1208.0_7_abs_absolute,"['pseudo_143_1010.0_708.0', 'pseudo_242_1610.0_408.0']"
pseudo_165_1110.0_1208.0_8_abs_absolute,[]
pseudo_166_1110.0_1308.0_0_abs_absolute,[]
pseudo_166_1110.0_1308.0_1_abs_absolute,[]
pseudo_166_1110.0_1308.0_2_abs_absolute,['pseudo_232_1510.0_1108.0']
pseudo_166_1110.0_1308.0_3_abs_absolute,[]
pseudo_166_1110.0_1308.0_4_abs_absolute,[]
pseudo_166_1110.0_1308.0_5_abs_absolute,[]
pseudo_166_1110.0_1308.0_6_abs_absolute,['pseudo_59_510.0_808.0']
pseudo_166_1110.0_1308.0_7_abs_absolute,[]
pseudo_166_1110.0_1308.0_8_abs_absolute,[]
pseudo_167_1110.0_1408.0_0_abs_absolute,[]
pseudo_167_1110.0_1408.0_1_abs_absolute,[]
pseudo_167_1110.0_1408.0_2_abs_absolute,[]
pseudo_167_1110.0_1408.0_3_abs_absolute,['pseudo_74_610.0_608.0']
pseudo_167_1110.0_1408.0_4_abs_absolute,[]
pseudo_167_1110.0_1408.0_5_abs_absolute,[]
pseudo_167_1110.0_1408.0_6_abs_absolute,[]
pseudo_167_1110.0_1408.0_7_abs_absolute,[]
pseudo_167_1110.0_1408.0_8_abs_absolute,[]
pseudo_168_1110.0_1508.0_0_abs_absolute,[]
pseudo_168_1110.0_1508.0_1_abs_absolute,[]
pseudo_168_1110.0_1508.0_2_abs_absolute,[]
pseudo_168_1110.0_1508.0_3_abs_absolute,[]
pseudo_168_1110.0_1508.0_4_abs_absolute,"['pseudo_24_310.0_708.0', 'pseudo_26_310.0_908.0']"
pseudo_168_1110.0_1508.0_5_abs_absolute,['pseudo_204_1310.0_1708.0']
pseudo_168_1110.0_1508.0_6_abs_absolute,[]
pseudo_168_1110.0_1508.0_7_abs_absolute,[]
pseudo_168_1110.0_1508.0_8_abs_absolute,[]
pseudo_169_1110.0_1608.0_0_abs_absolute,[]
pseudo_169_1110.0_1608.0_1_abs_absolute,[]
pseudo_169_1110.0_1608.0_2_abs_absolute,[]
pseudo_169_1110.0_1608.0_3_abs_absolute,['pseudo_237_1510.0_1608.0']
pseudo_169_1110.0_1608.0_4_abs_absolute,[]
pseudo_169_1110.0_1608.0_5_abs_absolute,[]
pseudo_169_1110.0_1608.0_6_abs_absolute,[]
pseudo_169_1110.0_1608.0_7_abs_absolute,[]
pseudo_169_1110.0_1608.0_8_abs_absolute,[]
pseudo_173_1210.0_308.0_0_abs_absolute,[]
pseudo_173_1210.0_308.0_1_abs_absolute,[]
pseudo_173_1210.0_308.0_2_abs_absolute,[]
pseudo_173_1210.0_308.0_3_abs_absolute,[]
pseudo_173_1210.0_308.0_4_abs_absolute,[]
pseudo_173_1210.0_308.0_5_abs_absolute,[]
pseudo_173_1210.0_308.0_6_abs_absolute,[]
pseudo_173_1210.0_308.0_7_abs_absolute,['pseudo_186_1210.0_1608.0']
pseudo_173_1210.0_308.0_8_abs_absolute,[]
pseudo_174_1210.0_408.0_0_abs_absolute,[]
pseudo_174_1210.0_408.0_1_abs_absolute,[]
pseudo_174_1210.0_408.0_2_abs_absolute,[]
pseudo_174_1210.0_408.0_3_abs_absolute,[]
pseudo_174_1210.0_408.0_4_abs_absolute,[]
pseudo_174_1210.0_408.0_5_abs_absolute,[]
pseudo_174_1210.0_408.0_6_abs_absolute,[]
pseudo_174_1210.0_408.0_7_abs_absolute,[]
pseudo_174_1210.0_408.0_8_abs_absolute,"['pseudo_184_1210.0_1408.0', 'pseudo_186_1210.0_1608.0', 'pseudo_221_1410.0_1708.0', 'pseudo_65_510.0_1408.0']"
pseudo_175_1210.0_508.0_0_abs_absolute,"['pseudo_176_1210.0_608.0', 'pseudo_247_1610.0_908.0']"
pseudo_175_1210.0_508.0_1_abs_absolute,[]
pseudo_175_1210.0_508.0_2_abs_absolute,"['pseudo_153_1010.0_1708.0', 'pseudo_160_1110.0_708.0', 'pseudo_180_1210.0_1008.0', 'pseudo_207_1410.0_308.0', 'pseudo_227_1510.0_608.0', 'pseudo_24_310.0_708.0']"
pseudo_175_1210.0_508.0_3_abs_absolute,['pseudo_287_1810.0_1508.0']
pseudo_175_1210.0_508.0_4_abs_absolute,['pseudo_141_1010.0_508.0']
pseudo_175_1210.0_508.0_5_abs_absolute,[]
pseudo_175_1210.0_508.0_6_abs_absolute,[]
pseudo_175_1210.0_508.0_7_abs_absolute,[]
pseudo_175_1210.0_508.0_8_abs_absolute,[]
pseudo_176_1210.0_608.0_0_abs_absolute,[]
pseudo_176_1210.0_608.0_1_abs_absolute,[]
pseudo_176_1210.0_608.0_2_abs_absolute,[]
pseudo_176_1210.0_608.0_3_abs_absolute,[]
pseudo_176_1210.0_608.0_4_abs_absolute,"['pseudo_101_710.0_1608.0', 'pseudo_28_310.0_1108.0']"
pseudo_176_1210.0_608.0_5_abs_absolute,[]
pseudo_176_1210.0_608.0_6_abs_absolute,"['pseudo_168_1110.0_1508.0', 'pseudo_186_1210.0_1608.0', 'pseudo_76_610.0_808.0', 'pseudo_80_610.0_1208.0']"
pseudo_176_1210.0_608.0_7_abs_absolute,[]
pseudo_176_1210.0_608.0_8_abs_absolute,['pseudo_212_1410.0_808.0']
pseudo_177_1210.0_708.0_0_abs_absolute,[]
pseudo_177_1210.0_708.0_1_abs_absolute,"['pseudo_184_1210.0_1408.0', 'pseudo_28_310.0_1108.0', 'pseudo_49_410.0_1508.0']"
pseudo_177_1210.0_708.0_2_abs_absolute,[]
pseudo_177_1210.0_708.0_3_abs_absolute,[]
pseudo_177_1210.0_708.0_4_abs_absolute,[]
pseudo_177_1210.0_708.0_5_abs_absolute,['pseudo_29_310.0_1208.0']
pseudo_177_1210.0_708.0_6_abs_absolute,"['pseudo_118_810.0_1608.0', 'pseudo_258_1710.0_308.0', 'pseudo_276_1810.0_408.0']"
pseudo_177_1210.0_708.0_7_abs_absolute,"['pseudo_104_810.0_208.0', 'pseudo_147_1010.0_1108.0', 'pseudo_177_1210.0_708.0', 'pseudo_47_410.0_1308.0', 'pseudo_87_710.0_208.0', 'pseudo_97_710.0_1208.0']"
pseudo_177_1210.0_708.0_8_abs_absolute,[]
pseudo_178_1210.0_808.0_0_abs_absolute,[]
pseudo_178_1210.0_808.0_1_abs_absolute,['pseudo_22_310.0_508.0']
pseudo_178_1210.0_808.0_2_abs_absolute,['pseudo_124_910.0_508.0']
pseudo_178_1210.0_808.0_3_abs_absolute,"['pseudo_148_1010.0_1208.0', 'pseudo_149_1010.0_1308.0', 'pseudo_183_1210.0_1308.0', 'pseudo_208_1410.0_408.0', 'pseudo_20_310.0_308.0', 'pseudo_228_1510.0_708.0', 'pseudo_249_1610.0_1108.0', 'pseudo_276_1810.0_408.0', 'pseudo_277_1810.0_508.0', 'pseudo_44_410.0_1008.0', 'pseudo_55_510.0_408.0', 'pseudo_72_610.0_408.0']"
pseudo_178_1210.0_808.0_4_abs_absolute,['pseudo_159_1110.0_608.0']
pseudo_178_1210.0_808.0_5_abs_absolute,[]
pseudo_178_1210.0_808.0_6_abs_absolute,[]
pseudo_178_1210.0_808.0_7_abs_absolute,[]
pseudo_178_1210.0_808.0_8_abs_absolute,[]
pseudo_179_1210.0_908.0_0_abs_absolute,[]
pseudo_179_1210.0_908.0_1_abs_absolute,[]
pseudo_179_1210.0_908.0_2_abs_absolute,"['pseudo_41_410.0_708.0', 'pseudo_93_710.0_808.0']"
pseudo_179_1210.0_908.0_3_abs_absolute,[]
pseudo_179_1210.0_908.0_4_abs_absolute,[]
pseudo_179_1210.0_908.0_5_abs_absolute,[]
pseudo_179_1210.0_908.0_6_abs_absolute,[]
pseudo_179_1210.0_908.0_7_abs_absolute,[]
pseudo_179_1210.0_908.0_8_abs_absolute,[]
pseudo_180_1210.0_1008.0_0_abs_absolute,[]
pseudo_180_1210.0_1008.0_1_abs_absolute,[]
pseudo_180_1210.0_1008.0_2_abs_absolute,[]
pseudo_180_1210.0_1008.0_3_abs_absolute,[]
pseudo_180_1210.0_1008.0_4_abs_absolute,[]
pseudo_180_1210.0_1008.0_5_abs_absolute,[]
pseudo_180_1210.0_1008.0_6_abs_absolute,"['pseudo_184_1210.0_1408.0', 'pseudo_250_1610.0_1208.0', 'pseudo_251_1610.0_1308.0', 'pseudo_252_1610.0_1408.0', 'pseudo_255_1610.0_1708.0']"
pseudo_180_1210.0_1008.0_7_abs_absolute,['pseudo_9_210.0_908.0']
pseudo_180_1210.0_1008.0_8_abs_absolute,['pseudo_46_410.0_1208.0']
pseudo_181_1210.0_1108.0_0_abs_absolute,['pseudo_79_610.0_1108.0']
pseudo_181_1210.0_1108.0_1_abs_absolute,[]
pseudo_181_1210.0_1108.0_2_abs_absolute,[]
pseudo_181_1210.0_1108.0_3_abs_absolute,[]
pseudo_181_1210.0_1108.0_4_abs_absolute,[]
pseudo_181_1210.0_1108.0_5_abs_absolute,['pseudo_60_510.0_908.0']
pseudo_181_1210.0_1108.0_6_abs_absolute,[]
pseudo_181_1210.0_1108.0_7_abs_absolute,[]
pseudo_181_1210.0_1108.0_8_abs_absolute,[]
pseudo_182_1210.0_1208.0_0_abs_absolute,"['pseudo_167_1110.0_1408.0', 'pseudo_202_1310.0_1508.0', 'pseudo_288_1810.0_1608.0', 'pseudo_67_510.0_1608.0']"
pseudo_182_1210.0_1208.0_1_abs_absolute,"['pseudo_41_410.0_708.0', 'pseudo_93_710.0_808.0']"
pseudo_182_1210.0_1208.0_2_abs_absolute,[]
pseudo_182_1210.0_1208.0_3_abs_absolute,[]
pseudo_182_1210.0_1208.0_4_abs_absolute,[]
pseudo_182_1210.0_1208.0_5_abs_absolute,[]
pseudo_182_1210.0_1208.0_6_abs_absolute,[]
pseudo_182_1210.0_1208.0_7_abs_absolute,[]
pseudo_182_1210.0_1208.0_8_abs_absolute,"['pseudo_153_1010.0_1708.0', 'pseudo_160_1110.0_708.0', 'pseudo_180_1210.0_1008.0', 'pseudo_182_1210.0_1208.0', 'pseudo_207_1410.0_308.0', 'pseudo_216_1410.0_1208.0', 'pseudo_254_1610.0_1608.0']"
pseudo_183_1210.0_1308.0_0_abs_absolute,[]
pseudo_183_1210.0_1308.0_1_abs_absolute,[]
pseudo_183_1210.0_1308.0_2_abs_absolute,[]
pseudo_183_1210.0_1308.0_3_abs_absolute,[]
pseudo_183_1210.0_1308.0_4_abs_absolute,['pseudo_259_1710.0_408.0']
pseudo_183_1210.0_1308.0_5_abs_absolute,[]
pseudo_183_1210.0_1308.0_6_abs_absolute,['pseudo_108_810.0_608.0']
pseudo_183_1210.0_1308.0_7_abs_absolute,[]
pseudo_183_1210.0_1308.0_8_abs_absolute,"['pseudo_187_1210.0_1708.0', 'pseudo_215_1410.0_1108.0']"
pseudo_184_1210.0_1408.0_0_abs_absolute,[]
pseudo_184_1210.0_1408.0_1_abs_absolute,['pseudo_113_810.0_1108.0']
pseudo_184_1210.0_1408.0_2_abs_absolute,[]
pseudo_184_1210.0_1408.0_3_abs_absolute,[]
pseudo_184_1210.0_1408.0_4_abs_absolute,[]
pseudo_184_1210.0_1408.0_5_abs_absolute,['pseudo_141_1010.0_508.0']
pseudo_184_1210.0_1408.0_6_abs_absolute,['pseudo_282_1810.0_1008.0']
pseudo_184_1210.0_1408.0_7_abs_absolute,[]
pseudo_184_1210.0_1408.0_8_abs_absolute,[]
pseudo_185_1210.0_1508.0_0_abs_absolute,['pseudo_253_1610.0_1508.0']
pseudo_185_1210.0_1508.0_1_abs_absolute,[]
pseudo_185_1210.0_1508.0_2_abs_absolute,[]
pseudo_185_1210.0_1508.0_3_abs_absolute,[]
pseudo_185_1210.0_1508.0_4_abs_absolute,[]
pseudo_185_1210.0_1508.0_5_abs_absolute,['pseudo_257_1710.0_208.0']
pseudo_185_1210.0_1508.0_6_abs_absolute,"['pseudo_219_1410.0_1508.0', 'pseudo_89_710.0_408.0']"
pseudo_185_1210.0_1508.0_7_abs_absolute,[]
pseudo_185_1210.0_1508.0_8_abs_absolute,[]
pseudo_186_1210.0_1608.0_0_abs_absolute,[]
pseudo_186_1210.0_1608.0_1_abs_absolute,[]
pseudo_186_1210.0_1608.0_2_abs_absolute,[]
pseudo_186_1210.0_1608.0_3_abs_absolute,[]
pseudo_186_1210.0_1608.0_4_abs_absolute,[]
pseudo_186_1210.0_1608.0_5_abs_absolute,[]
pseudo_186_1210.0_1608.0_6_abs_absolute,['pseudo_203_1310.0_1608.0']
pseudo_186_1210.0_1608.0_7_abs_absolute,[]
pseudo_186_1210.0_1608.0_8_abs_absolute,[]
pseudo_187_1210.0_1708.0_0_abs_absolute,[]
pseudo_187_1210.0_1708.0_1_abs_absolute,"['pseudo_104_810.0_208.0', 'pseudo_121_910.0_208.0', 'pseudo_122_910.0_308.0', 'pseudo_131_910.0_1208.0', 'pseudo_147_1010.0_1108.0', 'pseudo_177_1210.0_708.0', 'pseudo_247_1610.0_908.0', 'pseudo_285_1810.0_1308.0', 'pseudo_87_710.0_208.0']"
pseudo_187_1210.0_1708.0_2_abs_absolute,['pseudo_198_1310.0_1108.0']
pseudo_187_1210.0_1708.0_3_abs_absolute,['pseudo_213_1410.0_908.0']
pseudo_187_1210.0_1708.0_4_abs_absolute,"['pseudo_159_1110.0_608.0', 'pseudo_203_1310.0_1608.0', 'pseudo_244_1610.0_608.0', 'pseudo_268_1710.0_1308.0']"
pseudo_187_1210.0_1708.0_5_abs_absolute,[]
pseudo_187_1210.0_1708.0_6_abs_absolute,"['pseudo_162_1110.0_908.0', 'pseudo_231_1510.0_1008.0', 'pseudo_23_310.0_608.0', 'pseudo_73_610.0_508.0']"
pseudo_187_1210.0_1708.0_7_abs_absolute,[]
pseudo_187_1210.0_1708.0_8_abs_absolute,[]
pseudo_190_1310.0_308.0_0_abs_absolute,[]
pseudo_190_1310.0_308.0_1_abs_absolute,[]
pseudo_190_1310.0_308.0_2_abs_absolute,[]
pseudo_190_1310.0_308.0_3_abs_absolute,"['pseudo_181_1210.0_1108.0', 'pseudo_95_710.0_1008.0']"
pseudo_190_1310.0_308.0_4_abs_absolute,"['pseudo_20_310.0_308.0', 'pseudo_258_1710.0_308.0', 'pseudo_277_1810.0_508.0', 'pseudo_9_210.0_908.0']"
pseudo_190_1310.0_308.0_5_abs_absolute,[]
pseudo_190_1310.0_308.0_6_abs_absolute,['pseudo_243_1610.0_508.0']
pseudo_190_1310.0_308.0_7_abs_absolute,"['pseudo_122_910.0_308.0', 'pseudo_132_910.0_1308.0', 'pseudo_158_1110.0_508.0', 'pseudo_196_1310.0_908.0', 'pseudo_214_1410.0_1008.0', 'pseudo_228_1510.0_708.0', 'pseudo_241_1610.0_308.0', 'pseudo_244_1610.0_608.0', 'pseudo_245_1610.0_708.0', 'pseudo_73_610.0_508.0', 'pseudo_75_610.0_708.0']"
pseudo_190_1310.0_308.0_8_abs_absolute,"['pseudo_211_1410.0_708.0', 'pseudo_236_1510.0_1508.0']"
pseudo_191_1310.0_408.0_0_abs_absolute,[]
pseudo_191_1310.0_408.0_1_abs_absolute,[]
pseudo_191_1310.0_408.0_2_abs_absolute,['pseudo_33_310.0_1608.0']
pseudo_191_1310.0_408.0_3_abs_absolute,[]
pseudo_191_1310.0_408.0_4_abs_absolute,[]
pseudo_191_1310.0_408.0_5_abs_absolute,['pseudo_259_1710.0_408.0']
pseudo_191_1310.0_408.0_6_abs_absolute,['pseudo_30_310.0_1308.0']
pseudo_191_1310.0_408.0_7_abs_absolute,[]
pseudo_191_1310.0_408.0_8_abs_absolute,[]
pseudo_192_1310.0_508.0_0_abs_absolute,[]
pseudo_192_1310.0_508.0_1_abs_absolute,[]
pseudo_192_1310.0_508.0_2_abs_absolute,['pseudo_183_1210.0_1308.0']
pseudo_192_1310.0_508.0_3_abs_absolute,['pseudo_238_1510.0_1708.0']
pseudo_192_1310.0_508.0_4_abs_absolute,['pseudo_213_1410.0_908.0']
pseudo_192_1310.0_508.0_5_abs_absolute,['pseudo_235_1510.0_1408.0']
pseudo_192_1310.0_508.0_6_abs_absolute,[]
pseudo_192_1310.0_508.0_7_abs_absolute,[]
pseudo_192_1310.0_508.0_8_abs_absolute,[]
pseudo_193_1310.0_608.0_0_abs_absolute,[]
pseudo_193_1310.0_608.0_1_abs_absolute,[]
pseudo_193_1310.0_608.0_2_abs_absolute,[]
pseudo_193_1310.0_608.0_3_abs_absolute,[]
pseudo_193_1310.0_608.0_4_abs_absolute,[]
pseudo_193_1310.0_608.0_5_abs_absolute,[]
pseudo_193_1310.0_608.0_6_abs_absolute,[]
pseudo_193_1310.0_608.0_7_abs_absolute,[]
pseudo_193_1310.0_608.0_8_abs_absolute,['pseudo_79_610.0_1108.0']
pseudo_194_1310.0_708.0_0_abs_absolute,[]
pseudo_194_1310.0_708.0_1_abs_absolute,[]
pseudo_194_1310.0_708.0_2_abs_absolute,[]
pseudo_194_1310.0_708.0_3_abs_absolute,[]
pseudo_194_1310.0_708.0_4_abs_absolute,['pseudo_181_1210.0_1108.0']
pseudo_194_1310.0_708.0_5_abs_absolute,[]
pseudo_194_1310.0_708.0_6_abs_absolute,[]
pseudo_194_1310.0_708.0_7_abs_absolute,['pseudo_26_310.0_908.0']
pseudo_194_1310.0_708.0_8_abs_absolute,['pseudo_169_1110.0_1608.0']
pseudo_195_1310.0_808.0_0_abs_absolute,[]
pseudo_195_1310.0_808.0_1_abs_absolute,[]
pseudo_195_1310.0_808.0_2_abs_absolute,[]
pseudo_195_1310.0_808.0_3_abs_absolute,[]
pseudo_195_1310.0_808.0_4_abs_absolute,[]
pseudo_195_1310.0_808.0_5_abs_absolute,[]
pseudo_195_1310.0_808.0_6_abs_absolute,"['pseudo_196_1310.0_908.0', 'pseudo_42_410.0_808.0', 'pseudo_74_610.0_608.0']"
pseudo_195_1310.0_808.0_7_abs_absolute,[]
pseudo_195_1310.0_808.0_8_abs_absolute,"['pseudo_159_1110.0_608.0', 'pseudo_244_1610.0_608.0', 'pseudo_42_410.0_808.0']"
pseudo_196_1310.0_908.0_0_abs_absolute,[]
pseudo_196_1310.0_908.0_1_abs_absolute,"['pseudo_161_1110.0_808.0', 'pseudo_219_1410.0_1508.0']"
pseudo_196_1310.0_908.0_2_abs_absolute,"['pseudo_143_1010.0_708.0', 'pseudo_258_1710.0_308.0', 'pseudo_68_510.0_1708.0']"
pseudo_196_1310.0_908.0_3_abs_absolute,['pseudo_287_1810.0_1508.0']
pseudo_196_1310.0_908.0_4_abs_absolute,[]
pseudo_196_1310.0_908.0_5_abs_absolute,[]
pseudo_196_1310.0_908.0_6_abs_absolute,[]
pseudo_196_1310.0_908.0_7_abs_absolute,[]
pseudo_196_1310.0_908.0_8_abs_absolute,[]
pseudo_197_1310.0_1008.0_0_abs_absolute,"['pseudo_139_1010.0_308.0', 'pseudo_145_1010.0_908.0', 'pseudo_157_1110.0_408.0', 'pseudo_160_1110.0_708.0', 'pseudo_174_1210.0_408.0', 'pseudo_233_1510.0_1208.0', 'pseudo_275_1810.0_308.0', 'pseudo_283_1810.0_1108.0', 'pseudo_53_510.0_208.0', 'pseudo_69_610.0_108.0']"
pseudo_197_1310.0_1008.0_1_abs_absolute,[]
pseudo_197_1310.0_1008.0_2_abs_absolute,[]
pseudo_197_1310.0_1008.0_3_abs_absolute,['pseudo_29_310.0_1208.0']
pseudo_197_1310.0_1008.0_4_abs_absolute,[]
pseudo_197_1310.0_1008.0_5_abs_absolute,[]
pseudo_197_1310.0_1008.0_6_abs_absolute,"['pseudo_128_910.0_908.0', 'pseudo_142_1010.0_608.0', 'pseudo_210_1410.0_608.0', 'pseudo_244_1610.0_608.0', 'pseudo_62_510.0_1108.0', 'pseudo_75_610.0_708.0']"
pseudo_197_1310.0_1008.0_7_abs_absolute,[]
pseudo_197_1310.0_1008.0_8_abs_absolute,['pseudo_51_410.0_1708.0']
pseudo_198_1310.0_1108.0_0_abs_absolute,[]
pseudo_198_1310.0_1108.0_1_abs_absolute,[]
pseudo_198_1310.0_1108.0_2_abs_absolute,[]
pseudo_198_1310.0_1108.0_3_abs_absolute,[]
pseudo_198_1310.0_1108.0_4_abs_absolute,[]
pseudo_198_1310.0_1108.0_5_abs_absolute,['pseudo_246_1610.0_808.0']
pseudo_198_1310.0_1108.0_6_abs_absolute,[]
pseudo_198_1310.0_1108.0_7_abs_absolute,[]
pseudo_198_1310.0_1108.0_8_abs_absolute,[]
pseudo_199_1310.0_1208.0_0_abs_absolute,[]
pseudo_199_1310.0_1208.0_1_abs_absolute,"['pseudo_157_1110.0_408.0', 'pseudo_179_1210.0_908.0']"
pseudo_199_1310.0_1208.0_2_abs_absolute,[]
pseudo_199_1310.0_1208.0_3_abs_absolute,['pseudo_63_510.0_1208.0']
pseudo_199_1310.0_1208.0_4_abs_absolute,[]
pseudo_199_1310.0_1208.0_5_abs_absolute,['pseudo_39_410.0_508.0']
pseudo_199_1310.0_1208.0_6_abs_absolute,[]
pseudo_199_1310.0_1208.0_7_abs_absolute,[]
pseudo_199_1310.0_1208.0_8_abs_absolute,['pseudo_181_1210.0_1108.0']
pseudo_200_1310.0_1308.0_0_abs_absolute,['pseudo_143_1010.0_708.0']
pseudo_200_1310.0_1308.0_1_abs_absolute,['pseudo_190_1310.0_308.0']
pseudo_200_1310.0_1308.0_2_abs_absolute,[]
pseudo_200_1310.0_1308.0_3_abs_absolute,[]
pseudo_200_1310.0_1308.0_4_abs_absolute,[]
pseudo_200_1310.0_1308.0_5_abs_absolute,"['pseudo_180_1210.0_1008.0', 'pseudo_60_510.0_908.0']"
pseudo_200_1310.0_1308.0_6_abs_absolute,"['pseudo_118_810.0_1608.0', 'pseudo_140_1010.0_408.0', 'pseudo_258_1710.0_308.0']"
pseudo_200_1310.0_1308.0_7_abs_absolute,[]
pseudo_200_1310.0_1308.0_8_abs_absolute,"['pseudo_133_910.0_1408.0', 'pseudo_168_1110.0_1508.0', 'pseudo_236_1510.0_1508.0']"
pseudo_201_1310.0_1408.0_0_abs_absolute,[]
pseudo_201_1310.0_1408.0_1_abs_absolute,[]
pseudo_201_1310.0_1408.0_2_abs_absolute,['pseudo_248_1610.0_1008.0']
pseudo_201_1310.0_1408.0_3_abs_absolute,[]
pseudo_201_1310.0_1408.0_4_abs_absolute,"['pseudo_263_1710.0_808.0', 'pseudo_92_710.0_708.0']"
pseudo_201_1310.0_1408.0_5_abs_absolute,[]
pseudo_201_1310.0_1408.0_6_abs_absolute,['pseudo_218_1410.0_1408.0']
pseudo_201_1310.0_1408.0_7_abs_absolute,['pseudo_105_810.0_308.0']
pseudo_201_1310.0_1408.0_8_abs_absolute,[]
pseudo_202_1310.0_1508.0_0_abs_absolute,[]
pseudo_202_1310.0_1508.0_1_abs_absolute,[]
pseudo_202_1310.0_1508.0_2_abs_absolute,[]
pseudo_202_1310.0_1508.0_3_abs_absolute,"['pseudo_107_810.0_508.0', 'pseudo_193_1310.0_608.0', 'pseudo_214_1410.0_1008.0', 'pseudo_226_1510.0_508.0', 'pseudo_286_1810.0_1408.0']"
pseudo_202_1310.0_1508.0_4_abs_absolute,[]
pseudo_202_1310.0_1508.0_5_abs_absolute,[]
pseudo_202_1310.0_1508.0_6_abs_absolute,[]
pseudo_202_1310.0_1508.0_7_abs_absolute,[]
pseudo_202_1310.0_1508.0_8_abs_absolute,['pseudo_209_1410.0_508.0']
pseudo_203_1310.0_1608.0_0_abs_absolute,['pseudo_284_1810.0_1208.0']
pseudo_203_1310.0_1608.0_1_abs_absolute,[]
pseudo_203_1310.0_1608.0_2_abs_absolute,[]
pseudo_203_1310.0_1608.0_3_abs_absolute,[]
pseudo_203_1310.0_1608.0_4_abs_absolute,[]
pseudo_203_1310.0_1608.0_5_abs_absolute,[]
pseudo_203_1310.0_1608.0_6_abs_absolute,[]
pseudo_203_1310.0_1608.0_7_abs_absolute,[]
pseudo_203_1310.0_1608.0_8_abs_absolute,[]
pseudo_204_1310.0_1708.0_0_abs_absolute,[]
pseudo_204_1310.0_1708.0_1_abs_absolute,[]
pseudo_204_1310.0_1708.0_2_abs_absolute,"['pseudo_212_1410.0_808.0', 'pseudo_261_1710.0_608.0']"
pseudo_204_1310.0_1708.0_3_abs_absolute,[]
pseudo_204_1310.0_1708.0_4_abs_absolute,"['pseudo_123_910.0_408.0', 'pseudo_134_910.0_1508.0']"
pseudo_204_1310.0_1708.0_5_abs_absolute,['pseudo_260_1710.0_508.0']
pseudo_204_1310.0_1708.0_6_abs_absolute,[]
pseudo_204_1310.0_1708.0_7_abs_absolute,[]
pseudo_204_1310.0_1708.0_8_abs_absolute,[]
pseudo_206_1410.0_208.0_0_abs_absolute,[]
pseudo_206_1410.0_208.0_1_abs_absolute,[]
pseudo_206_1410.0_208.0_2_abs_absolute,[]
pseudo_206_1410.0_208.0_3_abs_absolute,[]
pseudo_206_1410.0_208.0_4_abs_absolute,[]
pseudo_206_1410.0_208.0_5_abs_absolute,['pseudo_266_1710.0_1108.0']
pseudo_206_1410.0_208.0_6_abs_absolute,['pseudo_202_1310.0_1508.0']
pseudo_206_1410.0_208.0_7_abs_absolute,[]
pseudo_206_1410.0_208.0_8_abs_absolute,[]
pseudo_207_1410.0_308.0_0_abs_absolute,[]
pseudo_207_1410.0_308.0_1_abs_absolute,['pseudo_237_1510.0_1608.0']
pseudo_207_1410.0_308.0_2_abs_absolute,[]
pseudo_207_1410.0_308.0_3_abs_absolute,"['pseudo_122_910.0_308.0', 'pseudo_285_1810.0_1308.0']"
pseudo_207_1410.0_308.0_4_abs_absolute,[]
pseudo_207_1410.0_308.0_5_abs_absolute,[]
pseudo_207_1410.0_308.0_6_abs_absolute,[]
pseudo_207_1410.0_308.0_7_abs_absolute,['pseudo_127_910.0_808.0']
pseudo_207_1410.0_308.0_8_abs_absolute,['pseudo_141_1010.0_508.0']
pseudo_208_1410.0_408.0_0_abs_absolute,[]
pseudo_208_1410.0_408.0_1_abs_absolute,[]
pseudo_208_1410.0_408.0_2_abs_absolute,[]
pseudo_208_1410.0_408.0_3_abs_absolute,[]
pseudo_208_1410.0_408.0_4_abs_absolute,"['pseudo_112_810.0_1008.0', 'pseudo_135_910.0_1608.0', 'pseudo_186_1210.0_1608.0', 'pseudo_201_1310.0_1408.0', 'pseudo_203_1310.0_1608.0', 'pseudo_255_1610.0_1708.0', 'pseudo_65_510.0_1408.0']"
pseudo_208_1410.0_408.0_5_abs_absolute,['pseudo_71_610.0_308.0']
pseudo_208_1410.0_408.0_6_abs_absolute,[]
pseudo_208_1410.0_408.0_7_abs_absolute,[]
pseudo_208_1410.0_408.0_8_abs_absolute,"['pseudo_153_1010.0_1708.0', 'pseudo_175_1210.0_508.0', 'pseudo_207_1410.0_308.0']"
pseudo_209_1410.0_508.0_0_abs_absolute,[]
pseudo_209_1410.0_508.0_1_abs_absolute,[]
pseudo_209_1410.0_508.0_2_abs_absolute,[]
pseudo_209_1410.0_508.0_3_abs_absolute,[]
pseudo_209_1410.0_508.0_4_abs_absolute,[]
pseudo_209_1410.0_508.0_5_abs_absolute,['pseudo_140_1010.0_408.0']
pseudo_209_1410.0_508.0_6_abs_absolute,['pseudo_243_1610.0_508.0']
pseudo_209_1410.0_508.0_7_abs_absolute,[]
pseudo_209_1410.0_508.0_8_abs_absolute,"['pseudo_111_810.0_908.0', 'pseudo_173_1210.0_308.0', 'pseudo_183_1210.0_1308.0', 'pseudo_257_1710.0_208.0', 'pseudo_258_1710.0_308.0', 'pseudo_284_1810.0_1208.0', 'pseudo_286_1810.0_1408.0', 'pseudo_77_610.0_908.0']"
pseudo_210_1410.0_608.0_0_abs_absolute,[]
pseudo_210_1410.0_608.0_1_abs_absolute,[]
pseudo_210_1410.0_608.0_2_abs_absolute,['pseudo_141_1010.0_508.0']
pseudo_210_1410.0_608.0_3_abs_absolute,[]
pseudo_210_1410.0_608.0_4_abs_absolute,[]
pseudo_210_1410.0_608.0_5_abs_absolute,[]
pseudo_210_1410.0_608.0_6_abs_absolute,[]
pseudo_210_1410.0_608.0_7_abs_absolute,[]
pseudo_210_1410.0_608.0_8_abs_absolute,"['pseudo_123_910.0_408.0', 'pseudo_138_1010.0_208.0', 'pseudo_279_1810.0_708.0', 'pseudo_9_210.0_908.0']"
pseudo_211_1410.0_708.0_0_abs_absolute,[]
pseudo_211_1410.0_708.0_1_abs_absolute,[]
pseudo_211_1410.0_708.0_2_abs_absolute,[]
pseudo_211_1410.0_708.0_3_abs_absolute,[]
pseudo_211_1410.0_708.0_4_abs_absolute,[]
pseudo_211_1410.0_708.0_5_abs_absolute,[]
pseudo_211_1410.0_708.0_6_abs_absolute,[]
pseudo_211_1410.0_708.0_7_abs_absolute,[]
pseudo_211_1410.0_708.0_8_abs_absolute,[]
pseudo_212_1410.0_808.0_0_abs_absolute,[]
pseudo_212_1410.0_808.0_1_abs_absolute,['pseudo_240_1610.0_208.0']
pseudo_212_1410.0_808.0_2_abs_absolute,"['pseudo_131_910.0_1208.0', 'pseudo_147_1010.0_1108.0', 'pseudo_198_1310.0_1108.0', 'pseudo_97_710.0_1208.0']"
pseudo_212_1410.0_808.0_3_abs_absolute,['pseudo_280_1810.0_808.0']
pseudo_212_1410.0_808.0_4_abs_absolute,[]
pseudo_212_1410.0_808.0_5_abs_absolute,[]
pseudo_212_1410.0_808.0_6_abs_absolute,[]
pseudo_212_1410.0_808.0_7_abs_absolute,[]
pseudo_212_1410.0_808.0_8_abs_absolute,[]
pseudo_213_1410.0_908.0_0_abs_absolute,[]
pseudo_213_1410.0_908.0_1_abs_absolute,"['pseudo_112_810.0_1008.0', 'pseudo_182_1210.0_1208.0', 'pseudo_251_1610.0_1308.0', 'pseudo_252_1610.0_1408.0']"
pseudo_213_1410.0_908.0_2_abs_absolute,['pseudo_141_1010.0_508.0']
pseudo_213_1410.0_908.0_3_abs_absolute,[]
pseudo_213_1410.0_908.0_4_abs_absolute,['pseudo_109_810.0_708.0']
pseudo_213_1410.0_908.0_5_abs_absolute,[]
pseudo_213_1410.0_908.0_6_abs_absolute,['pseudo_29_310.0_1208.0']
pseudo_213_1410.0_908.0_7_abs_absolute,[]
pseudo_213_1410.0_908.0_8_abs_absolute,['pseudo_237_1510.0_1608.0']
pseudo_214_1410.0_1008.0_0_abs_absolute,['pseudo_129_910.0_1008.0']
pseudo_214_1410.0_1008.0_1_abs_absolute,['pseudo_247_1610.0_908.0']
pseudo_214_1410.0_1008.0_2_abs_absolute,[]
pseudo_214_1410.0_1008.0_3_abs_absolute,"['pseudo_270_1710.0_1508.0', 'pseudo_61_510.0_1008.0']"
pseudo_214_1410.0_1008.0_4_abs_absolute,[]
pseudo_214_1410.0_1008.0_5_abs_absolute,[]
pseudo_214_1410.0_1008.0_6_abs_absolute,[]
pseudo_214_1410.0_1008.0_7_abs_absolute,[]
pseudo_214_1410.0_1008.0_8_abs_absolute,[]
pseudo_215_1410.0_1108.0_0_abs_absolute,['pseudo_209_1410.0_508.0']
pseudo_215_1410.0_1108.0_1_abs_absolute,[]
pseudo_215_1410.0_1108.0_2_abs_absolute,"['pseudo_63_510.0_1208.0', 'pseudo_81_610.0_1308.0']"
pseudo_215_1410.0_1108.0_3_abs_absolute,[]
pseudo_215_1410.0_1108.0_4_abs_absolute,[]
pseudo_215_1410.0_1108.0_5_abs_absolute,"['pseudo_199_1310.0_1208.0', 'pseudo_227_1510.0_608.0']"
pseudo_215_1410.0_1108.0_6_abs_absolute,['pseudo_29_310.0_1208.0']
pseudo_215_1410.0_1108.0_7_abs_absolute,['pseudo_218_1410.0_1408.0']
pseudo_215_1410.0_1108.0_8_abs_absolute,[]
pseudo_216_1410.0_1208.0_0_abs_absolute,[]
pseudo_216_1410.0_1208.0_1_abs_absolute,[]
pseudo_216_1410.0_1208.0_2_abs_absolute,['pseudo_136_910.0_1708.0']
pseudo_216_1410.0_1208.0_3_abs_absolute,[]
pseudo_216_1410.0_1208.0_4_abs_absolute,[]
pseudo_216_1410.0_1208.0_5_abs_absolute,[]
pseudo_216_1410.0_1208.0_6_abs_absolute,[]
pseudo_216_1410.0_1208.0_7_abs_absolute,[]
pseudo_216_1410.0_1208.0_8_abs_absolute,[]
pseudo_217_1410.0_1308.0_0_abs_absolute,"['pseudo_121_910.0_208.0', 'pseudo_122_910.0_308.0', 'pseudo_148_1010.0_1208.0', 'pseudo_149_1010.0_1308.0', 'pseudo_240_1610.0_208.0']"
pseudo_217_1410.0_1308.0_1_abs_absolute,[]
pseudo_217_1410.0_1308.0_2_abs_absolute,[]
pseudo_217_1410.0_1308.0_3_abs_absolute,[]
pseudo_217_1410.0_1308.0_4_abs_absolute,[]
pseudo_217_1410.0_1308.0_5_abs_absolute,[]
pseudo_217_1410.0_1308.0_6_abs_absolute,['pseudo_257_1710.0_208.0']
pseudo_217_1410.0_1308.0_7_abs_absolute,['pseudo_101_710.0_1608.0']
pseudo_217_1410.0_1308.0_8_abs_absolute,[]
pseudo_218_1410.0_1408.0_0_abs_absolute,['pseudo_146_1010.0_1008.0']
pseudo_218_1410.0_1408.0_1_abs_absolute,[]
pseudo_218_1410.0_1408.0_2_abs_absolute,[]
pseudo_218_1410.0_1408.0_3_abs_absolute,['pseudo_76_610.0_808.0']
pseudo_218_1410.0_1408.0_4_abs_absolute,[]
pseudo_218_1410.0_1408.0_5_abs_absolute,['pseudo_197_1310.0_1008.0']
pseudo_218_1410.0_1408.0_6_abs_absolute,[]
pseudo_218_1410.0_1408.0_7_abs_absolute,['pseudo_216_1410.0_1208.0']
pseudo_218_1410.0_1408.0_8_abs_absolute,[]
pseudo_219_1410.0_1508.0_0_abs_absolute,[]
pseudo_219_1410.0_1508.0_1_abs_absolute,"['pseudo_175_1210.0_508.0', 'pseudo_180_1210.0_1008.0', 'pseudo_60_510.0_908.0']"
pseudo_219_1410.0_1508.0_2_abs_absolute,[]
pseudo_219_1410.0_1508.0_3_abs_absolute,[]
pseudo_219_1410.0_1508.0_4_abs_absolute,[]
pseudo_219_1410.0_1508.0_5_abs_absolute,"['pseudo_191_1310.0_408.0', 'pseudo_198_1310.0_1108.0', 'pseudo_215_1410.0_1108.0', 'pseudo_227_1510.0_608.0', 'pseudo_30_310.0_1308.0', 'pseudo_58_510.0_708.0', 'pseudo_90_710.0_508.0']"
pseudo_219_1410.0_1508.0_6_abs_absolute,[]
pseudo_219_1410.0_1508.0_7_abs_absolute,[]
pseudo_219_1410.0_1508.0_8_abs_absolute,[]
pseudo_220_1410.0_1608.0_0_abs_absolute,[]
pseudo_220_1410.0_1608.0_1_abs_absolute,[]
pseudo_220_1410.0_1608.0_2_abs_absolute,['pseudo_123_910.0_408.0']
pseudo_220_1410.0_1608.0_3_abs_absolute,[]
pseudo_220_1410.0_1608.0_4_abs_absolute,[]
pseudo_220_1410.0_1608.0_5_abs_absolute,['pseudo_89_710.0_408.0']
pseudo_220_1410.0_1608.0_6_abs_absolute,[]
pseudo_220_1410.0_1608.0_7_abs_absolute,[]
pseudo_220_1410.0_1608.0_8_abs_absolute,[]
pseudo_221_1410.0_1708.0_0_abs_absolute,[]
pseudo_221_1410.0_1708.0_1_abs_absolute,"['pseudo_100_710.0_1508.0', 'pseudo_150_1010.0_1408.0', 'pseudo_270_1710.0_1508.0', 'pseudo_84_610.0_1608.0']"
pseudo_221_1410.0_1708.0_2_abs_absolute,[]
pseudo_221_1410.0_1708.0_3_abs_absolute,[]
pseudo_221_1410.0_1708.0_4_abs_absolute,[]
pseudo_221_1410.0_1708.0_5_abs_absolute,[]
pseudo_221_1410.0_1708.0_6_abs_absolute,['pseudo_73_610.0_508.0']
pseudo_221_1410.0_1708.0_7_abs_absolute,[]
pseudo_221_1410.0_1708.0_8_abs_absolute,[]
pseudo_224_1510.0_308.0_0_abs_absolute,['pseudo_264_1710.0_908.0']
pseudo_224_1510.0_308.0_1_abs_absolute,[]
pseudo_224_1510.0_308.0_2_abs_absolute,['pseudo_76_610.0_808.0']
pseudo_224_1510.0_308.0_3_abs_absolute,[]
pseudo_224_1510.0_308.0_4_abs_absolute,[]
pseudo_224_1510.0_308.0_5_abs_absolute,['pseudo_9_210.0_908.0']
pseudo_224_1510.0_308.0_6_abs_absolute,[]
pseudo_224_1510.0_308.0_7_abs_absolute,[]
pseudo_224_1510.0_308.0_8_abs_absolute,[]
pseudo_225_1510.0_408.0_0_abs_absolute,"['pseudo_128_910.0_908.0', 'pseudo_138_1010.0_208.0', 'pseudo_215_1410.0_1108.0']"
pseudo_225_1510.0_408.0_1_abs_absolute,[]
pseudo_225_1510.0_408.0_2_abs_absolute,[]
pseudo_225_1510.0_408.0_3_abs_absolute,[]
pseudo_225_1510.0_408.0_4_abs_absolute,[]
pseudo_225_1510.0_408.0_5_abs_absolute,['pseudo_206_1410.0_208.0']
pseudo_225_1510.0_408.0_6_abs_absolute,[]
pseudo_225_1510.0_408.0_7_abs_absolute,[]
pseudo_225_1510.0_408.0_8_abs_absolute,[]
pseudo_226_1510.0_508.0_0_abs_absolute,[]
pseudo_226_1510.0_508.0_1_abs_absolute,[]
pseudo_226_1510.0_508.0_2_abs_absolute,[]
pseudo_226_1510.0_508.0_3_abs_absolute,[]
pseudo_226_1510.0_508.0_4_abs_absolute,[]
pseudo_226_1510.0_508.0_5_abs_absolute,[]
pseudo_226_1510.0_508.0_6_abs_absolute,[]
pseudo_226_1510.0_508.0_7_abs_absolute,[]
pseudo_226_1510.0_508.0_8_abs_absolute,['pseudo_269_1710.0_1408.0']
pseudo_227_1510.0_608.0_0_abs_absolute,[]
pseudo_227_1510.0_608.0_1_abs_absolute,['pseudo_26_310.0_908.0']
pseudo_227_1510.0_608.0_2_abs_absolute,[]
pseudo_227_1510.0_608.0_3_abs_absolute,"['pseudo_229_1510.0_808.0', 'pseudo_92_710.0_708.0']"
pseudo_227_1510.0_608.0_4_abs_absolute,[]
pseudo_227_1510.0_608.0_5_abs_absolute,['pseudo_218_1410.0_1408.0']
pseudo_227_1510.0_608.0_6_abs_absolute,[]
pseudo_227_1510.0_608.0_7_abs_absolute,[]
pseudo_227_1510.0_608.0_8_abs_absolute,[]
pseudo_228_1510.0_708.0_0_abs_absolute,[]
pseudo_228_1510.0_708.0_1_abs_absolute,[]
pseudo_228_1510.0_708.0_2_abs_absolute,[]
pseudo_228_1510.0_708.0_3_abs_absolute,"['pseudo_112_810.0_1008.0', 'pseudo_117_810.0_1508.0', 'pseudo_119_810.0_1708.0', 'pseudo_133_910.0_1408.0', 'pseudo_168_1110.0_1508.0', 'pseudo_185_1210.0_1508.0', 'pseudo_200_1310.0_1308.0', 'pseudo_201_1310.0_1408.0', 'pseudo_48_410.0_1408.0', 'pseudo_65_510.0_1408.0', 'pseudo_80_610.0_1208.0']"
pseudo_228_1510.0_708.0_4_abs_absolute,"['pseudo_121_910.0_208.0', 'pseudo_122_910.0_308.0', 'pseudo_126_910.0_708.0', 'pseudo_148_1010.0_1208.0', 'pseudo_20_310.0_308.0', 'pseudo_230_1510.0_908.0', 'pseudo_37_410.0_308.0']"
pseudo_228_1510.0_708.0_5_abs_absolute,['pseudo_262_1710.0_708.0']
pseudo_228_1510.0_708.0_6_abs_absolute,['pseudo_91_710.0_608.0']
pseudo_228_1510.0_708.0_7_abs_absolute,['pseudo_27_310.0_1008.0']
pseudo_228_1510.0_708.0_8_abs_absolute,['pseudo_247_1610.0_908.0']
pseudo_229_1510.0_808.0_0_abs_absolute,[]
pseudo_229_1510.0_808.0_1_abs_absolute,['pseudo_250_1610.0_1208.0']
pseudo_229_1510.0_808.0_2_abs_absolute,[]
pseudo_229_1510.0_808.0_3_abs_absolute,[]
pseudo_229_1510.0_808.0_4_abs_absolute,[]
pseudo_229_1510.0_808.0_5_abs_absolute,[]
pseudo_229_1510.0_808.0_6_abs_absolute,[]
pseudo_229_1510.0_808.0_7_abs_absolute,[]
pseudo_229_1510.0_808.0_8_abs_absolute,[]
pseudo_230_1510.0_908.0_0_abs_absolute,"['pseudo_100_710.0_1508.0', 'pseudo_150_1010.0_1408.0']"
pseudo_230_1510.0_908.0_1_abs_absolute,[]
pseudo_230_1510.0_908.0_2_abs_absolute,"['pseudo_105_810.0_308.0', 'pseudo_240_1610.0_208.0', 'pseudo_68_510.0_1708.0']"
pseudo_230_1510.0_908.0_3_abs_absolute,[]
pseudo_230_1510.0_908.0_4_abs_absolute,[]
pseudo_230_1510.0_908.0_5_abs_absolute,[]
pseudo_230_1510.0_908.0_6_abs_absolute,['pseudo_213_1410.0_908.0']
pseudo_230_1510.0_908.0_7_abs_absolute,[]
pseudo_230_1510.0_908.0_8_abs_absolute,['pseudo_108_810.0_608.0']
pseudo_231_1510.0_1008.0_0_abs_absolute,['pseudo_246_1610.0_808.0']
pseudo_231_1510.0_1008.0_1_abs_absolute,[]
pseudo_231_1510.0_1008.0_2_abs_absolute,['pseudo_79_610.0_1108.0']
pseudo_231_1510.0_1008.0_3_abs_absolute,[]
pseudo_231_1510.0_1008.0_4_abs_absolute,['pseudo_118_810.0_1608.0']
pseudo_231_1510.0_1008.0_5_abs_absolute,[]
pseudo_231_1510.0_1008.0_6_abs_absolute,[]
pseudo_231_1510.0_1008.0_7_abs_absolute,['pseudo_51_410.0_1708.0']
pseudo_231_1510.0_1008.0_8_abs_absolute,[]
pseudo_232_1510.0_1108.0_0_abs_absolute,['pseudo_101_710.0_1608.0']
pseudo_232_1510.0_1108.0_1_abs_absolute,['pseudo_234_1510.0_1308.0']
pseudo_232_1510.0_1108.0_2_abs_absolute,['pseudo_92_710.0_708.0']
pseudo_232_1510.0_1108.0_3_abs_absolute,['pseudo_106_810.0_408.0']
pseudo_232_1510.0_1108.0_4_abs_absolute,[]
pseudo_232_1510.0_1108.0_5_abs_absolute,[]
pseudo_232_1510.0_1108.0_6_abs_absolute,['pseudo_81_610.0_1308.0']
pseudo_232_1510.0_1108.0_7_abs_absolute,[]
pseudo_232_1510.0_1108.0_8_abs_absolute,[]
pseudo_233_1510.0_1208.0_0_abs_absolute,[]
pseudo_233_1510.0_1208.0_1_abs_absolute,[]
pseudo_233_1510.0_1208.0_2_abs_absolute,[]
pseudo_233_1510.0_1208.0_3_abs_absolute,[]
pseudo_233_1510.0_1208.0_4_abs_absolute,[]
pseudo_233_1510.0_1208.0_5_abs_absolute,[]
pseudo_233_1510.0_1208.0_6_abs_absolute,[]
pseudo_233_1510.0_1208.0_7_abs_absolute,[]
pseudo_233_1510.0_1208.0_8_abs_absolute,[]
pseudo_234_1510.0_1308.0_0_abs_absolute,['pseudo_232_1510.0_1108.0']
pseudo_234_1510.0_1308.0_1_abs_absolute,"['pseudo_117_810.0_1508.0', 'pseudo_119_810.0_1708.0', 'pseudo_27_310.0_1008.0', 'pseudo_51_410.0_1708.0']"
pseudo_234_1510.0_1308.0_2_abs_absolute,[]
pseudo_234_1510.0_1308.0_3_abs_absolute,[]
pseudo_234_1510.0_1308.0_4_abs_absolute,[]
pseudo_234_1510.0_1308.0_5_abs_absolute,['pseudo_49_410.0_1508.0']
pseudo_234_1510.0_1308.0_6_abs_absolute,[]
pseudo_234_1510.0_1308.0_7_abs_absolute,['pseudo_143_1010.0_708.0']
pseudo_234_1510.0_1308.0_8_abs_absolute,['pseudo_74_610.0_608.0']
pseudo_235_1510.0_1408.0_0_abs_absolute,['pseudo_29_310.0_1208.0']
pseudo_235_1510.0_1408.0_1_abs_absolute,[]
pseudo_235_1510.0_1408.0_2_abs_absolute,[]
pseudo_235_1510.0_1408.0_3_abs_absolute,[]
pseudo_235_1510.0_1408.0_4_abs_absolute,['pseudo_234_1510.0_1308.0']
pseudo_235_1510.0_1408.0_5_abs_absolute,[]
pseudo_235_1510.0_1408.0_6_abs_absolute,[]
pseudo_235_1510.0_1408.0_7_abs_absolute,[]
pseudo_235_1510.0_1408.0_8_abs_absolute,[]
pseudo_236_1510.0_1508.0_0_abs_absolute,[]
pseudo_236_1510.0_1508.0_1_abs_absolute,['pseudo_270_1710.0_1508.0']
pseudo_236_1510.0_1508.0_2_abs_absolute,"['pseudo_102_710.0_1708.0', 'pseudo_144_1010.0_808.0']"
pseudo_236_1510.0_1508.0_3_abs_absolute,[]
pseudo_236_1510.0_1508.0_4_abs_absolute,[]
pseudo_236_1510.0_1508.0_5_abs_absolute,['pseudo_69_610.0_108.0']
pseudo_236_1510.0_1508.0_6_abs_absolute,[]
pseudo_236_1510.0_1508.0_7_abs_absolute,[]
pseudo_236_1510.0_1508.0_8_abs_absolute,[]
pseudo_237_1510.0_1608.0_0_abs_absolute,"['pseudo_202_1310.0_1508.0', 'pseudo_271_1710.0_1608.0', 'pseudo_67_510.0_1608.0']"
pseudo_237_1510.0_1608.0_1_abs_absolute,[]
pseudo_237_1510.0_1608.0_2_abs_absolute,[]
pseudo_237_1510.0_1608.0_3_abs_absolute,['pseudo_232_1510.0_1108.0']
pseudo_237_1510.0_1608.0_4_abs_absolute,[]
pseudo_237_1510.0_1608.0_5_abs_absolute,[]
pseudo_237_1510.0_1608.0_6_abs_absolute,"['pseudo_128_910.0_908.0', 'pseudo_164_1110.0_1108.0']"
pseudo_237_1510.0_1608.0_7_abs_absolute,[]
pseudo_237_1510.0_1608.0_8_abs_absolute,[]
pseudo_238_1510.0_1708.0_0_abs_absolute,"['pseudo_102_710.0_1708.0', 'pseudo_145_1010.0_908.0', 'pseudo_157_1110.0_408.0', 'pseudo_160_1110.0_708.0', 'pseudo_216_1410.0_1208.0', 'pseudo_229_1510.0_808.0', 'pseudo_233_1510.0_1208.0', 'pseudo_280_1810.0_808.0', 'pseudo_283_1810.0_1108.0', 'pseudo_70_610.0_208.0']"
pseudo_238_1510.0_1708.0_1_abs_absolute,['pseudo_109_810.0_708.0']
pseudo_238_1510.0_1708.0_2_abs_absolute,[]
pseudo_238_1510.0_1708.0_3_abs_absolute,[]
pseudo_238_1510.0_1708.0_4_abs_absolute,[]
pseudo_238_1510.0_1708.0_5_abs_absolute,[]
pseudo_238_1510.0_1708.0_6_abs_absolute,[]
pseudo_238_1510.0_1708.0_7_abs_absolute,['pseudo_285_1810.0_1308.0']
pseudo_238_1510.0_1708.0_8_abs_absolute,[]
pseudo_240_1610.0_208.0_0_abs_absolute,[]
pseudo_240_1610.0_208.0_1_abs_absolute,[]
pseudo_240_1610.0_208.0_2_abs_absolute,[]
pseudo_240_1610.0_208.0_3_abs_absolute,[]
pseudo_240_1610.0_208.0_4_abs_absolute,[]
pseudo_240_1610.0_208.0_5_abs_absolute,[]
pseudo_240_1610.0_208.0_6_abs_absolute,"['pseudo_174_1210.0_408.0', 'pseudo_175_1210.0_508.0', 'pseudo_180_1210.0_1008.0']"
pseudo_240_1610.0_208.0_7_abs_absolute,[]
pseudo_240_1610.0_208.0_8_abs_absolute,['pseudo_71_610.0_308.0']
pseudo_241_1610.0_308.0_0_abs_absolute,[]
pseudo_241_1610.0_308.0_1_abs_absolute,[]
pseudo_241_1610.0_308.0_2_abs_absolute,['pseudo_266_1710.0_1108.0']
pseudo_241_1610.0_308.0_3_abs_absolute,[]
pseudo_241_1610.0_308.0_4_abs_absolute,[]
pseudo_241_1610.0_308.0_5_abs_absolute,"['pseudo_158_1110.0_508.0', 'pseudo_227_1510.0_608.0']"
pseudo_241_1610.0_308.0_6_abs_absolute,[]
pseudo_241_1610.0_308.0_7_abs_absolute,[]
pseudo_241_1610.0_308.0_8_abs_absolute,[]
pseudo_242_1610.0_408.0_0_abs_absolute,[]
pseudo_242_1610.0_408.0_1_abs_absolute,"['pseudo_118_810.0_1608.0', 'pseudo_134_910.0_1508.0', 'pseudo_173_1210.0_308.0', 'pseudo_192_1310.0_508.0', 'pseudo_25_310.0_808.0', 'pseudo_284_1810.0_1208.0']"
pseudo_242_1610.0_408.0_2_abs_absolute,"['pseudo_110_810.0_808.0', 'pseudo_136_910.0_1708.0']"
pseudo_242_1610.0_408.0_3_abs_absolute,[]
pseudo_242_1610.0_408.0_4_abs_absolute,[]
pseudo_242_1610.0_408.0_5_abs_absolute,['pseudo_144_1010.0_808.0']
pseudo_242_1610.0_408.0_6_abs_absolute,[]
pseudo_242_1610.0_408.0_7_abs_absolute,[]
pseudo_242_1610.0_408.0_8_abs_absolute,[]
pseudo_243_1610.0_508.0_0_abs_absolute,['pseudo_242_1610.0_408.0']
pseudo_243_1610.0_508.0_1_abs_absolute,[]
pseudo_243_1610.0_508.0_2_abs_absolute,[]
pseudo_243_1610.0_508.0_3_abs_absolute,[]
pseudo_243_1610.0_508.0_4_abs_absolute,['pseudo_196_1310.0_908.0']
pseudo_243_1610.0_508.0_5_abs_absolute,[]
pseudo_243_1610.0_508.0_6_abs_absolute,['pseudo_181_1210.0_1108.0']
pseudo_243_1610.0_508.0_7_abs_absolute,"['pseudo_125_910.0_608.0', 'pseudo_163_1110.0_1008.0', 'pseudo_21_310.0_408.0', 'pseudo_230_1510.0_908.0', 'pseudo_272_1710.0_1708.0']"
pseudo_243_1610.0_508.0_8_abs_absolute,[]
pseudo_244_1610.0_608.0_0_abs_absolute,[]
pseudo_244_1610.0_608.0_1_abs_absolute,['pseudo_203_1310.0_1608.0']
pseudo_244_1610.0_608.0_2_abs_absolute,['pseudo_54_510.0_308.0']
pseudo_244_1610.0_608.0_3_abs_absolute,"['pseudo_123_910.0_408.0', 'pseudo_279_1810.0_708.0', 'pseudo_47_410.0_1308.0']"
pseudo_244_1610.0_608.0_4_abs_absolute,['pseudo_287_1810.0_1508.0']
pseudo_244_1610.0_608.0_5_abs_absolute,[]
pseudo_244_1610.0_608.0_6_abs_absolute,[]
pseudo_244_1610.0_608.0_7_abs_absolute,[]
pseudo_244_1610.0_608.0_8_abs_absolute,[]
pseudo_245_1610.0_708.0_0_abs_absolute,[]
pseudo_245_1610.0_708.0_1_abs_absolute,"['pseudo_132_910.0_1308.0', 'pseudo_72_610.0_408.0']"
pseudo_245_1610.0_708.0_2_abs_absolute,[]
pseudo_245_1610.0_708.0_3_abs_absolute,[]
pseudo_245_1610.0_708.0_4_abs_absolute,[]
pseudo_245_1610.0_708.0_5_abs_absolute,[]
pseudo_245_1610.0_708.0_6_abs_absolute,[]
pseudo_245_1610.0_708.0_7_abs_absolute,[]
pseudo_245_1610.0_708.0_8_abs_absolute,[]
pseudo_246_1610.0_808.0_0_abs_absolute,[]
pseudo_246_1610.0_808.0_1_abs_absolute,['pseudo_233_1510.0_1208.0']
pseudo_246_1610.0_808.0_2_abs_absolute,"['pseudo_210_1410.0_608.0', 'pseudo_245_1610.0_708.0']"
pseudo_246_1610.0_808.0_3_abs_absolute,[]
pseudo_246_1610.0_808.0_4_abs_absolute,['pseudo_218_1410.0_1408.0']
pseudo_246_1610.0_808.0_5_abs_absolute,[]
pseudo_246_1610.0_808.0_6_abs_absolute,[]
pseudo_246_1610.0_808.0_7_abs_absolute,"['pseudo_140_1010.0_408.0', 'pseudo_148_1010.0_1208.0', 'pseudo_277_1810.0_508.0', 'pseudo_37_410.0_308.0']"
pseudo_246_1610.0_808.0_8_abs_absolute,[]
pseudo_247_1610.0_908.0_0_abs_absolute,[]
pseudo_247_1610.0_908.0_1_abs_absolute,[]
pseudo_247_1610.0_908.0_2_abs_absolute,[]
pseudo_247_1610.0_908.0_3_abs_absolute,[]
pseudo_247_1610.0_908.0_4_abs_absolute,[]
pseudo_247_1610.0_908.0_5_abs_absolute,['pseudo_232_1510.0_1108.0']
pseudo_247_1610.0_908.0_6_abs_absolute,['pseudo_144_1010.0_808.0']
pseudo_247_1610.0_908.0_7_abs_absolute,[]
pseudo_247_1610.0_908.0_8_abs_absolute,[]
pseudo_248_1610.0_1008.0_0_abs_absolute,[]
pseudo_248_1610.0_1008.0_1_abs_absolute,[]
pseudo_248_1610.0_1008.0_2_abs_absolute,[]
pseudo_248_1610.0_1008.0_3_abs_absolute,[]
pseudo_248_1610.0_1008.0_4_abs_absolute,[]
pseudo_248_1610.0_1008.0_5_abs_absolute,"['pseudo_132_910.0_1308.0', 'pseudo_23_310.0_608.0']"
pseudo_248_1610.0_1008.0_6_abs_absolute,[]
pseudo_248_1610.0_1008.0_7_abs_absolute,[]
pseudo_248_1610.0_1008.0_8_abs_absolute,[]
pseudo_249_1610.0_1108.0_0_abs_absolute,[]
pseudo_249_1610.0_1108.0_1_abs_absolute,['pseudo_96_710.0_1108.0']
pseudo_249_1610.0_1108.0_2_abs_absolute,[]
pseudo_249_1610.0_1108.0_3_abs_absolute,"['pseudo_114_810.0_1208.0', 'pseudo_143_1010.0_708.0']"
pseudo_249_1610.0_1108.0_4_abs_absolute,[]
pseudo_249_1610.0_1108.0_5_abs_absolute,['pseudo_23_310.0_608.0']
pseudo_249_1610.0_1108.0_6_abs_absolute,"['pseudo_111_810.0_908.0', 'pseudo_114_810.0_1208.0', 'pseudo_163_1110.0_1008.0', 'pseudo_169_1110.0_1608.0', 'pseudo_193_1310.0_608.0', 'pseudo_268_1710.0_1308.0', 'pseudo_272_1710.0_1708.0']"
pseudo_249_1610.0_1108.0_7_abs_absolute,[]
pseudo_249_1610.0_1108.0_8_abs_absolute,[]
pseudo_250_1610.0_1208.0_0_abs_absolute,['pseudo_232_1510.0_1108.0']
pseudo_250_1610.0_1208.0_1_abs_absolute,[]
pseudo_250_1610.0_1208.0_2_abs_absolute,"['pseudo_142_1010.0_608.0', 'pseudo_198_1310.0_1108.0', 'pseudo_215_1410.0_1108.0', 'pseudo_227_1510.0_608.0']"
pseudo_250_1610.0_1208.0_3_abs_absolute,[]
pseudo_250_1610.0_1208.0_4_abs_absolute,[]
pseudo_250_1610.0_1208.0_5_abs_absolute,[]
pseudo_250_1610.0_1208.0_6_abs_absolute,[]
pseudo_250_1610.0_1208.0_7_abs_absolute,[]
pseudo_250_1610.0_1208.0_8_abs_absolute,[]
pseudo_251_1610.0_1308.0_0_abs_absolute,[]
pseudo_251_1610.0_1308.0_1_abs_absolute,['pseudo_268_1710.0_1308.0']
pseudo_251_1610.0_1308.0_2_abs_absolute,[]
pseudo_251_1610.0_1308.0_3_abs_absolute,[]
pseudo_251_1610.0_1308.0_4_abs_absolute,[]
pseudo_251_1610.0_1308.0_5_abs_absolute,[]
pseudo_251_1610.0_1308.0_6_abs_absolute,[]
pseudo_251_1610.0_1308.0_7_abs_absolute,['pseudo_194_1310.0_708.0']
pseudo_251_1610.0_1308.0_8_abs_absolute,[]
pseudo_252_1610.0_1408.0_0_abs_absolute,"['pseudo_258_1710.0_308.0', 'pseudo_9_210.0_908.0']"
pseudo_252_1610.0_1408.0_1_abs_absolute,[]
pseudo_252_1610.0_1408.0_2_abs_absolute,[]
pseudo_252_1610.0_1408.0_3_abs_absolute,[]
pseudo_252_1610.0_1408.0_4_abs_absolute,[]
pseudo_252_1610.0_1408.0_5_abs_absolute,"['pseudo_165_1110.0_1208.0', 'pseudo_207_1410.0_308.0', 'pseudo_24_310.0_708.0']"
pseudo_252_1610.0_1408.0_6_abs_absolute,['pseudo_71_610.0_308.0']
pseudo_252_1610.0_1408.0_7_abs_absolute,[]
pseudo_252_1610.0_1408.0_8_abs_absolute,[]
pseudo_253_1610.0_1508.0_0_abs_absolute,['pseudo_153_1010.0_1708.0']
pseudo_253_1610.0_1508.0_1_abs_absolute,[]
pseudo_253_1610.0_1508.0_2_abs_absolute,['pseudo_39_410.0_508.0']
pseudo_253_1610.0_1508.0_3_abs_absolute,['pseudo_66_510.0_1508.0']
pseudo_253_1610.0_1508.0_4_abs_absolute,[]
pseudo_253_1610.0_1508.0_5_abs_absolute,[]
pseudo_253_1610.0_1508.0_6_abs_absolute,"['pseudo_132_910.0_1308.0', 'pseudo_197_1310.0_1008.0', 'pseudo_94_710.0_908.0']"
pseudo_253_1610.0_1508.0_7_abs_absolute,[]
pseudo_253_1610.0_1508.0_8_abs_absolute,[]
pseudo_254_1610.0_1608.0_0_abs_absolute,[]
pseudo_254_1610.0_1608.0_1_abs_absolute,[]
pseudo_254_1610.0_1608.0_2_abs_absolute,[]
pseudo_254_1610.0_1608.0_3_abs_absolute,[]
pseudo_254_1610.0_1608.0_4_abs_absolute,[]
pseudo_254_1610.0_1608.0_5_abs_absolute,[]
pseudo_254_1610.0_1608.0_6_abs_absolute,"['pseudo_138_1010.0_208.0', 'pseudo_199_1310.0_1208.0', 'pseudo_263_1710.0_808.0']"
pseudo_254_1610.0_1608.0_7_abs_absolute,[]
pseudo_254_1610.0_1608.0_8_abs_absolute,[]
pseudo_255_1610.0_1708.0_0_abs_absolute,[]
pseudo_255_1610.0_1708.0_1_abs_absolute,['pseudo_98_710.0_1308.0']
pseudo_255_1610.0_1708.0_2_abs_absolute,"['pseudo_280_1810.0_808.0', 'pseudo_69_610.0_108.0', 'pseudo_70_610.0_208.0']"
pseudo_255_1610.0_1708.0_3_abs_absolute,[]
pseudo_255_1610.0_1708.0_4_abs_absolute,[]
pseudo_255_1610.0_1708.0_5_abs_absolute,[]
pseudo_255_1610.0_1708.0_6_abs_absolute,[]
pseudo_255_1610.0_1708.0_7_abs_absolute,['pseudo_236_1510.0_1508.0']
pseudo_255_1610.0_1708.0_8_abs_absolute,[]
pseudo_257_1710.0_208.0_0_abs_absolute,['pseudo_102_710.0_1708.0']
pseudo_257_1710.0_208.0_1_abs_absolute,[]
pseudo_257_1710.0_208.0_2_abs_absolute,['pseudo_51_410.0_1708.0']
pseudo_257_1710.0_208.0_3_abs_absolute,[]
pseudo_257_1710.0_208.0_4_abs_absolute,[]
pseudo_257_1710.0_208.0_5_abs_absolute,[]
pseudo_257_1710.0_208.0_6_abs_absolute,['pseudo_99_710.0_1408.0']
pseudo_257_1710.0_208.0_7_abs_absolute,[]
pseudo_257_1710.0_208.0_8_abs_absolute,[]
pseudo_258_1710.0_308.0_0_abs_absolute,[]
pseudo_258_1710.0_308.0_1_abs_absolute,[]
pseudo_258_1710.0_308.0_2_abs_absolute,[]
pseudo_258_1710.0_308.0_3_abs_absolute,['pseudo_194_1310.0_708.0']
pseudo_258_1710.0_308.0_4_abs_absolute,"['pseudo_162_1110.0_908.0', 'pseudo_196_1310.0_908.0']"
pseudo_258_1710.0_308.0_5_abs_absolute,[]
pseudo_258_1710.0_308.0_6_abs_absolute,[]
pseudo_258_1710.0_308.0_7_abs_absolute,[]
pseudo_258_1710.0_308.0_8_abs_absolute,[]
pseudo_259_1710.0_408.0_0_abs_absolute,"['pseudo_181_1210.0_1108.0', 'pseudo_95_710.0_1008.0']"
pseudo_259_1710.0_408.0_1_abs_absolute,[]
pseudo_259_1710.0_408.0_2_abs_absolute,[]
pseudo_259_1710.0_408.0_3_abs_absolute,[]
pseudo_259_1710.0_408.0_4_abs_absolute,[]
pseudo_259_1710.0_408.0_5_abs_absolute,[]
pseudo_259_1710.0_408.0_6_abs_absolute,[]
pseudo_259_1710.0_408.0_7_abs_absolute,[]
pseudo_259_1710.0_408.0_8_abs_absolute,[]
pseudo_260_1710.0_508.0_0_abs_absolute,[]
pseudo_260_1710.0_508.0_1_abs_absolute,[]
pseudo_260_1710.0_508.0_2_abs_absolute,[]
pseudo_260_1710.0_508.0_3_abs_absolute,[]
pseudo_260_1710.0_508.0_4_abs_absolute,"['pseudo_204_1310.0_1708.0', 'pseudo_63_510.0_1208.0']"
pseudo_260_1710.0_508.0_5_abs_absolute,[]
pseudo_260_1710.0_508.0_6_abs_absolute,[]
pseudo_260_1710.0_508.0_7_abs_absolute,['pseudo_55_510.0_408.0']
pseudo_260_1710.0_508.0_8_abs_absolute,[]
pseudo_261_1710.0_608.0_0_abs_absolute,[]
pseudo_261_1710.0_608.0_1_abs_absolute,[]
pseudo_261_1710.0_608.0_2_abs_absolute,['pseudo_152_1010.0_1608.0']
pseudo_261_1710.0_608.0_3_abs_absolute,[]
pseudo_261_1710.0_608.0_4_abs_absolute,[]
pseudo_261_1710.0_608.0_5_abs_absolute,['pseudo_197_1310.0_1008.0']
pseudo_261_1710.0_608.0_6_abs_absolute,[]
pseudo_261_1710.0_608.0_7_abs_absolute,['pseudo_78_610.0_1008.0']
pseudo_261_1710.0_608.0_8_abs_absolute,[]
pseudo_262_1710.0_708.0_0_abs_absolute,[]
pseudo_262_1710.0_708.0_1_abs_absolute,[]
pseudo_262_1710.0_708.0_2_abs_absolute,[]
pseudo_262_1710.0_708.0_3_abs_absolute,[]
pseudo_262_1710.0_708.0_4_abs_absolute,['pseudo_260_1710.0_508.0']
pseudo_262_1710.0_708.0_5_abs_absolute,[]
pseudo_262_1710.0_708.0_6_abs_absolute,"['pseudo_112_810.0_1008.0', 'pseudo_186_1210.0_1608.0']"
pseudo_262_1710.0_708.0_7_abs_absolute,[]
pseudo_262_1710.0_708.0_8_abs_absolute,"['pseudo_117_810.0_1508.0', 'pseudo_133_910.0_1408.0', 'pseudo_80_610.0_1208.0', 'pseudo_99_710.0_1408.0']"
pseudo_263_1710.0_808.0_0_abs_absolute,['pseudo_234_1510.0_1308.0']
pseudo_263_1710.0_808.0_1_abs_absolute,['pseudo_108_810.0_608.0']
pseudo_263_1710.0_808.0_2_abs_absolute,[]
pseudo_263_1710.0_808.0_3_abs_absolute,['pseudo_248_1610.0_1008.0']
pseudo_263_1710.0_808.0_4_abs_absolute,[]
pseudo_263_1710.0_808.0_5_abs_absolute,[]
pseudo_263_1710.0_808.0_6_abs_absolute,[]
pseudo_263_1710.0_808.0_7_abs_absolute,[]
pseudo_263_1710.0_808.0_8_abs_absolute,['pseudo_59_510.0_808.0']
pseudo_264_1710.0_908.0_0_abs_absolute,[]
pseudo_264_1710.0_908.0_1_abs_absolute,[]
pseudo_264_1710.0_908.0_2_abs_absolute,[]
pseudo_264_1710.0_908.0_3_abs_absolute,[]
pseudo_264_1710.0_908.0_4_abs_absolute,[]
pseudo_264_1710.0_908.0_5_abs_absolute,['pseudo_108_810.0_608.0']
pseudo_264_1710.0_908.0_6_abs_absolute,[]
pseudo_264_1710.0_908.0_7_abs_absolute,[]
pseudo_264_1710.0_908.0_8_abs_absolute,[]
pseudo_265_1710.0_1008.0_0_abs_absolute,[]
pseudo_265_1710.0_1008.0_1_abs_absolute,['pseudo_220_1410.0_1608.0']
pseudo_265_1710.0_1008.0_2_abs_absolute,['pseudo_282_1810.0_1008.0']
pseudo_265_1710.0_1008.0_3_abs_absolute,['pseudo_264_1710.0_908.0']
pseudo_265_1710.0_1008.0_4_abs_absolute,[]
pseudo_265_1710.0_1008.0_5_abs_absolute,[]
pseudo_265_1710.0_1008.0_6_abs_absolute,['pseudo_249_1610.0_1108.0']
pseudo_265_1710.0_1008.0_7_abs_absolute,[]
pseudo_265_1710.0_1008.0_8_abs_absolute,"['pseudo_135_910.0_1608.0', 'pseudo_221_1410.0_1708.0']"
pseudo_266_1710.0_1108.0_0_abs_absolute,[]
pseudo_266_1710.0_1108.0_1_abs_absolute,[]
pseudo_266_1710.0_1108.0_2_abs_absolute,['pseudo_134_910.0_1508.0']
pseudo_266_1710.0_1108.0_3_abs_absolute,['pseudo_190_1310.0_308.0']
pseudo_266_1710.0_1108.0_4_abs_absolute,[]
pseudo_266_1710.0_1108.0_5_abs_absolute,[]
pseudo_266_1710.0_1108.0_6_abs_absolute,"['pseudo_117_810.0_1508.0', 'pseudo_119_810.0_1708.0', 'pseudo_168_1110.0_1508.0', 'pseudo_185_1210.0_1508.0', 'pseudo_186_1210.0_1608.0', 'pseudo_201_1310.0_1408.0', 'pseudo_221_1410.0_1708.0', 'pseudo_32_310.0_1508.0', 'pseudo_51_410.0_1708.0', 'pseudo_65_510.0_1408.0']"
pseudo_266_1710.0_1108.0_7_abs_absolute,[]
pseudo_266_1710.0_1108.0_8_abs_absolute,[]
pseudo_267_1710.0_1208.0_0_abs_absolute,[]
pseudo_267_1710.0_1208.0_1_abs_absolute,[]
pseudo_267_1710.0_1208.0_2_abs_absolute,[]
pseudo_267_1710.0_1208.0_3_abs_absolute,['pseudo_165_1110.0_1208.0']
pseudo_267_1710.0_1208.0_4_abs_absolute,[]
pseudo_267_1710.0_1208.0_5_abs_absolute,[]
pseudo_267_1710.0_1208.0_6_abs_absolute,['pseudo_169_1110.0_1608.0']
pseudo_267_1710.0_1208.0_7_abs_absolute,['pseudo_248_1610.0_1008.0']
pseudo_267_1710.0_1208.0_8_abs_absolute,[]
pseudo_268_1710.0_1308.0_0_abs_absolute,"['pseudo_275_1810.0_308.0', 'pseudo_281_1810.0_908.0']"
pseudo_268_1710.0_1308.0_1_abs_absolute,[]
pseudo_268_1710.0_1308.0_2_abs_absolute,[]
pseudo_268_1710.0_1308.0_3_abs_absolute,[]
pseudo_268_1710.0_1308.0_4_abs_absolute,[]
pseudo_268_1710.0_1308.0_5_abs_absolute,"['pseudo_100_710.0_1508.0', 'pseudo_253_1610.0_1508.0', 'pseudo_270_1710.0_1508.0', 'pseudo_50_410.0_1608.0']"
pseudo_268_1710.0_1308.0_6_abs_absolute,[]
pseudo_268_1710.0_1308.0_7_abs_absolute,['pseudo_235_1510.0_1408.0']
pseudo_268_1710.0_1308.0_8_abs_absolute,[]
pseudo_269_1710.0_1408.0_0_abs_absolute,[]
pseudo_269_1710.0_1408.0_1_abs_absolute,[]
pseudo_269_1710.0_1408.0_2_abs_absolute,"['pseudo_109_810.0_708.0', 'pseudo_38_410.0_408.0', 'pseudo_46_410.0_1208.0', 'pseudo_54_510.0_308.0']"
pseudo_269_1710.0_1408.0_3_abs_absolute,['pseudo_128_910.0_908.0']
pseudo_269_1710.0_1408.0_4_abs_absolute,"['pseudo_102_710.0_1708.0', 'pseudo_151_1010.0_1508.0', 'pseudo_152_1010.0_1608.0', 'pseudo_252_1610.0_1408.0']"
pseudo_269_1710.0_1408.0_5_abs_absolute,[]
pseudo_269_1710.0_1408.0_6_abs_absolute,[]
pseudo_269_1710.0_1408.0_7_abs_absolute,[]
pseudo_269_1710.0_1408.0_8_abs_absolute,['pseudo_282_1810.0_1008.0']
pseudo_270_1710.0_1508.0_0_abs_absolute,[]
pseudo_270_1710.0_1508.0_1_abs_absolute,[]
pseudo_270_1710.0_1508.0_2_abs_absolute,[]
pseudo_270_1710.0_1508.0_3_abs_absolute,[]
pseudo_270_1710.0_1508.0_4_abs_absolute,[]
pseudo_270_1710.0_1508.0_5_abs_absolute,[]
pseudo_270_1710.0_1508.0_6_abs_absolute,[]
pseudo_270_1710.0_1508.0_7_abs_absolute,[]
pseudo_270_1710.0_1508.0_8_abs_absolute,[]
pseudo_271_1710.0_1608.0_0_abs_absolute,[]
pseudo_271_1710.0_1608.0_1_abs_absolute,[]
pseudo_271_1710.0_1608.0_2_abs_absolute,['pseudo_181_1210.0_1108.0']
pseudo_271_1710.0_1608.0_3_abs_absolute,[]
pseudo_271_1710.0_1608.0_4_abs_absolute,[]
pseudo_271_1710.0_1608.0_5_abs_absolute,[]
pseudo_271_1710.0_1608.0_6_abs_absolute,[]
pseudo_271_1710.0_1608.0_7_abs_absolute,['pseudo_32_310.0_1508.0']
pseudo_271_1710.0_1608.0_8_abs_absolute,"['pseudo_133_910.0_1408.0', 'pseudo_168_1110.0_1508.0', 'pseudo_185_1210.0_1508.0', 'pseudo_186_1210.0_1608.0', 'pseudo_201_1310.0_1408.0', 'pseudo_236_1510.0_1508.0', 'pseudo_255_1610.0_1708.0', 'pseudo_271_1710.0_1608.0', 'pseudo_32_310.0_1508.0', 'pseudo_65_510.0_1408.0', 'pseudo_67_510.0_1608.0', 'pseudo_76_610.0_808.0']"
pseudo_272_1710.0_1708.0_0_abs_absolute,[]
pseudo_272_1710.0_1708.0_1_abs_absolute,[]
pseudo_272_1710.0_1708.0_2_abs_absolute,[]
pseudo_272_1710.0_1708.0_3_abs_absolute,[]
pseudo_272_1710.0_1708.0_4_abs_absolute,[]
pseudo_272_1710.0_1708.0_5_abs_absolute,['pseudo_59_510.0_808.0']
pseudo_272_1710.0_1708.0_6_abs_absolute,[]
pseudo_272_1710.0_1708.0_7_abs_absolute,[]
pseudo_272_1710.0_1708.0_8_abs_absolute,[]
pseudo_275_1810.0_308.0_0_abs_absolute,[]
pseudo_275_1810.0_308.0_1_abs_absolute,[]
pseudo_275_1810.0_308.0_2_abs_absolute,[]
pseudo_275_1810.0_308.0_3_abs_absolute,[]
pseudo_275_1810.0_308.0_4_abs_absolute,[]
pseudo_275_1810.0_308.0_5_abs_absolute,[]
pseudo_275_1810.0_308.0_6_abs_absolute,[]
pseudo_275_1810.0_308.0_7_abs_absolute,[]
pseudo_275_1810.0_308.0_8_abs_absolute,['pseudo_61_510.0_1008.0']
pseudo_276_1810.0_408.0_0_abs_absolute,[]
pseudo_276_1810.0_408.0_1_abs_absolute,[]
pseudo_276_1810.0_408.0_2_abs_absolute,[]
pseudo_276_1810.0_408.0_3_abs_absolute,['pseudo_262_1710.0_708.0']
pseudo_276_1810.0_408.0_4_abs_absolute,[]
pseudo_276_1810.0_408.0_5_abs_absolute,['pseudo_287_1810.0_1508.0']
pseudo_276_1810.0_408.0_6_abs_absolute,[]
pseudo_276_1810.0_408.0_7_abs_absolute,[]
pseudo_276_1810.0_408.0_8_abs_absolute,['pseudo_242_1610.0_408.0']
pseudo_277_1810.0_508.0_0_abs_absolute,[]
pseudo_277_1810.0_508.0_1_abs_absolute,[]
pseudo_277_1810.0_508.0_2_abs_absolute,[]
pseudo_277_1810.0_508.0_3_abs_absolute,[]
pseudo_277_1810.0_508.0_4_abs_absolute,[]
pseudo_277_1810.0_508.0_5_abs_absolute,['pseudo_136_910.0_1708.0']
pseudo_277_1810.0_508.0_6_abs_absolute,[]
pseudo_277_1810.0_508.0_7_abs_absolute,[]
pseudo_277_1810.0_508.0_8_abs_absolute,"['pseudo_114_810.0_1208.0', 'pseudo_142_1010.0_608.0', 'pseudo_161_1110.0_808.0', 'pseudo_164_1110.0_1108.0', 'pseudo_173_1210.0_308.0', 'pseudo_21_310.0_408.0', 'pseudo_249_1610.0_1108.0', 'pseudo_6_210.0_608.0', 'pseudo_77_610.0_908.0', 'pseudo_78_610.0_1008.0']"
pseudo_278_1810.0_608.0_0_abs_absolute,[]
pseudo_278_1810.0_608.0_1_abs_absolute,[]
pseudo_278_1810.0_608.0_2_abs_absolute,[]
pseudo_278_1810.0_608.0_3_abs_absolute,[]
pseudo_278_1810.0_608.0_4_abs_absolute,['pseudo_115_810.0_1308.0']
pseudo_278_1810.0_608.0_5_abs_absolute,[]
pseudo_278_1810.0_608.0_6_abs_absolute,[]
pseudo_278_1810.0_608.0_7_abs_absolute,[]
pseudo_278_1810.0_608.0_8_abs_absolute,[]
pseudo_279_1810.0_708.0_0_abs_absolute,[]
pseudo_279_1810.0_708.0_1_abs_absolute,[]
pseudo_279_1810.0_708.0_2_abs_absolute,['pseudo_213_1410.0_908.0']
pseudo_279_1810.0_708.0_3_abs_absolute,[]
pseudo_279_1810.0_708.0_4_abs_absolute,[]
pseudo_279_1810.0_708.0_5_abs_absolute,[]
pseudo_279_1810.0_708.0_6_abs_absolute,[]
pseudo_279_1810.0_708.0_7_abs_absolute,[]
pseudo_279_1810.0_708.0_8_abs_absolute,[]
pseudo_280_1810.0_808.0_0_abs_absolute,"['pseudo_152_1010.0_1608.0', 'pseudo_200_1310.0_1308.0', 'pseudo_251_1610.0_1308.0', 'pseudo_48_410.0_1408.0']"
pseudo_280_1810.0_808.0_1_abs_absolute,[]
pseudo_280_1810.0_808.0_2_abs_absolute,['pseudo_209_1410.0_508.0']
pseudo_280_1810.0_808.0_3_abs_absolute,[]
pseudo_280_1810.0_808.0_4_abs_absolute,[]
pseudo_280_1810.0_808.0_5_abs_absolute,[]
pseudo_280_1810.0_808.0_6_abs_absolute,[]
pseudo_280_1810.0_808.0_7_abs_absolute,[]
pseudo_280_1810.0_808.0_8_abs_absolute,[]
pseudo_281_1810.0_908.0_0_abs_absolute,['pseudo_232_1510.0_1108.0']
pseudo_281_1810.0_908.0_1_abs_absolute,"['pseudo_42_410.0_808.0', 'pseudo_73_610.0_508.0']"
pseudo_281_1810.0_908.0_2_abs_absolute,[]
pseudo_281_1810.0_908.0_3_abs_absolute,[]
pseudo_281_1810.0_908.0_4_abs_absolute,[]
pseudo_281_1810.0_908.0_5_abs_absolute,[]
pseudo_281_1810.0_908.0_6_abs_absolute,[]
pseudo_281_1810.0_908.0_7_abs_absolute,[]
pseudo_281_1810.0_908.0_8_abs_absolute,[]
pseudo_282_1810.0_1008.0_0_abs_absolute,['pseudo_39_410.0_508.0']
pseudo_282_1810.0_1008.0_1_abs_absolute,[]
pseudo_282_1810.0_1008.0_2_abs_absolute,[]
pseudo_282_1810.0_1008.0_3_abs_absolute,[]
pseudo_282_1810.0_1008.0_4_abs_absolute,[]
pseudo_282_1810.0_1008.0_5_abs_absolute,[]
pseudo_282_1810.0_1008.0_6_abs_absolute,[]
pseudo_282_1810.0_1008.0_7_abs_absolute,[]
pseudo_282_1810.0_1008.0_8_abs_absolute,[]
pseudo_283_1810.0_1108.0_0_abs_absolute,[]
pseudo_283_1810.0_1108.0_1_abs_absolute,"['pseudo_220_1410.0_1608.0', 'pseudo_98_710.0_1308.0']"
pseudo_283_1810.0_1108.0_2_abs_absolute,[]
pseudo_283_1810.0_1108.0_3_abs_absolute,[]
pseudo_283_1810.0_1108.0_4_abs_absolute,[]
pseudo_283_1810.0_1108.0_5_abs_absolute,['pseudo_196_1310.0_908.0']
pseudo_283_1810.0_1108.0_6_abs_absolute,['pseudo_235_1510.0_1408.0']
pseudo_283_1810.0_1108.0_7_abs_absolute,[]
pseudo_283_1810.0_1108.0_8_abs_absolute,[]
pseudo_284_1810.0_1208.0_0_abs_absolute,[]
pseudo_284_1810.0_1208.0_1_abs_absolute,['pseudo_238_1510.0_1708.0']
pseudo_284_1810.0_1208.0_2_abs_absolute,[]
pseudo_284_1810.0_1208.0_3_abs_absolute,['pseudo_194_1310.0_708.0']
pseudo_284_1810.0_1208.0_4_abs_absolute,[]
pseudo_284_1810.0_1208.0_5_abs_absolute,[]
pseudo_284_1810.0_1208.0_6_abs_absolute,[]
pseudo_284_1810.0_1208.0_7_abs_absolute,[]
pseudo_284_1810.0_1208.0_8_abs_absolute,[]
pseudo_285_1810.0_1308.0_0_abs_absolute,[]
pseudo_285_1810.0_1308.0_1_abs_absolute,[]
pseudo_285_1810.0_1308.0_2_abs_absolute,[]
pseudo_285_1810.0_1308.0_3_abs_absolute,[]
pseudo_285_1810.0_1308.0_4_abs_absolute,[]
pseudo_285_1810.0_1308.0_5_abs_absolute,[]
pseudo_285_1810.0_1308.0_6_abs_absolute,[]
pseudo_285_1810.0_1308.0_7_abs_absolute,[]
pseudo_285_1810.0_1308.0_8_abs_absolute,[]
pseudo_286_1810.0_1408.0_0_abs_absolute,[]
pseudo_286_1810.0_1408.0_1_abs_absolute,[]
pseudo_286_1810.0_1408.0_2_abs_absolute,[]
pseudo_286_1810.0_1408.0_3_abs_absolute,[]
pseudo_286_1810.0_1408.0_4_abs_absolute,[]
pseudo_286_1810.0_1408.0_5_abs_absolute,[]
pseudo_286_1810.0_1408.0_6_abs_absolute,[]
pseudo_286_1810.0_1408.0_7_abs_absolute,[]
pseudo_286_1810.0_1408.0_8_abs_absolute,['pseudo_45_410.0_1108.0']
pseudo_287_1810.0_1508.0_0_abs_absolute,"['pseudo_112_810.0_1008.0', 'pseudo_114_810.0_1208.0', 'pseudo_130_910.0_1108.0', 'pseudo_168_1110.0_1508.0', 'pseudo_66_510.0_1508.0']"
pseudo_287_1810.0_1508.0_1_abs_absolute,[]
pseudo_287_1810.0_1508.0_2_abs_absolute,[]
pseudo_287_1810.0_1508.0_3_abs_absolute,[]
pseudo_287_1810.0_1508.0_4_abs_absolute,['pseudo_22_310.0_508.0']
pseudo_287_1810.0_1508.0_5_abs_absolute,[]
pseudo_287_1810.0_1508.0_6_abs_absolute,[]
pseudo_287_1810.0_1508.0_7_abs_absolute,[]
pseudo_287_1810.0_1508.0_8_abs_absolute,['pseudo_141_1010.0_508.0']
pseudo_288_1810.0_1608.0_0_abs_absolute,[]
pseudo_288_1810.0_1608.0_1_abs_absolute,[]
pseudo_288_1810.0_1608.0_2_abs_absolute,['pseudo_123_910.0_408.0']
pseudo_288_1810.0_1608.0_3_abs_absolute,[]
pseudo_288_1810.0_1608.0_4_abs_absolute,[]
pseudo_288_1810.0_1608.0_5_abs_absolute,[]
pseudo_288_1810.0_1608.0_6_abs_absolute,[]
pseudo_288_1810.0_1608.0_7_abs_absolute,"['pseudo_132_910.0_1308.0', 'pseudo_134_910.0_1508.0', 'pseudo_162_1110.0_908.0', 'pseudo_176_1210.0_608.0', 'pseudo_192_1310.0_508.0', 'pseudo_193_1310.0_608.0', 'pseudo_226_1510.0_508.0', 'pseudo_279_1810.0_708.0', 'pseudo_44_410.0_1008.0']"
pseudo_288_1810.0_1608.0_8_abs_absolute,[]
pseudo_289_1810.0_1708.0_0_abs_absolute,[]
pseudo_289_1810.0_1708.0_1_abs_absolute,[]
pseudo_289_1810.0_1708.0_2_abs_absolute,[]
pseudo_289_1810.0_1708.0_3_abs_absolute,[]
pseudo_289_1810.0_1708.0_4_abs_absolute,[]
pseudo_289_1810.0_1708.0_5_abs_absolute,[]
pseudo_289_1810.0_1708.0_6_abs_absolute,[]
pseudo_289_1810.0_1708.0_7_abs_absolute,[]
pseudo_289_1810.0_1708.0_8_abs_absolute,[]
pseudo_25_310.0_808.0_0_rela_relative,['pseudo_190_1310.0_308.0']
pseudo_25_310.0_808.0_1_rela_relative,"['pseudo_47_410.0_1308.0', 'pseudo_81_610.0_1308.0']"
pseudo_25_310.0_808.0_2_rela_relative,[]
pseudo_25_310.0_808.0_3_rela_relative,[]
pseudo_25_310.0_808.0_4_rela_relative,"['pseudo_134_910.0_1508.0', 'pseudo_50_410.0_1608.0']"
pseudo_25_310.0_808.0_5_rela_relative,[]
pseudo_26_310.0_908.0_0_rela_relative,[]
pseudo_26_310.0_908.0_1_rela_relative,"['pseudo_107_810.0_508.0', 'pseudo_162_1110.0_908.0', 'pseudo_193_1310.0_608.0', 'pseudo_244_1610.0_608.0']"
pseudo_26_310.0_908.0_2_rela_relative,['pseudo_140_1010.0_408.0']
pseudo_26_310.0_908.0_3_rela_relative,[]
pseudo_26_310.0_908.0_4_rela_relative,[]
pseudo_26_310.0_908.0_5_rela_relative,[]
pseudo_31_310.0_1408.0_0_rela_relative,['pseudo_266_1710.0_1108.0']
pseudo_31_310.0_1408.0_1_rela_relative,[]
pseudo_31_310.0_1408.0_2_rela_relative,[]
pseudo_31_310.0_1408.0_3_rela_relative,[]
pseudo_31_310.0_1408.0_4_rela_relative,['pseudo_166_1110.0_1308.0']
pseudo_31_310.0_1408.0_5_rela_relative,"['pseudo_179_1210.0_908.0', 'pseudo_275_1810.0_308.0', 'pseudo_283_1810.0_1108.0', 'pseudo_69_610.0_108.0']"
pseudo_40_410.0_608.0_0_rela_relative,"['pseudo_230_1510.0_908.0', 'pseudo_77_610.0_908.0']"
pseudo_40_410.0_608.0_1_rela_relative,"['pseudo_261_1710.0_608.0', 'pseudo_262_1710.0_708.0']"
pseudo_40_410.0_608.0_2_rela_relative,[]
pseudo_40_410.0_608.0_3_rela_relative,[]
pseudo_40_410.0_608.0_4_rela_relative,[]
pseudo_40_410.0_608.0_5_rela_relative,[]
pseudo_41_410.0_708.0_0_rela_relative,[]
pseudo_41_410.0_708.0_1_rela_relative,[]
pseudo_41_410.0_708.0_2_rela_relative,"['pseudo_165_1110.0_1208.0', 'pseudo_281_1810.0_908.0', 'pseudo_33_310.0_1608.0', 'pseudo_69_610.0_108.0']"
pseudo_41_410.0_708.0_3_rela_relative,"['pseudo_29_310.0_1208.0', 'pseudo_9_210.0_908.0']"
pseudo_41_410.0_708.0_4_rela_relative,[]
pseudo_41_410.0_708.0_5_rela_relative,['pseudo_110_810.0_808.0']
pseudo_42_410.0_808.0_0_rela_relative,[]
pseudo_42_410.0_808.0_1_rela_relative,[]
pseudo_42_410.0_808.0_2_rela_relative,[]
pseudo_42_410.0_808.0_3_rela_relative,[]
pseudo_42_410.0_808.0_4_rela_relative,['pseudo_218_1410.0_1408.0']
pseudo_42_410.0_808.0_5_rela_relative,[]
pseudo_43_410.0_908.0_0_rela_relative,"['pseudo_110_810.0_808.0', 'pseudo_136_910.0_1708.0', 'pseudo_153_1010.0_1708.0']"
pseudo_43_410.0_908.0_1_rela_relative,[]
pseudo_43_410.0_908.0_2_rela_relative,[]
pseudo_43_410.0_908.0_3_rela_relative,[]
pseudo_43_410.0_908.0_4_rela_relative,[]
pseudo_43_410.0_908.0_5_rela_relative,[]
pseudo_56_510.0_508.0_0_rela_relative,[]
pseudo_56_510.0_508.0_1_rela_relative,[]
pseudo_56_510.0_508.0_2_rela_relative,['pseudo_254_1610.0_1608.0']
pseudo_56_510.0_508.0_3_rela_relative,[]
pseudo_56_510.0_508.0_4_rela_relative,[]
pseudo_56_510.0_508.0_5_rela_relative,[]
pseudo_62_510.0_1108.0_0_rela_relative,[]
pseudo_62_510.0_1108.0_1_rela_relative,"['pseudo_116_810.0_1408.0', 'pseudo_146_1010.0_1008.0', 'pseudo_181_1210.0_1108.0', 'pseudo_59_510.0_808.0']"
pseudo_62_510.0_1108.0_2_rela_relative,[]
pseudo_62_510.0_1108.0_3_rela_relative,[]
pseudo_62_510.0_1108.0_4_rela_relative,[]
pseudo_62_510.0_1108.0_5_rela_relative,[]
pseudo_71_610.0_308.0_0_rela_relative,[]
pseudo_71_610.0_308.0_1_rela_relative,['pseudo_271_1710.0_1608.0']
pseudo_71_610.0_308.0_2_rela_relative,[]
pseudo_71_610.0_308.0_3_rela_relative,[]
pseudo_71_610.0_308.0_4_rela_relative,"['pseudo_219_1410.0_1508.0', 'pseudo_248_1610.0_1008.0']"
pseudo_71_610.0_308.0_5_rela_relative,"['pseudo_153_1010.0_1708.0', 'pseudo_207_1410.0_308.0', 'pseudo_24_310.0_708.0', 'pseudo_265_1710.0_1008.0', 'pseudo_61_510.0_1008.0']"
pseudo_73_610.0_508.0_0_rela_relative,"['pseudo_165_1110.0_1208.0', 'pseudo_207_1410.0_308.0', 'pseudo_254_1610.0_1608.0', 'pseudo_281_1810.0_908.0']"
pseudo_73_610.0_508.0_1_rela_relative,[]
pseudo_73_610.0_508.0_2_rela_relative,[]
pseudo_73_610.0_508.0_3_rela_relative,[]
pseudo_73_610.0_508.0_4_rela_relative,[]
pseudo_73_610.0_508.0_5_rela_relative,[]
pseudo_74_610.0_608.0_0_rela_relative,[]
pseudo_74_610.0_608.0_1_rela_relative,['pseudo_287_1810.0_1508.0']
pseudo_74_610.0_608.0_2_rela_relative,[]
pseudo_74_610.0_608.0_3_rela_relative,[]
pseudo_74_610.0_608.0_4_rela_relative,['pseudo_81_610.0_1308.0']
pseudo_74_610.0_608.0_5_rela_relative,[]
pseudo_75_610.0_708.0_0_rela_relative,[]
pseudo_75_610.0_708.0_1_rela_relative,[]
pseudo_75_610.0_708.0_2_rela_relative,[]
pseudo_75_610.0_708.0_3_rela_relative,"['pseudo_117_810.0_1508.0', 'pseudo_133_910.0_1408.0', 'pseudo_185_1210.0_1508.0', 'pseudo_201_1310.0_1408.0', 'pseudo_236_1510.0_1508.0', 'pseudo_99_710.0_1408.0']"
pseudo_75_610.0_708.0_4_rela_relative,[]
pseudo_75_610.0_708.0_5_rela_relative,[]
pseudo_78_610.0_1008.0_0_rela_relative,"['pseudo_208_1410.0_408.0', 'pseudo_23_310.0_608.0', 'pseudo_240_1610.0_208.0', 'pseudo_242_1610.0_408.0', 'pseudo_277_1810.0_508.0', 'pseudo_58_510.0_708.0']"
pseudo_78_610.0_1008.0_1_rela_relative,['pseudo_24_310.0_708.0']
pseudo_78_610.0_1008.0_2_rela_relative,[]
pseudo_78_610.0_1008.0_3_rela_relative,[]
pseudo_78_610.0_1008.0_4_rela_relative,[]
pseudo_78_610.0_1008.0_5_rela_relative,['pseudo_121_910.0_208.0']
pseudo_79_610.0_1108.0_0_rela_relative,[]
pseudo_79_610.0_1108.0_1_rela_relative,[]
pseudo_79_610.0_1108.0_2_rela_relative,[]
pseudo_79_610.0_1108.0_3_rela_relative,"['pseudo_221_1410.0_1708.0', 'pseudo_65_510.0_1408.0', 'pseudo_82_610.0_1408.0']"
pseudo_79_610.0_1108.0_4_rela_relative,[]
pseudo_79_610.0_1108.0_5_rela_relative,['pseudo_39_410.0_508.0']
pseudo_88_710.0_308.0_0_rela_relative,['pseudo_289_1810.0_1708.0']
pseudo_88_710.0_308.0_1_rela_relative,"['pseudo_102_710.0_1708.0', 'pseudo_229_1510.0_808.0', 'pseudo_95_710.0_1008.0']"
pseudo_88_710.0_308.0_2_rela_relative,['pseudo_61_510.0_1008.0']
pseudo_88_710.0_308.0_3_rela_relative,[]
pseudo_88_710.0_308.0_4_rela_relative,[]
pseudo_88_710.0_308.0_5_rela_relative,[]
pseudo_90_710.0_508.0_0_rela_relative,[]
pseudo_90_710.0_508.0_1_rela_relative,[]
pseudo_90_710.0_508.0_2_rela_relative,[]
pseudo_90_710.0_508.0_3_rela_relative,['pseudo_127_910.0_808.0']
pseudo_90_710.0_508.0_4_rela_relative,[]
pseudo_90_710.0_508.0_5_rela_relative,[]
pseudo_91_710.0_608.0_0_rela_relative,[]
pseudo_91_710.0_608.0_1_rela_relative,[]
pseudo_91_710.0_608.0_2_rela_relative,"['pseudo_122_910.0_308.0', 'pseudo_128_910.0_908.0', 'pseudo_187_1210.0_1708.0', 'pseudo_191_1310.0_408.0', 'pseudo_75_610.0_708.0', 'pseudo_94_710.0_908.0']"
pseudo_91_710.0_608.0_3_rela_relative,[]
pseudo_91_710.0_608.0_4_rela_relative,[]
pseudo_91_710.0_608.0_5_rela_relative,[]
pseudo_102_710.0_1708.0_0_rela_relative,[]
pseudo_102_710.0_1708.0_1_rela_relative,[]
pseudo_102_710.0_1708.0_2_rela_relative,[]
pseudo_102_710.0_1708.0_3_rela_relative,[]
pseudo_102_710.0_1708.0_4_rela_relative,[]
pseudo_102_710.0_1708.0_5_rela_relative,"['pseudo_101_710.0_1608.0', 'pseudo_54_510.0_308.0']"
pseudo_108_810.0_608.0_0_rela_relative,[]
pseudo_108_810.0_608.0_1_rela_relative,[]
pseudo_108_810.0_608.0_2_rela_relative,"['pseudo_257_1710.0_208.0', 'pseudo_6_210.0_608.0']"
pseudo_108_810.0_608.0_3_rela_relative,[]
pseudo_108_810.0_608.0_4_rela_relative,[]
pseudo_108_810.0_608.0_5_rela_relative,[]
pseudo_110_810.0_808.0_0_rela_relative,['pseudo_287_1810.0_1508.0']
pseudo_110_810.0_808.0_1_rela_relative,[]
pseudo_110_810.0_808.0_2_rela_relative,[]
pseudo_110_810.0_808.0_3_rela_relative,"['pseudo_139_1010.0_308.0', 'pseudo_199_1310.0_1208.0', 'pseudo_216_1410.0_1208.0', 'pseudo_227_1510.0_608.0', 'pseudo_233_1510.0_1208.0', 'pseudo_254_1610.0_1608.0', 'pseudo_53_510.0_208.0']"
pseudo_110_810.0_808.0_4_rela_relative,['pseudo_238_1510.0_1708.0']
pseudo_110_810.0_808.0_5_rela_relative,[]
pseudo_113_810.0_1108.0_0_rela_relative,['pseudo_80_610.0_1208.0']
pseudo_113_810.0_1108.0_1_rela_relative,"['pseudo_146_1010.0_1008.0', 'pseudo_166_1110.0_1308.0']"
pseudo_113_810.0_1108.0_2_rela_relative,"['pseudo_196_1310.0_908.0', 'pseudo_213_1410.0_908.0']"
pseudo_113_810.0_1108.0_3_rela_relative,['pseudo_97_710.0_1208.0']
pseudo_113_810.0_1108.0_4_rela_relative,[]
pseudo_113_810.0_1108.0_5_rela_relative,[]
pseudo_115_810.0_1308.0_0_rela_relative,[]
pseudo_115_810.0_1308.0_1_rela_relative,[]
pseudo_115_810.0_1308.0_2_rela_relative,"['pseudo_249_1610.0_1108.0', 'pseudo_30_310.0_1308.0', 'pseudo_90_710.0_508.0']"
pseudo_115_810.0_1308.0_3_rela_relative,[]
pseudo_115_810.0_1308.0_4_rela_relative,[]
pseudo_115_810.0_1308.0_5_rela_relative,[]
pseudo_118_810.0_1608.0_0_rela_relative,[]
pseudo_118_810.0_1608.0_1_rela_relative,[]
pseudo_118_810.0_1608.0_2_rela_relative,[]
pseudo_118_810.0_1608.0_3_rela_relative,[]
pseudo_118_810.0_1608.0_4_rela_relative,"['pseudo_109_810.0_708.0', 'pseudo_212_1410.0_808.0']"
pseudo_118_810.0_1608.0_5_rela_relative,['pseudo_203_1310.0_1608.0']
pseudo_122_910.0_308.0_0_rela_relative,[]
pseudo_122_910.0_308.0_1_rela_relative,[]
pseudo_122_910.0_308.0_2_rela_relative,[]
pseudo_122_910.0_308.0_3_rela_relative,"['pseudo_123_910.0_408.0', 'pseudo_131_910.0_1208.0', 'pseudo_279_1810.0_708.0']"
pseudo_122_910.0_308.0_4_rela_relative,[]
pseudo_122_910.0_308.0_5_rela_relative,[]
pseudo_124_910.0_508.0_0_rela_relative,['pseudo_49_410.0_1508.0']
pseudo_124_910.0_508.0_1_rela_relative,[]
pseudo_124_910.0_508.0_2_rela_relative,[]
pseudo_124_910.0_508.0_3_rela_relative,['pseudo_95_710.0_1008.0']
pseudo_124_910.0_508.0_4_rela_relative,[]
pseudo_124_910.0_508.0_5_rela_relative,[]
pseudo_125_910.0_608.0_0_rela_relative,['pseudo_282_1810.0_1008.0']
pseudo_125_910.0_608.0_1_rela_relative,[]
pseudo_125_910.0_608.0_2_rela_relative,"['pseudo_117_810.0_1508.0', 'pseudo_119_810.0_1708.0']"
pseudo_125_910.0_608.0_3_rela_relative,[]
pseudo_125_910.0_608.0_4_rela_relative,[]
pseudo_125_910.0_608.0_5_rela_relative,[]
pseudo_128_910.0_908.0_0_rela_relative,[]
pseudo_128_910.0_908.0_1_rela_relative,"['pseudo_225_1510.0_408.0', 'pseudo_228_1510.0_708.0']"
pseudo_128_910.0_908.0_2_rela_relative,[]
pseudo_128_910.0_908.0_3_rela_relative,[]
pseudo_128_910.0_908.0_4_rela_relative,[]
pseudo_128_910.0_908.0_5_rela_relative,[]
pseudo_129_910.0_1008.0_0_rela_relative,[]
pseudo_129_910.0_1008.0_1_rela_relative,['pseudo_220_1410.0_1608.0']
pseudo_129_910.0_1008.0_2_rela_relative,['pseudo_262_1710.0_708.0']
pseudo_129_910.0_1008.0_3_rela_relative,['pseudo_144_1010.0_808.0']
pseudo_129_910.0_1008.0_4_rela_relative,[]
pseudo_129_910.0_1008.0_5_rela_relative,[]
pseudo_130_910.0_1108.0_0_rela_relative,[]
pseudo_130_910.0_1108.0_1_rela_relative,[]
pseudo_130_910.0_1108.0_2_rela_relative,[]
pseudo_130_910.0_1108.0_3_rela_relative,['pseudo_206_1410.0_208.0']
pseudo_130_910.0_1108.0_4_rela_relative,[]
pseudo_130_910.0_1108.0_5_rela_relative,[]
pseudo_132_910.0_1308.0_0_rela_relative,[]
pseudo_132_910.0_1308.0_1_rela_relative,"['pseudo_257_1710.0_208.0', 'pseudo_289_1810.0_1708.0']"
pseudo_132_910.0_1308.0_2_rela_relative,[]
pseudo_132_910.0_1308.0_3_rela_relative,[]
pseudo_132_910.0_1308.0_4_rela_relative,[]
pseudo_132_910.0_1308.0_5_rela_relative,"['pseudo_20_310.0_308.0', 'pseudo_210_1410.0_608.0', 'pseudo_244_1610.0_608.0', 'pseudo_268_1710.0_1308.0']"
pseudo_142_1010.0_608.0_0_rela_relative,"['pseudo_129_910.0_1008.0', 'pseudo_191_1310.0_408.0', 'pseudo_268_1710.0_1308.0', 'pseudo_272_1710.0_1708.0']"
pseudo_142_1010.0_608.0_1_rela_relative,[]
pseudo_142_1010.0_608.0_2_rela_relative,[]
pseudo_142_1010.0_608.0_3_rela_relative,[]
pseudo_142_1010.0_608.0_4_rela_relative,['pseudo_59_510.0_808.0']
pseudo_142_1010.0_608.0_5_rela_relative,[]
pseudo_158_1110.0_508.0_0_rela_relative,"['pseudo_125_910.0_608.0', 'pseudo_162_1110.0_908.0', 'pseudo_192_1310.0_508.0', 'pseudo_196_1310.0_908.0', 'pseudo_214_1410.0_1008.0', 'pseudo_225_1510.0_408.0', 'pseudo_228_1510.0_708.0', 'pseudo_241_1610.0_308.0', 'pseudo_245_1610.0_708.0', 'pseudo_26_310.0_908.0', 'pseudo_272_1710.0_1708.0', 'pseudo_37_410.0_308.0', 'pseudo_42_410.0_808.0', 'pseudo_44_410.0_1008.0', 'pseudo_78_610.0_1008.0', 'pseudo_90_710.0_508.0']"
pseudo_158_1110.0_508.0_1_rela_relative,[]
pseudo_158_1110.0_508.0_2_rela_relative,[]
pseudo_158_1110.0_508.0_3_rela_relative,['pseudo_218_1410.0_1408.0']
pseudo_158_1110.0_508.0_4_rela_relative,['pseudo_234_1510.0_1308.0']
pseudo_158_1110.0_508.0_5_rela_relative,[]
pseudo_162_1110.0_908.0_0_rela_relative,[]
pseudo_162_1110.0_908.0_1_rela_relative,[]
pseudo_162_1110.0_908.0_2_rela_relative,[]
pseudo_162_1110.0_908.0_3_rela_relative,"['pseudo_113_810.0_1108.0', 'pseudo_27_310.0_1008.0']"
pseudo_162_1110.0_908.0_4_rela_relative,[]
pseudo_162_1110.0_908.0_5_rela_relative,[]
pseudo_163_1110.0_1008.0_0_rela_relative,[]
pseudo_163_1110.0_1008.0_1_rela_relative,[]
pseudo_163_1110.0_1008.0_2_rela_relative,[]
pseudo_163_1110.0_1008.0_3_rela_relative,[]
pseudo_163_1110.0_1008.0_4_rela_relative,"['pseudo_220_1410.0_1608.0', 'pseudo_238_1510.0_1708.0']"
pseudo_163_1110.0_1008.0_5_rela_relative,[]
pseudo_164_1110.0_1108.0_0_rela_relative,[]
pseudo_164_1110.0_1108.0_1_rela_relative,[]
pseudo_164_1110.0_1108.0_2_rela_relative,['pseudo_39_410.0_508.0']
pseudo_164_1110.0_1108.0_3_rela_relative,"['pseudo_157_1110.0_408.0', 'pseudo_275_1810.0_308.0', 'pseudo_280_1810.0_808.0']"
pseudo_164_1110.0_1108.0_4_rela_relative,[]
pseudo_164_1110.0_1108.0_5_rela_relative,['pseudo_92_710.0_708.0']
pseudo_169_1110.0_1608.0_0_rela_relative,[]
pseudo_169_1110.0_1608.0_1_rela_relative,['pseudo_218_1410.0_1408.0']
pseudo_169_1110.0_1608.0_2_rela_relative,[]
pseudo_169_1110.0_1608.0_3_rela_relative,[]
pseudo_169_1110.0_1608.0_4_rela_relative,[]
pseudo_169_1110.0_1608.0_5_rela_relative,[]
pseudo_181_1210.0_1108.0_0_rela_relative,[]
pseudo_181_1210.0_1108.0_1_rela_relative,[]
pseudo_181_1210.0_1108.0_2_rela_relative,[]
pseudo_181_1210.0_1108.0_3_rela_relative,[]
pseudo_181_1210.0_1108.0_4_rela_relative,[]
pseudo_181_1210.0_1108.0_5_rela_relative,"['pseudo_105_810.0_308.0', 'pseudo_6_210.0_608.0']"
pseudo_182_1210.0_1208.0_0_rela_relative,[]
pseudo_182_1210.0_1208.0_1_rela_relative,[]
pseudo_182_1210.0_1208.0_2_rela_relative,[]
pseudo_182_1210.0_1208.0_3_rela_relative,[]
pseudo_182_1210.0_1208.0_4_rela_relative,[]
pseudo_182_1210.0_1208.0_5_rela_relative,['pseudo_6_210.0_608.0']
pseudo_191_1310.0_408.0_0_rela_relative,[]
pseudo_191_1310.0_408.0_1_rela_relative,[]
pseudo_191_1310.0_408.0_2_rela_relative,"['pseudo_123_910.0_408.0', 'pseudo_149_1010.0_1308.0', 'pseudo_279_1810.0_708.0']"
pseudo_191_1310.0_408.0_3_rela_relative,[]
pseudo_191_1310.0_408.0_4_rela_relative,[]
pseudo_191_1310.0_408.0_5_rela_relative,[]
pseudo_192_1310.0_508.0_0_rela_relative,"['pseudo_160_1110.0_708.0', 'pseudo_216_1410.0_1208.0', 'pseudo_26_310.0_908.0']"
pseudo_192_1310.0_508.0_1_rela_relative,[]
pseudo_192_1310.0_508.0_2_rela_relative,[]
pseudo_192_1310.0_508.0_3_rela_relative,[]
pseudo_192_1310.0_508.0_4_rela_relative,[]
pseudo_192_1310.0_508.0_5_rela_relative,[]
pseudo_193_1310.0_608.0_0_rela_relative,['pseudo_141_1010.0_508.0']
pseudo_193_1310.0_608.0_1_rela_relative,"['pseudo_43_410.0_908.0', 'pseudo_75_610.0_708.0']"
pseudo_193_1310.0_608.0_2_rela_relative,[]
pseudo_193_1310.0_608.0_3_rela_relative,"['pseudo_126_910.0_708.0', 'pseudo_240_1610.0_208.0', 'pseudo_267_1710.0_1208.0', 'pseudo_277_1810.0_508.0']"
pseudo_193_1310.0_608.0_4_rela_relative,[]
pseudo_193_1310.0_608.0_5_rela_relative,[]
pseudo_194_1310.0_708.0_0_rela_relative,[]
pseudo_194_1310.0_708.0_1_rela_relative,[]
pseudo_194_1310.0_708.0_2_rela_relative,[]
pseudo_194_1310.0_708.0_3_rela_relative,[]
pseudo_194_1310.0_708.0_4_rela_relative,['pseudo_134_910.0_1508.0']
pseudo_194_1310.0_708.0_5_rela_relative,[]
pseudo_195_1310.0_808.0_0_rela_relative,[]
pseudo_195_1310.0_808.0_1_rela_relative,['pseudo_104_810.0_208.0']
pseudo_195_1310.0_808.0_2_rela_relative,"['pseudo_123_910.0_408.0', 'pseudo_279_1810.0_708.0', 'pseudo_57_510.0_608.0', 'pseudo_76_610.0_808.0', 'pseudo_97_710.0_1208.0']"
pseudo_195_1310.0_808.0_3_rela_relative,"['pseudo_151_1010.0_1508.0', 'pseudo_217_1410.0_1308.0']"
pseudo_195_1310.0_808.0_4_rela_relative,[]
pseudo_195_1310.0_808.0_5_rela_relative,"['pseudo_147_1010.0_1108.0', 'pseudo_177_1210.0_708.0', 'pseudo_87_710.0_208.0', 'pseudo_97_710.0_1208.0']"
pseudo_196_1310.0_908.0_0_rela_relative,[]
pseudo_196_1310.0_908.0_1_rela_relative,[]
pseudo_196_1310.0_908.0_2_rela_relative,[]
pseudo_196_1310.0_908.0_3_rela_relative,['pseudo_41_410.0_708.0']
pseudo_196_1310.0_908.0_4_rela_relative,[]
pseudo_196_1310.0_908.0_5_rela_relative,['pseudo_124_910.0_508.0']
pseudo_197_1310.0_1008.0_0_rela_relative,[]
pseudo_197_1310.0_1008.0_1_rela_relative,[]
pseudo_197_1310.0_1008.0_2_rela_relative,[]
pseudo_197_1310.0_1008.0_3_rela_relative,[]
pseudo_197_1310.0_1008.0_4_rela_relative,"['pseudo_267_1710.0_1208.0', 'pseudo_57_510.0_608.0']"
pseudo_197_1310.0_1008.0_5_rela_relative,['pseudo_196_1310.0_908.0']
pseudo_198_1310.0_1108.0_0_rela_relative,['pseudo_242_1610.0_408.0']
pseudo_198_1310.0_1108.0_1_rela_relative,['pseudo_116_810.0_1408.0']
pseudo_198_1310.0_1108.0_2_rela_relative,[]
pseudo_198_1310.0_1108.0_3_rela_relative,[]
pseudo_198_1310.0_1108.0_4_rela_relative,"['pseudo_41_410.0_708.0', 'pseudo_93_710.0_808.0']"
pseudo_198_1310.0_1108.0_5_rela_relative,['pseudo_29_310.0_1208.0']
pseudo_199_1310.0_1208.0_0_rela_relative,[]
pseudo_199_1310.0_1208.0_1_rela_relative,[]
pseudo_199_1310.0_1208.0_2_rela_relative,[]
pseudo_199_1310.0_1208.0_3_rela_relative,[]
pseudo_199_1310.0_1208.0_4_rela_relative,[]
pseudo_199_1310.0_1208.0_5_rela_relative,[]
pseudo_204_1310.0_1708.0_0_rela_relative,[]
pseudo_204_1310.0_1708.0_1_rela_relative,['pseudo_98_710.0_1308.0']
pseudo_204_1310.0_1708.0_2_rela_relative,['pseudo_206_1410.0_208.0']
pseudo_204_1310.0_1708.0_3_rela_relative,[]
pseudo_204_1310.0_1708.0_4_rela_relative,[]
pseudo_204_1310.0_1708.0_5_rela_relative,[]
pseudo_209_1410.0_508.0_0_rela_relative,[]
pseudo_209_1410.0_508.0_1_rela_relative,['pseudo_142_1010.0_608.0']
pseudo_209_1410.0_508.0_2_rela_relative,[]
pseudo_209_1410.0_508.0_3_rela_relative,['pseudo_211_1410.0_708.0']
pseudo_209_1410.0_508.0_4_rela_relative,"['pseudo_190_1310.0_308.0', 'pseudo_238_1510.0_1708.0']"
pseudo_209_1410.0_508.0_5_rela_relative,[]
pseudo_210_1410.0_608.0_0_rela_relative,"['pseudo_110_810.0_808.0', 'pseudo_76_610.0_808.0']"
pseudo_210_1410.0_608.0_1_rela_relative,[]
pseudo_210_1410.0_608.0_2_rela_relative,['pseudo_53_510.0_208.0']
pseudo_210_1410.0_608.0_3_rela_relative,[]
pseudo_210_1410.0_608.0_4_rela_relative,[]
pseudo_210_1410.0_608.0_5_rela_relative,['pseudo_124_910.0_508.0']
pseudo_213_1410.0_908.0_0_rela_relative,['pseudo_269_1710.0_1408.0']
pseudo_213_1410.0_908.0_1_rela_relative,[]
pseudo_213_1410.0_908.0_2_rela_relative,[]
pseudo_213_1410.0_908.0_3_rela_relative,['pseudo_144_1010.0_808.0']
pseudo_213_1410.0_908.0_4_rela_relative,[]
pseudo_213_1410.0_908.0_5_rela_relative,[]
pseudo_214_1410.0_1008.0_0_rela_relative,[]
pseudo_214_1410.0_1008.0_1_rela_relative,[]
pseudo_214_1410.0_1008.0_2_rela_relative,"['pseudo_275_1810.0_308.0', 'pseudo_283_1810.0_1108.0']"
pseudo_214_1410.0_1008.0_3_rela_relative,['pseudo_78_610.0_1008.0']
pseudo_214_1410.0_1008.0_4_rela_relative,[]
pseudo_214_1410.0_1008.0_5_rela_relative,[]
pseudo_215_1410.0_1108.0_0_rela_relative,[]
pseudo_215_1410.0_1108.0_1_rela_relative,['pseudo_237_1510.0_1608.0']
pseudo_215_1410.0_1108.0_2_rela_relative,[]
pseudo_215_1410.0_1108.0_3_rela_relative,[]
pseudo_215_1410.0_1108.0_4_rela_relative,[]
pseudo_215_1410.0_1108.0_5_rela_relative,['pseudo_282_1810.0_1008.0']
pseudo_216_1410.0_1208.0_0_rela_relative,[]
pseudo_216_1410.0_1208.0_1_rela_relative,[]
pseudo_216_1410.0_1208.0_2_rela_relative,[]
pseudo_216_1410.0_1208.0_3_rela_relative,[]
pseudo_216_1410.0_1208.0_4_rela_relative,"['pseudo_104_810.0_208.0', 'pseudo_147_1010.0_1108.0', 'pseudo_47_410.0_1308.0', 'pseudo_57_510.0_608.0', 'pseudo_87_710.0_208.0']"
pseudo_216_1410.0_1208.0_5_rela_relative,[]
pseudo_219_1410.0_1508.0_0_rela_relative,['pseudo_45_410.0_1108.0']
pseudo_219_1410.0_1508.0_1_rela_relative,[]
pseudo_219_1410.0_1508.0_2_rela_relative,"['pseudo_199_1310.0_1208.0', 'pseudo_254_1610.0_1608.0', 'pseudo_26_310.0_908.0']"
pseudo_219_1410.0_1508.0_3_rela_relative,[]
pseudo_219_1410.0_1508.0_4_rela_relative,[]
pseudo_219_1410.0_1508.0_5_rela_relative,"['pseudo_165_1110.0_1208.0', 'pseudo_33_310.0_1608.0']"
pseudo_224_1510.0_308.0_0_rela_relative,[]
pseudo_224_1510.0_308.0_1_rela_relative,[]
pseudo_224_1510.0_308.0_2_rela_relative,[]
pseudo_224_1510.0_308.0_3_rela_relative,[]
pseudo_224_1510.0_308.0_4_rela_relative,[]
pseudo_224_1510.0_308.0_5_rela_relative,[]
pseudo_226_1510.0_508.0_0_rela_relative,[]
pseudo_226_1510.0_508.0_1_rela_relative,[]
pseudo_226_1510.0_508.0_2_rela_relative,[]
pseudo_226_1510.0_508.0_3_rela_relative,[]
pseudo_226_1510.0_508.0_4_rela_relative,[]
pseudo_226_1510.0_508.0_5_rela_relative,[]
pseudo_227_1510.0_608.0_0_rela_relative,"['pseudo_180_1210.0_1008.0', 'pseudo_207_1410.0_308.0', 'pseudo_24_310.0_708.0', 'pseudo_61_510.0_1008.0', 'pseudo_87_710.0_208.0']"
pseudo_227_1510.0_608.0_1_rela_relative,[]
pseudo_227_1510.0_608.0_2_rela_relative,[]
pseudo_227_1510.0_608.0_3_rela_relative,[]
pseudo_227_1510.0_608.0_4_rela_relative,[]
pseudo_227_1510.0_608.0_5_rela_relative,[]
pseudo_231_1510.0_1008.0_0_rela_relative,"['pseudo_130_910.0_1108.0', 'pseudo_135_910.0_1608.0', 'pseudo_250_1610.0_1208.0']"
pseudo_231_1510.0_1008.0_1_rela_relative,[]
pseudo_231_1510.0_1008.0_2_rela_relative,[]
pseudo_231_1510.0_1008.0_3_rela_relative,[]
pseudo_231_1510.0_1008.0_4_rela_relative,"['pseudo_38_410.0_408.0', 'pseudo_40_410.0_608.0', 'pseudo_56_510.0_508.0', 'pseudo_88_710.0_308.0', 'pseudo_91_710.0_608.0']"
pseudo_231_1510.0_1008.0_5_rela_relative,[]
pseudo_244_1610.0_608.0_0_rela_relative,[]
pseudo_244_1610.0_608.0_1_rela_relative,[]
pseudo_244_1610.0_608.0_2_rela_relative,[]
pseudo_244_1610.0_608.0_3_rela_relative,[]
pseudo_244_1610.0_608.0_4_rela_relative,[]
pseudo_244_1610.0_608.0_5_rela_relative,[]
pseudo_245_1610.0_708.0_0_rela_relative,[]
pseudo_245_1610.0_708.0_1_rela_relative,[]
pseudo_245_1610.0_708.0_2_rela_relative,[]
pseudo_245_1610.0_708.0_3_rela_relative,[]
pseudo_245_1610.0_708.0_4_rela_relative,[]
pseudo_245_1610.0_708.0_5_rela_relative,[]
pseudo_247_1610.0_908.0_0_rela_relative,"['pseudo_219_1410.0_1508.0', 'pseudo_71_610.0_308.0']"
pseudo_247_1610.0_908.0_1_rela_relative,[]
pseudo_247_1610.0_908.0_2_rela_relative,['pseudo_174_1210.0_408.0']
pseudo_247_1610.0_908.0_3_rela_relative,[]
pseudo_247_1610.0_908.0_4_rela_relative,['pseudo_134_910.0_1508.0']
pseudo_247_1610.0_908.0_5_rela_relative,[]
pseudo_248_1610.0_1008.0_0_rela_relative,[]
pseudo_248_1610.0_1008.0_1_rela_relative,"['pseudo_104_810.0_208.0', 'pseudo_180_1210.0_1008.0', 'pseudo_207_1410.0_308.0', 'pseudo_247_1610.0_908.0', 'pseudo_87_710.0_208.0']"
pseudo_248_1610.0_1008.0_2_rela_relative,['pseudo_178_1210.0_808.0']
pseudo_248_1610.0_1008.0_3_rela_relative,[]
pseudo_248_1610.0_1008.0_4_rela_relative,[]
pseudo_248_1610.0_1008.0_5_rela_relative,[]
pseudo_250_1610.0_1208.0_0_rela_relative,[]
pseudo_250_1610.0_1208.0_1_rela_relative,[]
pseudo_250_1610.0_1208.0_2_rela_relative,[]
pseudo_250_1610.0_1208.0_3_rela_relative,[]
pseudo_250_1610.0_1208.0_4_rela_relative,[]
pseudo_250_1610.0_1208.0_5_rela_relative,[]
pseudo_251_1610.0_1308.0_0_rela_relative,['pseudo_31_310.0_1408.0']
pseudo_251_1610.0_1308.0_1_rela_relative,[]
pseudo_251_1610.0_1308.0_2_rela_relative,[]
pseudo_251_1610.0_1308.0_3_rela_relative,[]
pseudo_251_1610.0_1308.0_4_rela_relative,[]
pseudo_251_1610.0_1308.0_5_rela_relative,[]
pseudo_252_1610.0_1408.0_0_rela_relative,[]
pseudo_252_1610.0_1408.0_1_rela_relative,[]
pseudo_252_1610.0_1408.0_2_rela_relative,"['pseudo_240_1610.0_208.0', 'pseudo_242_1610.0_408.0', 'pseudo_267_1710.0_1208.0']"
pseudo_252_1610.0_1408.0_3_rela_relative,[]
pseudo_252_1610.0_1408.0_4_rela_relative,[]
pseudo_252_1610.0_1408.0_5_rela_relative,['pseudo_267_1710.0_1208.0']
pseudo_264_1710.0_908.0_0_rela_relative,[]
pseudo_264_1710.0_908.0_1_rela_relative,[]
pseudo_264_1710.0_908.0_2_rela_relative,[]
pseudo_264_1710.0_908.0_3_rela_relative,[]
pseudo_264_1710.0_908.0_4_rela_relative,[]
pseudo_264_1710.0_908.0_5_rela_relative,[]
pseudo_268_1710.0_1308.0_0_rela_relative,[]
pseudo_268_1710.0_1308.0_1_rela_relative,[]
pseudo_268_1710.0_1308.0_2_rela_relative,[]
pseudo_268_1710.0_1308.0_3_rela_relative,['pseudo_96_710.0_1108.0']
pseudo_268_1710.0_1308.0_4_rela_relative,[]
pseudo_268_1710.0_1308.0_5_rela_relative,[]
pseudo_269_1710.0_1408.0_0_rela_relative,['pseudo_194_1310.0_708.0']
pseudo_269_1710.0_1408.0_1_rela_relative,"['pseudo_258_1710.0_308.0', 'pseudo_68_510.0_1708.0']"
pseudo_269_1710.0_1408.0_2_rela_relative,['pseudo_64_510.0_1308.0']
pseudo_269_1710.0_1408.0_3_rela_relative,[]
pseudo_269_1710.0_1408.0_4_rela_relative,[]
pseudo_269_1710.0_1408.0_5_rela_relative,[]
pseudo_272_1710.0_1708.0_0_rela_relative,"['pseudo_42_410.0_808.0', 'pseudo_73_610.0_508.0', 'pseudo_90_710.0_508.0']"
pseudo_272_1710.0_1708.0_1_rela_relative,[]
pseudo_272_1710.0_1708.0_2_rela_relative,['pseudo_275_1810.0_308.0']
pseudo_272_1710.0_1708.0_3_rela_relative,['pseudo_131_910.0_1208.0']
pseudo_272_1710.0_1708.0_4_rela_relative,[]
pseudo_272_1710.0_1708.0_5_rela_relative,['pseudo_116_810.0_1408.0']
pseudo_285_1810.0_1308.0_0_rela_relative,[]
pseudo_285_1810.0_1308.0_1_rela_relative,['pseudo_101_710.0_1608.0']
pseudo_285_1810.0_1308.0_2_rela_relative,[]
pseudo_285_1810.0_1308.0_3_rela_relative,"['pseudo_174_1210.0_408.0', 'pseudo_175_1210.0_508.0', 'pseudo_216_1410.0_1208.0']"
pseudo_285_1810.0_1308.0_4_rela_relative,['pseudo_23_310.0_608.0']
pseudo_285_1810.0_1308.0_5_rela_relative,[]
pseudo_21_310.0_408.0_0_rela_relative,[]
pseudo_21_310.0_408.0_1_rela_relative,[]
pseudo_21_310.0_408.0_2_rela_relative,[]
pseudo_21_310.0_408.0_3_rela_relative,[]
pseudo_21_310.0_408.0_4_rela_relative,['pseudo_23_310.0_608.0']
pseudo_21_310.0_408.0_5_rela_relative,[]
pseudo_21_310.0_408.0_6_rela_relative,[]
pseudo_21_310.0_408.0_7_rela_relative,[]
pseudo_21_310.0_408.0_8_rela_relative,['pseudo_79_610.0_1108.0']
pseudo_21_310.0_408.0_9_rela_relative,[]
pseudo_21_310.0_408.0_10_rela_relative,"['pseudo_106_810.0_408.0', 'pseudo_206_1410.0_208.0']"
pseudo_22_310.0_508.0_0_rela_relative,[]
pseudo_22_310.0_508.0_1_rela_relative,[]
pseudo_22_310.0_508.0_2_rela_relative,[]
pseudo_22_310.0_508.0_3_rela_relative,[]
pseudo_22_310.0_508.0_4_rela_relative,[]
pseudo_22_310.0_508.0_5_rela_relative,[]
pseudo_22_310.0_508.0_6_rela_relative,[]
pseudo_22_310.0_508.0_7_rela_relative,[]
pseudo_22_310.0_508.0_8_rela_relative,[]
pseudo_22_310.0_508.0_9_rela_relative,[]
pseudo_22_310.0_508.0_10_rela_relative,['pseudo_87_710.0_208.0']
pseudo_37_410.0_308.0_0_rela_relative,[]
pseudo_37_410.0_308.0_1_rela_relative,[]
pseudo_37_410.0_308.0_2_rela_relative,[]
pseudo_37_410.0_308.0_3_rela_relative,[]
pseudo_37_410.0_308.0_4_rela_relative,[]
pseudo_37_410.0_308.0_5_rela_relative,[]
pseudo_37_410.0_308.0_6_rela_relative,[]
pseudo_37_410.0_308.0_7_rela_relative,"['pseudo_184_1210.0_1408.0', 'pseudo_252_1610.0_1408.0', 'pseudo_48_410.0_1408.0', 'pseudo_76_610.0_808.0']"
pseudo_37_410.0_308.0_8_rela_relative,[]
pseudo_37_410.0_308.0_9_rela_relative,[]
pseudo_37_410.0_308.0_10_rela_relative,[]
pseudo_38_410.0_408.0_0_rela_relative,['pseudo_101_710.0_1608.0']
pseudo_38_410.0_408.0_1_rela_relative,[]
pseudo_38_410.0_408.0_2_rela_relative,[]
pseudo_38_410.0_408.0_3_rela_relative,['pseudo_178_1210.0_808.0']
pseudo_38_410.0_408.0_4_rela_relative,[]
pseudo_38_410.0_408.0_5_rela_relative,['pseudo_93_710.0_808.0']
pseudo_38_410.0_408.0_6_rela_relative,['pseudo_84_610.0_1608.0']
pseudo_38_410.0_408.0_7_rela_relative,[]
pseudo_38_410.0_408.0_8_rela_relative,[]
pseudo_38_410.0_408.0_9_rela_relative,[]
pseudo_38_410.0_408.0_10_rela_relative,[]
pseudo_44_410.0_1008.0_0_rela_relative,[]
pseudo_44_410.0_1008.0_1_rela_relative,"['pseudo_113_810.0_1108.0', 'pseudo_203_1310.0_1608.0']"
pseudo_44_410.0_1008.0_2_rela_relative,[]
pseudo_44_410.0_1008.0_3_rela_relative,[]
pseudo_44_410.0_1008.0_4_rela_relative,['pseudo_229_1510.0_808.0']
pseudo_44_410.0_1008.0_5_rela_relative,"['pseudo_125_910.0_608.0', 'pseudo_128_910.0_908.0', 'pseudo_162_1110.0_908.0', 'pseudo_199_1310.0_1208.0', 'pseudo_208_1410.0_408.0', 'pseudo_214_1410.0_1008.0', 'pseudo_224_1510.0_308.0', 'pseudo_230_1510.0_908.0', 'pseudo_241_1610.0_308.0', 'pseudo_244_1610.0_608.0', 'pseudo_44_410.0_1008.0', 'pseudo_62_510.0_1108.0']"
pseudo_44_410.0_1008.0_6_rela_relative,[]
pseudo_44_410.0_1008.0_7_rela_relative,[]
pseudo_44_410.0_1008.0_8_rela_relative,['pseudo_235_1510.0_1408.0']
pseudo_44_410.0_1008.0_9_rela_relative,[]
pseudo_44_410.0_1008.0_10_rela_relative,"['pseudo_116_810.0_1408.0', 'pseudo_192_1310.0_508.0', 'pseudo_215_1410.0_1108.0', 'pseudo_226_1510.0_508.0', 'pseudo_272_1710.0_1708.0', 'pseudo_30_310.0_1308.0', 'pseudo_90_710.0_508.0']"
pseudo_45_410.0_1108.0_0_rela_relative,[]
pseudo_45_410.0_1108.0_1_rela_relative,[]
pseudo_45_410.0_1108.0_2_rela_relative,[]
pseudo_45_410.0_1108.0_3_rela_relative,['pseudo_267_1710.0_1208.0']
pseudo_45_410.0_1108.0_4_rela_relative,[]
pseudo_45_410.0_1108.0_5_rela_relative,[]
pseudo_45_410.0_1108.0_6_rela_relative,['pseudo_268_1710.0_1308.0']
pseudo_45_410.0_1108.0_7_rela_relative,[]
pseudo_45_410.0_1108.0_8_rela_relative,[]
pseudo_45_410.0_1108.0_9_rela_relative,[]
pseudo_45_410.0_1108.0_10_rela_relative,[]
pseudo_46_410.0_1208.0_0_rela_relative,['pseudo_199_1310.0_1208.0']
pseudo_46_410.0_1208.0_1_rela_relative,['pseudo_140_1010.0_408.0']
pseudo_46_410.0_1208.0_2_rela_relative,[]
pseudo_46_410.0_1208.0_3_rela_relative,['pseudo_263_1710.0_808.0']
pseudo_46_410.0_1208.0_4_rela_relative,[]
pseudo_46_410.0_1208.0_5_rela_relative,[]
pseudo_46_410.0_1208.0_6_rela_relative,"['pseudo_175_1210.0_508.0', 'pseudo_180_1210.0_1008.0']"
pseudo_46_410.0_1208.0_7_rela_relative,"['pseudo_111_810.0_908.0', 'pseudo_128_910.0_908.0', 'pseudo_143_1010.0_708.0', 'pseudo_158_1110.0_508.0', 'pseudo_164_1110.0_1108.0', 'pseudo_208_1410.0_408.0', 'pseudo_241_1610.0_308.0', 'pseudo_276_1810.0_408.0', 'pseudo_55_510.0_408.0', 'pseudo_75_610.0_708.0', 'pseudo_90_710.0_508.0', 'pseudo_94_710.0_908.0']"
pseudo_46_410.0_1208.0_8_rela_relative,"['pseudo_112_810.0_1008.0', 'pseudo_27_310.0_1008.0']"
pseudo_46_410.0_1208.0_9_rela_relative,['pseudo_109_810.0_708.0']
pseudo_46_410.0_1208.0_10_rela_relative,['pseudo_82_610.0_1408.0']
pseudo_54_510.0_308.0_0_rela_relative,"['pseudo_176_1210.0_608.0', 'pseudo_43_410.0_908.0']"
pseudo_54_510.0_308.0_1_rela_relative,[]
pseudo_54_510.0_308.0_2_rela_relative,[]
pseudo_54_510.0_308.0_3_rela_relative,[]
pseudo_54_510.0_308.0_4_rela_relative,[]
pseudo_54_510.0_308.0_5_rela_relative,['pseudo_144_1010.0_808.0']
pseudo_54_510.0_308.0_6_rela_relative,[]
pseudo_54_510.0_308.0_7_rela_relative,[]
pseudo_54_510.0_308.0_8_rela_relative,"['pseudo_142_1010.0_608.0', 'pseudo_26_310.0_908.0']"
pseudo_54_510.0_308.0_9_rela_relative,[]
pseudo_54_510.0_308.0_10_rela_relative,[]
pseudo_55_510.0_408.0_0_rela_relative,[]
pseudo_55_510.0_408.0_1_rela_relative,[]
pseudo_55_510.0_408.0_2_rela_relative,[]
pseudo_55_510.0_408.0_3_rela_relative,"['pseudo_264_1710.0_908.0', 'pseudo_26_310.0_908.0']"
pseudo_55_510.0_408.0_4_rela_relative,[]
pseudo_55_510.0_408.0_5_rela_relative,['pseudo_106_810.0_408.0']
pseudo_55_510.0_408.0_6_rela_relative,['pseudo_199_1310.0_1208.0']
pseudo_55_510.0_408.0_7_rela_relative,[]
pseudo_55_510.0_408.0_8_rela_relative,[]
pseudo_55_510.0_408.0_9_rela_relative,"['pseudo_113_810.0_1108.0', 'pseudo_203_1310.0_1608.0']"
pseudo_55_510.0_408.0_10_rela_relative,[]
pseudo_58_510.0_708.0_0_rela_relative,[]
pseudo_58_510.0_708.0_1_rela_relative,[]
pseudo_58_510.0_708.0_2_rela_relative,[]
pseudo_58_510.0_708.0_3_rela_relative,[]
pseudo_58_510.0_708.0_4_rela_relative,['pseudo_41_410.0_708.0']
pseudo_58_510.0_708.0_5_rela_relative,"['pseudo_107_810.0_508.0', 'pseudo_257_1710.0_208.0']"
pseudo_58_510.0_708.0_6_rela_relative,[]
pseudo_58_510.0_708.0_7_rela_relative,[]
pseudo_58_510.0_708.0_8_rela_relative,"['pseudo_41_410.0_708.0', 'pseudo_60_510.0_908.0']"
pseudo_58_510.0_708.0_9_rela_relative,[]
pseudo_58_510.0_708.0_10_rela_relative,[]
pseudo_63_510.0_1208.0_0_rela_relative,"['pseudo_195_1310.0_808.0', 'pseudo_40_410.0_608.0', 'pseudo_88_710.0_308.0']"
pseudo_63_510.0_1208.0_1_rela_relative,[]
pseudo_63_510.0_1208.0_2_rela_relative,[]
pseudo_63_510.0_1208.0_3_rela_relative,"['pseudo_191_1310.0_408.0', 'pseudo_53_510.0_208.0', 'pseudo_70_610.0_208.0']"
pseudo_63_510.0_1208.0_4_rela_relative,[]
pseudo_63_510.0_1208.0_5_rela_relative,['pseudo_105_810.0_308.0']
pseudo_63_510.0_1208.0_6_rela_relative,['pseudo_234_1510.0_1308.0']
pseudo_63_510.0_1208.0_7_rela_relative,['pseudo_182_1210.0_1208.0']
pseudo_63_510.0_1208.0_8_rela_relative,[]
pseudo_63_510.0_1208.0_9_rela_relative,['pseudo_258_1710.0_308.0']
pseudo_63_510.0_1208.0_10_rela_relative,[]
pseudo_87_710.0_208.0_0_rela_relative,[]
pseudo_87_710.0_208.0_1_rela_relative,[]
pseudo_87_710.0_208.0_2_rela_relative,[]
pseudo_87_710.0_208.0_3_rela_relative,[]
pseudo_87_710.0_208.0_4_rela_relative,['pseudo_184_1210.0_1408.0']
pseudo_87_710.0_208.0_5_rela_relative,['pseudo_198_1310.0_1108.0']
pseudo_87_710.0_208.0_6_rela_relative,"['pseudo_129_910.0_1008.0', 'pseudo_22_310.0_508.0', 'pseudo_268_1710.0_1308.0']"
pseudo_87_710.0_208.0_7_rela_relative,[]
pseudo_87_710.0_208.0_8_rela_relative,['pseudo_187_1210.0_1708.0']
pseudo_87_710.0_208.0_9_rela_relative,[]
pseudo_87_710.0_208.0_10_rela_relative,['pseudo_20_310.0_308.0']
pseudo_93_710.0_808.0_0_rela_relative,[]
pseudo_93_710.0_808.0_1_rela_relative,"['pseudo_147_1010.0_1108.0', 'pseudo_177_1210.0_708.0', 'pseudo_285_1810.0_1308.0', 'pseudo_61_510.0_1008.0', 'pseudo_97_710.0_1208.0']"
pseudo_93_710.0_808.0_2_rela_relative,[]
pseudo_93_710.0_808.0_3_rela_relative,[]
pseudo_93_710.0_808.0_4_rela_relative,['pseudo_79_610.0_1108.0']
pseudo_93_710.0_808.0_5_rela_relative,[]
pseudo_93_710.0_808.0_6_rela_relative,[]
pseudo_93_710.0_808.0_7_rela_relative,[]
pseudo_93_710.0_808.0_8_rela_relative,[]
pseudo_93_710.0_808.0_9_rela_relative,['pseudo_23_310.0_608.0']
pseudo_93_710.0_808.0_10_rela_relative,[]
pseudo_94_710.0_908.0_0_rela_relative,[]
pseudo_94_710.0_908.0_1_rela_relative,[]
pseudo_94_710.0_908.0_2_rela_relative,[]
pseudo_94_710.0_908.0_3_rela_relative,[]
pseudo_94_710.0_908.0_4_rela_relative,[]
pseudo_94_710.0_908.0_5_rela_relative,[]
pseudo_94_710.0_908.0_6_rela_relative,[]
pseudo_94_710.0_908.0_7_rela_relative,[]
pseudo_94_710.0_908.0_8_rela_relative,[]
pseudo_94_710.0_908.0_9_rela_relative,"['pseudo_175_1210.0_508.0', 'pseudo_92_710.0_708.0']"
pseudo_94_710.0_908.0_10_rela_relative,[]
pseudo_107_810.0_508.0_0_rela_relative,[]
pseudo_107_810.0_508.0_1_rela_relative,[]
pseudo_107_810.0_508.0_2_rela_relative,"['pseudo_147_1010.0_1108.0', 'pseudo_165_1110.0_1208.0', 'pseudo_279_1810.0_708.0', 'pseudo_97_710.0_1208.0']"
pseudo_107_810.0_508.0_3_rela_relative,[]
pseudo_107_810.0_508.0_4_rela_relative,[]
pseudo_107_810.0_508.0_5_rela_relative,['pseudo_238_1510.0_1708.0']
pseudo_107_810.0_508.0_6_rela_relative,[]
pseudo_107_810.0_508.0_7_rela_relative,[]
pseudo_107_810.0_508.0_8_rela_relative,[]
pseudo_107_810.0_508.0_9_rela_relative,[]
pseudo_107_810.0_508.0_10_rela_relative,[]
pseudo_109_810.0_708.0_0_rela_relative,[]
pseudo_109_810.0_708.0_1_rela_relative,[]
pseudo_109_810.0_708.0_2_rela_relative,"['pseudo_152_1010.0_1608.0', 'pseudo_179_1210.0_908.0', 'pseudo_217_1410.0_1308.0', 'pseudo_254_1610.0_1608.0', 'pseudo_265_1710.0_1008.0', 'pseudo_281_1810.0_908.0', 'pseudo_64_510.0_1308.0']"
pseudo_109_810.0_708.0_3_rela_relative,[]
pseudo_109_810.0_708.0_4_rela_relative,[]
pseudo_109_810.0_708.0_5_rela_relative,['pseudo_22_310.0_508.0']
pseudo_109_810.0_708.0_6_rela_relative,['pseudo_58_510.0_708.0']
pseudo_109_810.0_708.0_7_rela_relative,[]
pseudo_109_810.0_708.0_8_rela_relative,[]
pseudo_109_810.0_708.0_9_rela_relative,[]
pseudo_109_810.0_708.0_10_rela_relative,[]
pseudo_111_810.0_908.0_0_rela_relative,[]
pseudo_111_810.0_908.0_1_rela_relative,[]
pseudo_111_810.0_908.0_2_rela_relative,[]
pseudo_111_810.0_908.0_3_rela_relative,['pseudo_219_1410.0_1508.0']
pseudo_111_810.0_908.0_4_rela_relative,"['pseudo_116_810.0_1408.0', 'pseudo_146_1010.0_1008.0']"
pseudo_111_810.0_908.0_5_rela_relative,"['pseudo_145_1010.0_908.0', 'pseudo_157_1110.0_408.0', 'pseudo_179_1210.0_908.0', 'pseudo_275_1810.0_308.0', 'pseudo_280_1810.0_808.0', 'pseudo_69_610.0_108.0']"
pseudo_111_810.0_908.0_6_rela_relative,[]
pseudo_111_810.0_908.0_7_rela_relative,[]
pseudo_111_810.0_908.0_8_rela_relative,['pseudo_254_1610.0_1608.0']
pseudo_111_810.0_908.0_9_rela_relative,[]
pseudo_111_810.0_908.0_10_rela_relative,['pseudo_250_1610.0_1208.0']
pseudo_114_810.0_1208.0_0_rela_relative,[]
pseudo_114_810.0_1208.0_1_rela_relative,"['pseudo_200_1310.0_1308.0', 'pseudo_48_410.0_1408.0']"
pseudo_114_810.0_1208.0_2_rela_relative,[]
pseudo_114_810.0_1208.0_3_rela_relative,[]
pseudo_114_810.0_1208.0_4_rela_relative,['pseudo_136_910.0_1708.0']
pseudo_114_810.0_1208.0_5_rela_relative,[]
pseudo_114_810.0_1208.0_6_rela_relative,"['pseudo_265_1710.0_1008.0', 'pseudo_282_1810.0_1008.0']"
pseudo_114_810.0_1208.0_7_rela_relative,[]
pseudo_114_810.0_1208.0_8_rela_relative,[]
pseudo_114_810.0_1208.0_9_rela_relative,[]
pseudo_114_810.0_1208.0_10_rela_relative,[]
pseudo_127_910.0_808.0_0_rela_relative,[]
pseudo_127_910.0_808.0_1_rela_relative,[]
pseudo_127_910.0_808.0_2_rela_relative,[]
pseudo_127_910.0_808.0_3_rela_relative,[]
pseudo_127_910.0_808.0_4_rela_relative,[]
pseudo_127_910.0_808.0_5_rela_relative,[]
pseudo_127_910.0_808.0_6_rela_relative,"['pseudo_216_1410.0_1208.0', 'pseudo_251_1610.0_1308.0']"
pseudo_127_910.0_808.0_7_rela_relative,['pseudo_106_810.0_408.0']
pseudo_127_910.0_808.0_8_rela_relative,[]
pseudo_127_910.0_808.0_9_rela_relative,[]
pseudo_127_910.0_808.0_10_rela_relative,['pseudo_269_1710.0_1408.0']
pseudo_134_910.0_1508.0_0_rela_relative,[]
pseudo_134_910.0_1508.0_1_rela_relative,[]
pseudo_134_910.0_1508.0_2_rela_relative,[]
pseudo_134_910.0_1508.0_3_rela_relative,[]
pseudo_134_910.0_1508.0_4_rela_relative,['pseudo_80_610.0_1208.0']
pseudo_134_910.0_1508.0_5_rela_relative,"['pseudo_168_1110.0_1508.0', 'pseudo_184_1210.0_1408.0', 'pseudo_80_610.0_1208.0']"
pseudo_134_910.0_1508.0_6_rela_relative,"['pseudo_56_510.0_508.0', 'pseudo_81_610.0_1308.0']"
pseudo_134_910.0_1508.0_7_rela_relative,['pseudo_263_1710.0_808.0']
pseudo_134_910.0_1508.0_8_rela_relative,['pseudo_237_1510.0_1608.0']
pseudo_134_910.0_1508.0_9_rela_relative,[]
pseudo_134_910.0_1508.0_10_rela_relative,[]
pseudo_135_910.0_1608.0_0_rela_relative,[]
pseudo_135_910.0_1608.0_1_rela_relative,[]
pseudo_135_910.0_1608.0_2_rela_relative,[]
pseudo_135_910.0_1608.0_3_rela_relative,[]
pseudo_135_910.0_1608.0_4_rela_relative,[]
pseudo_135_910.0_1608.0_5_rela_relative,[]
pseudo_135_910.0_1608.0_6_rela_relative,[]
pseudo_135_910.0_1608.0_7_rela_relative,[]
pseudo_135_910.0_1608.0_8_rela_relative,['pseudo_72_610.0_408.0']
pseudo_135_910.0_1608.0_9_rela_relative,[]
pseudo_135_910.0_1608.0_10_rela_relative,['pseudo_141_1010.0_508.0']
pseudo_138_1010.0_208.0_0_rela_relative,['pseudo_264_1710.0_908.0']
pseudo_138_1010.0_208.0_1_rela_relative,[]
pseudo_138_1010.0_208.0_2_rela_relative,['pseudo_50_410.0_1608.0']
pseudo_138_1010.0_208.0_3_rela_relative,['pseudo_93_710.0_808.0']
pseudo_138_1010.0_208.0_4_rela_relative,['pseudo_56_510.0_508.0']
pseudo_138_1010.0_208.0_5_rela_relative,[]
pseudo_138_1010.0_208.0_6_rela_relative,[]
pseudo_138_1010.0_208.0_7_rela_relative,"['pseudo_112_810.0_1008.0', 'pseudo_203_1310.0_1608.0', 'pseudo_66_510.0_1508.0', 'pseudo_82_610.0_1408.0']"
pseudo_138_1010.0_208.0_8_rela_relative,[]
pseudo_138_1010.0_208.0_9_rela_relative,[]
pseudo_138_1010.0_208.0_10_rela_relative,"['pseudo_110_810.0_808.0', 'pseudo_136_910.0_1708.0']"
pseudo_141_1010.0_508.0_0_rela_relative,[]
pseudo_141_1010.0_508.0_1_rela_relative,['pseudo_89_710.0_408.0']
pseudo_141_1010.0_508.0_2_rela_relative,[]
pseudo_141_1010.0_508.0_3_rela_relative,[]
pseudo_141_1010.0_508.0_4_rela_relative,[]
pseudo_141_1010.0_508.0_5_rela_relative,"['pseudo_177_1210.0_708.0', 'pseudo_285_1810.0_1308.0']"
pseudo_141_1010.0_508.0_6_rela_relative,[]
pseudo_141_1010.0_508.0_7_rela_relative,['pseudo_74_610.0_608.0']
pseudo_141_1010.0_508.0_8_rela_relative,[]
pseudo_141_1010.0_508.0_9_rela_relative,['pseudo_288_1810.0_1608.0']
pseudo_141_1010.0_508.0_10_rela_relative,['pseudo_262_1710.0_708.0']
pseudo_148_1010.0_1208.0_0_rela_relative,[]
pseudo_148_1010.0_1208.0_1_rela_relative,['pseudo_269_1710.0_1408.0']
pseudo_148_1010.0_1208.0_2_rela_relative,['pseudo_159_1110.0_608.0']
pseudo_148_1010.0_1208.0_3_rela_relative,[]
pseudo_148_1010.0_1208.0_4_rela_relative,[]
pseudo_148_1010.0_1208.0_5_rela_relative,[]
pseudo_148_1010.0_1208.0_6_rela_relative,['pseudo_289_1810.0_1708.0']
pseudo_148_1010.0_1208.0_7_rela_relative,[]
pseudo_148_1010.0_1208.0_8_rela_relative,[]
pseudo_148_1010.0_1208.0_9_rela_relative,[]
pseudo_148_1010.0_1208.0_10_rela_relative,[]
pseudo_159_1110.0_608.0_0_rela_relative,[]
pseudo_159_1110.0_608.0_1_rela_relative,[]
pseudo_159_1110.0_608.0_2_rela_relative,[]
pseudo_159_1110.0_608.0_3_rela_relative,[]
pseudo_159_1110.0_608.0_4_rela_relative,[]
pseudo_159_1110.0_608.0_5_rela_relative,[]
pseudo_159_1110.0_608.0_6_rela_relative,[]
pseudo_159_1110.0_608.0_7_rela_relative,[]
pseudo_159_1110.0_608.0_8_rela_relative,['pseudo_28_310.0_1108.0']
pseudo_159_1110.0_608.0_9_rela_relative,['pseudo_122_910.0_308.0']
pseudo_159_1110.0_608.0_10_rela_relative,[]
pseudo_173_1210.0_308.0_0_rela_relative,[]
pseudo_173_1210.0_308.0_1_rela_relative,[]
pseudo_173_1210.0_308.0_2_rela_relative,[]
pseudo_173_1210.0_308.0_3_rela_relative,[]
pseudo_173_1210.0_308.0_4_rela_relative,[]
pseudo_173_1210.0_308.0_5_rela_relative,[]
pseudo_173_1210.0_308.0_6_rela_relative,[]
pseudo_173_1210.0_308.0_7_rela_relative,[]
pseudo_173_1210.0_308.0_8_rela_relative,['pseudo_79_610.0_1108.0']
pseudo_173_1210.0_308.0_9_rela_relative,['pseudo_279_1810.0_708.0']
pseudo_173_1210.0_308.0_10_rela_relative,[]
pseudo_176_1210.0_608.0_0_rela_relative,['pseudo_266_1710.0_1108.0']
pseudo_176_1210.0_608.0_1_rela_relative,[]
pseudo_176_1210.0_608.0_2_rela_relative,[]
pseudo_176_1210.0_608.0_3_rela_relative,[]
pseudo_176_1210.0_608.0_4_rela_relative,[]
pseudo_176_1210.0_608.0_5_rela_relative,[]
pseudo_176_1210.0_608.0_6_rela_relative,[]
pseudo_176_1210.0_608.0_7_rela_relative,"['pseudo_130_910.0_1108.0', 'pseudo_182_1210.0_1208.0', 'pseudo_43_410.0_908.0']"
pseudo_176_1210.0_608.0_8_rela_relative,[]
pseudo_176_1210.0_608.0_9_rela_relative,[]
pseudo_176_1210.0_608.0_10_rela_relative,[]
pseudo_178_1210.0_808.0_0_rela_relative,[]
pseudo_178_1210.0_808.0_1_rela_relative,['pseudo_40_410.0_608.0']
pseudo_178_1210.0_808.0_2_rela_relative,[]
pseudo_178_1210.0_808.0_3_rela_relative,[]
pseudo_178_1210.0_808.0_4_rela_relative,[]
pseudo_178_1210.0_808.0_5_rela_relative,[]
pseudo_178_1210.0_808.0_6_rela_relative,[]
pseudo_178_1210.0_808.0_7_rela_relative,['pseudo_195_1310.0_808.0']
pseudo_178_1210.0_808.0_8_rela_relative,['pseudo_232_1510.0_1108.0']
pseudo_178_1210.0_808.0_9_rela_relative,[]
pseudo_178_1210.0_808.0_10_rela_relative,[]
pseudo_208_1410.0_408.0_0_rela_relative,[]
pseudo_208_1410.0_408.0_1_rela_relative,[]
pseudo_208_1410.0_408.0_2_rela_relative,['pseudo_280_1810.0_808.0']
pseudo_208_1410.0_408.0_3_rela_relative,[]
pseudo_208_1410.0_408.0_4_rela_relative,[]
pseudo_208_1410.0_408.0_5_rela_relative,['pseudo_98_710.0_1308.0']
pseudo_208_1410.0_408.0_6_rela_relative,[]
pseudo_208_1410.0_408.0_7_rela_relative,['pseudo_206_1410.0_208.0']
pseudo_208_1410.0_408.0_8_rela_relative,[]
pseudo_208_1410.0_408.0_9_rela_relative,[]
pseudo_208_1410.0_408.0_10_rela_relative,['pseudo_71_610.0_308.0']
pseudo_211_1410.0_708.0_0_rela_relative,[]
pseudo_211_1410.0_708.0_1_rela_relative,[]
pseudo_211_1410.0_708.0_2_rela_relative,[]
pseudo_211_1410.0_708.0_3_rela_relative,[]
pseudo_211_1410.0_708.0_4_rela_relative,['pseudo_96_710.0_1108.0']
pseudo_211_1410.0_708.0_5_rela_relative,[]
pseudo_211_1410.0_708.0_6_rela_relative,"['pseudo_152_1010.0_1608.0', 'pseudo_179_1210.0_908.0', 'pseudo_64_510.0_1308.0']"
pseudo_211_1410.0_708.0_7_rela_relative,[]
pseudo_211_1410.0_708.0_8_rela_relative,['pseudo_206_1410.0_208.0']
pseudo_211_1410.0_708.0_9_rela_relative,[]
pseudo_211_1410.0_708.0_10_rela_relative,['pseudo_257_1710.0_208.0']
pseudo_212_1410.0_808.0_0_rela_relative,[]
pseudo_212_1410.0_808.0_1_rela_relative,[]
pseudo_212_1410.0_808.0_2_rela_relative,['pseudo_199_1310.0_1208.0']
pseudo_212_1410.0_808.0_3_rela_relative,[]
pseudo_212_1410.0_808.0_4_rela_relative,"['pseudo_165_1110.0_1208.0', 'pseudo_207_1410.0_308.0', 'pseudo_24_310.0_708.0', 'pseudo_265_1710.0_1008.0', 'pseudo_33_310.0_1608.0', 'pseudo_60_510.0_908.0']"
pseudo_212_1410.0_808.0_5_rela_relative,"['pseudo_72_610.0_408.0', 'pseudo_9_210.0_908.0']"
pseudo_212_1410.0_808.0_6_rela_relative,[]
pseudo_212_1410.0_808.0_7_rela_relative,"['pseudo_235_1510.0_1408.0', 'pseudo_254_1610.0_1608.0']"
pseudo_212_1410.0_808.0_8_rela_relative,[]
pseudo_212_1410.0_808.0_9_rela_relative,[]
pseudo_212_1410.0_808.0_10_rela_relative,[]
pseudo_225_1510.0_408.0_0_rela_relative,"['pseudo_113_810.0_1108.0', 'pseudo_130_910.0_1108.0', 'pseudo_182_1210.0_1208.0', 'pseudo_250_1610.0_1208.0', 'pseudo_251_1610.0_1308.0', 'pseudo_252_1610.0_1408.0', 'pseudo_255_1610.0_1708.0']"
pseudo_225_1510.0_408.0_1_rela_relative,[]
pseudo_225_1510.0_408.0_2_rela_relative,[]
pseudo_225_1510.0_408.0_3_rela_relative,[]
pseudo_225_1510.0_408.0_4_rela_relative,[]
pseudo_225_1510.0_408.0_5_rela_relative,['pseudo_60_510.0_908.0']
pseudo_225_1510.0_408.0_6_rela_relative,"['pseudo_46_410.0_1208.0', 'pseudo_81_610.0_1308.0', 'pseudo_88_710.0_308.0', 'pseudo_91_710.0_608.0']"
pseudo_225_1510.0_408.0_7_rela_relative,[]
pseudo_225_1510.0_408.0_8_rela_relative,"['pseudo_118_810.0_1608.0', 'pseudo_125_910.0_608.0', 'pseudo_142_1010.0_608.0', 'pseudo_169_1110.0_1608.0', 'pseudo_173_1210.0_308.0', 'pseudo_214_1410.0_1008.0', 'pseudo_224_1510.0_308.0', 'pseudo_226_1510.0_508.0', 'pseudo_243_1610.0_508.0', 'pseudo_244_1610.0_608.0', 'pseudo_245_1610.0_708.0', 'pseudo_268_1710.0_1308.0', 'pseudo_42_410.0_808.0', 'pseudo_62_510.0_1108.0', 'pseudo_94_710.0_908.0']"
pseudo_225_1510.0_408.0_9_rela_relative,"['pseudo_113_810.0_1108.0', 'pseudo_181_1210.0_1108.0']"
pseudo_225_1510.0_408.0_10_rela_relative,[]
pseudo_228_1510.0_708.0_0_rela_relative,['pseudo_218_1410.0_1408.0']
pseudo_228_1510.0_708.0_1_rela_relative,['pseudo_89_710.0_408.0']
pseudo_228_1510.0_708.0_2_rela_relative,['pseudo_92_710.0_708.0']
pseudo_228_1510.0_708.0_3_rela_relative,[]
pseudo_228_1510.0_708.0_4_rela_relative,"['pseudo_109_810.0_708.0', 'pseudo_210_1410.0_608.0', 'pseudo_42_410.0_808.0', 'pseudo_74_610.0_608.0', 'pseudo_88_710.0_308.0']"
pseudo_228_1510.0_708.0_5_rela_relative,[]
pseudo_228_1510.0_708.0_6_rela_relative,['pseudo_266_1710.0_1108.0']
pseudo_228_1510.0_708.0_7_rela_relative,['pseudo_115_810.0_1308.0']
pseudo_228_1510.0_708.0_8_rela_relative,[]
pseudo_228_1510.0_708.0_9_rela_relative,[]
pseudo_228_1510.0_708.0_10_rela_relative,['pseudo_147_1010.0_1108.0']
pseudo_241_1610.0_308.0_0_rela_relative,[]
pseudo_241_1610.0_308.0_1_rela_relative,"['pseudo_44_410.0_1008.0', 'pseudo_6_210.0_608.0', 'pseudo_78_610.0_1008.0']"
pseudo_241_1610.0_308.0_2_rela_relative,[]
pseudo_241_1610.0_308.0_3_rela_relative,[]
pseudo_241_1610.0_308.0_4_rela_relative,[]
pseudo_241_1610.0_308.0_5_rela_relative,[]
pseudo_241_1610.0_308.0_6_rela_relative,['pseudo_194_1310.0_708.0']
pseudo_241_1610.0_308.0_7_rela_relative,[]
pseudo_241_1610.0_308.0_8_rela_relative,"['pseudo_254_1610.0_1608.0', 'pseudo_48_410.0_1408.0', 'pseudo_95_710.0_1008.0']"
pseudo_241_1610.0_308.0_9_rela_relative,['pseudo_207_1410.0_308.0']
pseudo_241_1610.0_308.0_10_rela_relative,[]
pseudo_243_1610.0_508.0_0_rela_relative,['pseudo_266_1710.0_1108.0']
pseudo_243_1610.0_508.0_1_rela_relative,"['pseudo_210_1410.0_608.0', 'pseudo_228_1510.0_708.0', 'pseudo_245_1610.0_708.0', 'pseudo_42_410.0_808.0', 'pseudo_55_510.0_408.0', 'pseudo_73_610.0_508.0', 'pseudo_75_610.0_708.0', 'pseudo_88_710.0_308.0']"
pseudo_243_1610.0_508.0_2_rela_relative,[]
pseudo_243_1610.0_508.0_3_rela_relative,[]
pseudo_243_1610.0_508.0_4_rela_relative,[]
pseudo_243_1610.0_508.0_5_rela_relative,['pseudo_254_1610.0_1608.0']
pseudo_243_1610.0_508.0_6_rela_relative,[]
pseudo_243_1610.0_508.0_7_rela_relative,"['pseudo_109_810.0_708.0', 'pseudo_22_310.0_508.0', 'pseudo_88_710.0_308.0']"
pseudo_243_1610.0_508.0_8_rela_relative,[]
pseudo_243_1610.0_508.0_9_rela_relative,[]
pseudo_243_1610.0_508.0_10_rela_relative,[]
pseudo_249_1610.0_1108.0_0_rela_relative,[]
pseudo_249_1610.0_1108.0_1_rela_relative,[]
pseudo_249_1610.0_1108.0_2_rela_relative,[]
pseudo_249_1610.0_1108.0_3_rela_relative,"['pseudo_116_810.0_1408.0', 'pseudo_218_1410.0_1408.0']"
pseudo_249_1610.0_1108.0_4_rela_relative,['pseudo_278_1810.0_608.0']
pseudo_249_1610.0_1108.0_5_rela_relative,[]
pseudo_249_1610.0_1108.0_6_rela_relative,[]
pseudo_249_1610.0_1108.0_7_rela_relative,[]
pseudo_249_1610.0_1108.0_8_rela_relative,[]
pseudo_249_1610.0_1108.0_9_rela_relative,[]
pseudo_249_1610.0_1108.0_10_rela_relative,[]
pseudo_261_1710.0_608.0_0_rela_relative,[]
pseudo_261_1710.0_608.0_1_rela_relative,[]
pseudo_261_1710.0_608.0_2_rela_relative,[]
pseudo_261_1710.0_608.0_3_rela_relative,[]
pseudo_261_1710.0_608.0_4_rela_relative,[]
pseudo_261_1710.0_608.0_5_rela_relative,"['pseudo_81_610.0_1308.0', 'pseudo_91_710.0_608.0']"
pseudo_261_1710.0_608.0_6_rela_relative,[]
pseudo_261_1710.0_608.0_7_rela_relative,[]
pseudo_261_1710.0_608.0_8_rela_relative,[]
pseudo_261_1710.0_608.0_9_rela_relative,[]
pseudo_261_1710.0_608.0_10_rela_relative,[]
pseudo_262_1710.0_708.0_0_rela_relative,['pseudo_115_810.0_1308.0']
pseudo_262_1710.0_708.0_1_rela_relative,[]
pseudo_262_1710.0_708.0_2_rela_relative,[]
pseudo_262_1710.0_708.0_3_rela_relative,[]
pseudo_262_1710.0_708.0_4_rela_relative,"['pseudo_146_1010.0_1008.0', 'pseudo_230_1510.0_908.0']"
pseudo_262_1710.0_708.0_5_rela_relative,[]
pseudo_262_1710.0_708.0_6_rela_relative,"['pseudo_105_810.0_308.0', 'pseudo_140_1010.0_408.0', 'pseudo_143_1010.0_708.0', 'pseudo_276_1810.0_408.0']"
pseudo_262_1710.0_708.0_7_rela_relative,"['pseudo_201_1310.0_1408.0', 'pseudo_80_610.0_1208.0']"
pseudo_262_1710.0_708.0_8_rela_relative,"['pseudo_121_910.0_208.0', 'pseudo_126_910.0_708.0', 'pseudo_37_410.0_308.0']"
pseudo_262_1710.0_708.0_9_rela_relative,[]
pseudo_262_1710.0_708.0_10_rela_relative,['pseudo_96_710.0_1108.0']
pseudo_266_1710.0_1108.0_0_rela_relative,[]
pseudo_266_1710.0_1108.0_1_rela_relative,['pseudo_212_1410.0_808.0']
pseudo_266_1710.0_1108.0_2_rela_relative,[]
pseudo_266_1710.0_1108.0_3_rela_relative,"['pseudo_253_1610.0_1508.0', 'pseudo_270_1710.0_1508.0', 'pseudo_50_410.0_1608.0']"
pseudo_266_1710.0_1108.0_4_rela_relative,[]
pseudo_266_1710.0_1108.0_5_rela_relative,['pseudo_235_1510.0_1408.0']
pseudo_266_1710.0_1108.0_6_rela_relative,[]
pseudo_266_1710.0_1108.0_7_rela_relative,['pseudo_198_1310.0_1108.0']
pseudo_266_1710.0_1108.0_8_rela_relative,"['pseudo_145_1010.0_908.0', 'pseudo_157_1110.0_408.0', 'pseudo_179_1210.0_908.0', 'pseudo_229_1510.0_808.0', 'pseudo_233_1510.0_1208.0']"
pseudo_266_1710.0_1108.0_9_rela_relative,[]
pseudo_266_1710.0_1108.0_10_rela_relative,"['pseudo_177_1210.0_708.0', 'pseudo_24_310.0_708.0', 'pseudo_61_510.0_1008.0']"
pseudo_284_1810.0_1208.0_0_rela_relative,['pseudo_146_1010.0_1008.0']
pseudo_284_1810.0_1208.0_1_rela_relative,[]
pseudo_284_1810.0_1208.0_2_rela_relative,[]
pseudo_284_1810.0_1208.0_3_rela_relative,[]
pseudo_284_1810.0_1208.0_4_rela_relative,"['pseudo_57_510.0_608.0', 'pseudo_9_210.0_908.0']"
pseudo_284_1810.0_1208.0_5_rela_relative,['pseudo_243_1610.0_508.0']
pseudo_284_1810.0_1208.0_6_rela_relative,['pseudo_160_1110.0_708.0']
pseudo_284_1810.0_1208.0_7_rela_relative,[]
pseudo_284_1810.0_1208.0_8_rela_relative,['pseudo_71_610.0_308.0']
pseudo_284_1810.0_1208.0_9_rela_relative,"['pseudo_145_1010.0_908.0', 'pseudo_175_1210.0_508.0', 'pseudo_24_310.0_708.0', 'pseudo_265_1710.0_1008.0']"
pseudo_284_1810.0_1208.0_10_rela_relative,[]
pseudo_286_1810.0_1408.0_0_rela_relative,[]
pseudo_286_1810.0_1408.0_1_rela_relative,[]
pseudo_286_1810.0_1408.0_2_rela_relative,[]
pseudo_286_1810.0_1408.0_3_rela_relative,"['pseudo_147_1010.0_1108.0', 'pseudo_263_1710.0_808.0']"
pseudo_286_1810.0_1408.0_4_rela_relative,[]
pseudo_286_1810.0_1408.0_5_rela_relative,[]
pseudo_286_1810.0_1408.0_6_rela_relative,[]
pseudo_286_1810.0_1408.0_7_rela_relative,"['pseudo_107_810.0_508.0', 'pseudo_111_810.0_908.0', 'pseudo_114_810.0_1208.0', 'pseudo_125_910.0_608.0', 'pseudo_142_1010.0_608.0', 'pseudo_163_1110.0_1008.0', 'pseudo_173_1210.0_308.0', 'pseudo_183_1210.0_1308.0', 'pseudo_214_1410.0_1008.0', 'pseudo_219_1410.0_1508.0', 'pseudo_224_1510.0_308.0', 'pseudo_228_1510.0_708.0', 'pseudo_231_1510.0_1008.0', 'pseudo_241_1610.0_308.0', 'pseudo_244_1610.0_608.0', 'pseudo_245_1610.0_708.0', 'pseudo_25_310.0_808.0', 'pseudo_286_1810.0_1408.0', 'pseudo_37_410.0_308.0', 'pseudo_55_510.0_408.0', 'pseudo_62_510.0_1108.0', 'pseudo_74_610.0_608.0', 'pseudo_77_610.0_908.0']"
pseudo_286_1810.0_1408.0_8_rela_relative,[]
pseudo_286_1810.0_1408.0_9_rela_relative,"['pseudo_225_1510.0_408.0', 'pseudo_58_510.0_708.0']"
pseudo_286_1810.0_1408.0_10_rela_relative,"['pseudo_150_1010.0_1408.0', 'pseudo_167_1110.0_1408.0', 'pseudo_83_610.0_1508.0']"
pseudo_6_210.0_608.0_0_rela_relative,[]
pseudo_6_210.0_608.0_1_rela_relative,"['pseudo_270_1710.0_1508.0', 'pseudo_50_410.0_1608.0']"
pseudo_6_210.0_608.0_2_rela_relative,[]
pseudo_6_210.0_608.0_3_rela_relative,[]
pseudo_6_210.0_608.0_4_rela_relative,"['pseudo_105_810.0_308.0', 'pseudo_121_910.0_208.0', 'pseudo_72_610.0_408.0']"
pseudo_6_210.0_608.0_5_rela_relative,[]
pseudo_6_210.0_608.0_6_rela_relative,['pseudo_204_1310.0_1708.0']
pseudo_6_210.0_608.0_7_rela_relative,"['pseudo_110_810.0_808.0', 'pseudo_252_1610.0_1408.0', 'pseudo_76_610.0_808.0']"
pseudo_6_210.0_608.0_8_rela_relative,[]
pseudo_6_210.0_608.0_9_rela_relative,[]
pseudo_9_210.0_908.0_0_rela_relative,['pseudo_166_1110.0_1308.0']
pseudo_9_210.0_908.0_1_rela_relative,[]
pseudo_9_210.0_908.0_2_rela_relative,[]
pseudo_9_210.0_908.0_3_rela_relative,['pseudo_32_310.0_1508.0']
pseudo_9_210.0_908.0_4_rela_relative,[]
pseudo_9_210.0_908.0_5_rela_relative,[]
pseudo_9_210.0_908.0_6_rela_relative,[]
pseudo_9_210.0_908.0_7_rela_relative,[]
pseudo_9_210.0_908.0_8_rela_relative,['pseudo_149_1010.0_1308.0']
pseudo_9_210.0_908.0_9_rela_relative,[]
pseudo_20_310.0_308.0_0_rela_relative,[]
pseudo_20_310.0_308.0_1_rela_relative,[]
pseudo_20_310.0_308.0_2_rela_relative,[]
pseudo_20_310.0_308.0_3_rela_relative,['pseudo_254_1610.0_1608.0']
pseudo_20_310.0_308.0_4_rela_relative,[]
pseudo_20_310.0_308.0_5_rela_relative,[]
pseudo_20_310.0_308.0_6_rela_relative,['pseudo_39_410.0_508.0']
pseudo_20_310.0_308.0_7_rela_relative,[]
pseudo_20_310.0_308.0_8_rela_relative,"['pseudo_216_1410.0_1208.0', 'pseudo_233_1510.0_1208.0', 'pseudo_283_1810.0_1108.0']"
pseudo_20_310.0_308.0_9_rela_relative,['pseudo_235_1510.0_1408.0']
pseudo_23_310.0_608.0_0_rela_relative,[]
pseudo_23_310.0_608.0_1_rela_relative,[]
pseudo_23_310.0_608.0_2_rela_relative,[]
pseudo_23_310.0_608.0_3_rela_relative,[]
pseudo_23_310.0_608.0_4_rela_relative,[]
pseudo_23_310.0_608.0_5_rela_relative,[]
pseudo_23_310.0_608.0_6_rela_relative,"['pseudo_261_1710.0_608.0', 'pseudo_278_1810.0_608.0']"
pseudo_23_310.0_608.0_7_rela_relative,[]
pseudo_23_310.0_608.0_8_rela_relative,['pseudo_243_1610.0_508.0']
pseudo_23_310.0_608.0_9_rela_relative,[]
pseudo_27_310.0_1008.0_0_rela_relative,[]
pseudo_27_310.0_1008.0_1_rela_relative,[]
pseudo_27_310.0_1008.0_2_rela_relative,['pseudo_282_1810.0_1008.0']
pseudo_27_310.0_1008.0_3_rela_relative,"['pseudo_126_910.0_708.0', 'pseudo_240_1610.0_208.0', 'pseudo_267_1710.0_1208.0', 'pseudo_276_1810.0_408.0', 'pseudo_277_1810.0_508.0']"
pseudo_27_310.0_1008.0_4_rela_relative,[]
pseudo_27_310.0_1008.0_5_rela_relative,['pseudo_61_510.0_1008.0']
pseudo_27_310.0_1008.0_6_rela_relative,[]
pseudo_27_310.0_1008.0_7_rela_relative,['pseudo_206_1410.0_208.0']
pseudo_27_310.0_1008.0_8_rela_relative,[]
pseudo_27_310.0_1008.0_9_rela_relative,[]
pseudo_29_310.0_1208.0_0_rela_relative,[]
pseudo_29_310.0_1208.0_1_rela_relative,[]
pseudo_29_310.0_1208.0_2_rela_relative,['pseudo_6_210.0_608.0']
pseudo_29_310.0_1208.0_3_rela_relative,[]
pseudo_29_310.0_1208.0_4_rela_relative,[]
pseudo_29_310.0_1208.0_5_rela_relative,[]
pseudo_29_310.0_1208.0_6_rela_relative,['pseudo_150_1010.0_1408.0']
pseudo_29_310.0_1208.0_7_rela_relative,"['pseudo_38_410.0_408.0', 'pseudo_56_510.0_508.0']"
pseudo_29_310.0_1208.0_8_rela_relative,['pseudo_57_510.0_608.0']
pseudo_29_310.0_1208.0_9_rela_relative,[]
pseudo_33_310.0_1608.0_0_rela_relative,[]
pseudo_33_310.0_1608.0_1_rela_relative,['pseudo_31_310.0_1408.0']
pseudo_33_310.0_1608.0_2_rela_relative,[]
pseudo_33_310.0_1608.0_3_rela_relative,[]
pseudo_33_310.0_1608.0_4_rela_relative,[]
pseudo_33_310.0_1608.0_5_rela_relative,[]
pseudo_33_310.0_1608.0_6_rela_relative,[]
pseudo_33_310.0_1608.0_7_rela_relative,[]
pseudo_33_310.0_1608.0_8_rela_relative,"['pseudo_102_710.0_1708.0', 'pseudo_145_1010.0_908.0', 'pseudo_70_610.0_208.0', 'pseudo_92_710.0_708.0']"
pseudo_33_310.0_1608.0_9_rela_relative,[]
pseudo_50_410.0_1608.0_0_rela_relative,[]
pseudo_50_410.0_1608.0_1_rela_relative,[]
pseudo_50_410.0_1608.0_2_rela_relative,[]
pseudo_50_410.0_1608.0_3_rela_relative,['pseudo_89_710.0_408.0']
pseudo_50_410.0_1608.0_4_rela_relative,[]
pseudo_50_410.0_1608.0_5_rela_relative,[]
pseudo_50_410.0_1608.0_6_rela_relative,['pseudo_49_410.0_1508.0']
pseudo_50_410.0_1608.0_7_rela_relative,[]
pseudo_50_410.0_1608.0_8_rela_relative,['pseudo_82_610.0_1408.0']
pseudo_50_410.0_1608.0_9_rela_relative,[]
pseudo_51_410.0_1708.0_0_rela_relative,"['pseudo_197_1310.0_1008.0', 'pseudo_249_1610.0_1108.0']"
pseudo_51_410.0_1708.0_1_rela_relative,[]
pseudo_51_410.0_1708.0_2_rela_relative,[]
pseudo_51_410.0_1708.0_3_rela_relative,[]
pseudo_51_410.0_1708.0_4_rela_relative,[]
pseudo_51_410.0_1708.0_5_rela_relative,[]
pseudo_51_410.0_1708.0_6_rela_relative,[]
pseudo_51_410.0_1708.0_7_rela_relative,[]
pseudo_51_410.0_1708.0_8_rela_relative,[]
pseudo_51_410.0_1708.0_9_rela_relative,[]
pseudo_57_510.0_608.0_0_rela_relative,[]
pseudo_57_510.0_608.0_1_rela_relative,[]
pseudo_57_510.0_608.0_2_rela_relative,[]
pseudo_57_510.0_608.0_3_rela_relative,['pseudo_97_710.0_1208.0']
pseudo_57_510.0_608.0_4_rela_relative,[]
pseudo_57_510.0_608.0_5_rela_relative,[]
pseudo_57_510.0_608.0_6_rela_relative,[]
pseudo_57_510.0_608.0_7_rela_relative,[]
pseudo_57_510.0_608.0_8_rela_relative,"['pseudo_240_1610.0_208.0', 'pseudo_68_510.0_1708.0']"
pseudo_57_510.0_608.0_9_rela_relative,['pseudo_27_310.0_1008.0']
pseudo_66_510.0_1508.0_0_rela_relative,['pseudo_235_1510.0_1408.0']
pseudo_66_510.0_1508.0_1_rela_relative,[]
pseudo_66_510.0_1508.0_2_rela_relative,"['pseudo_102_710.0_1708.0', 'pseudo_145_1010.0_908.0', 'pseudo_157_1110.0_408.0', 'pseudo_179_1210.0_908.0', 'pseudo_229_1510.0_808.0', 'pseudo_233_1510.0_1208.0', 'pseudo_275_1810.0_308.0', 'pseudo_280_1810.0_808.0', 'pseudo_283_1810.0_1108.0', 'pseudo_53_510.0_208.0', 'pseudo_69_610.0_108.0', 'pseudo_70_610.0_208.0']"
pseudo_66_510.0_1508.0_3_rela_relative,[]
pseudo_66_510.0_1508.0_4_rela_relative,[]
pseudo_66_510.0_1508.0_5_rela_relative,['pseudo_204_1310.0_1708.0']
pseudo_66_510.0_1508.0_6_rela_relative,[]
pseudo_66_510.0_1508.0_7_rela_relative,[]
pseudo_66_510.0_1508.0_8_rela_relative,"['pseudo_162_1110.0_908.0', 'pseudo_193_1310.0_608.0', 'pseudo_228_1510.0_708.0', 'pseudo_44_410.0_1008.0']"
pseudo_66_510.0_1508.0_9_rela_relative,"['pseudo_105_810.0_308.0', 'pseudo_126_910.0_708.0', 'pseudo_149_1010.0_1308.0', 'pseudo_192_1310.0_508.0', 'pseudo_21_310.0_408.0', 'pseudo_249_1610.0_1108.0', 'pseudo_37_410.0_308.0', 'pseudo_6_210.0_608.0', 'pseudo_78_610.0_1008.0']"
pseudo_68_510.0_1708.0_0_rela_relative,['pseudo_124_910.0_508.0']
pseudo_68_510.0_1708.0_1_rela_relative,['pseudo_218_1410.0_1408.0']
pseudo_68_510.0_1708.0_2_rela_relative,"['pseudo_113_810.0_1108.0', 'pseudo_66_510.0_1508.0']"
pseudo_68_510.0_1708.0_3_rela_relative,[]
pseudo_68_510.0_1708.0_4_rela_relative,['pseudo_115_810.0_1308.0']
pseudo_68_510.0_1708.0_5_rela_relative,[]
pseudo_68_510.0_1708.0_6_rela_relative,[]
pseudo_68_510.0_1708.0_7_rela_relative,['pseudo_46_410.0_1208.0']
pseudo_68_510.0_1708.0_8_rela_relative,[]
pseudo_68_510.0_1708.0_9_rela_relative,[]
pseudo_69_610.0_108.0_0_rela_relative,[]
pseudo_69_610.0_108.0_1_rela_relative,[]
pseudo_69_610.0_108.0_2_rela_relative,[]
pseudo_69_610.0_108.0_3_rela_relative,[]
pseudo_69_610.0_108.0_4_rela_relative,[]
pseudo_69_610.0_108.0_5_rela_relative,[]
pseudo_69_610.0_108.0_6_rela_relative,[]
pseudo_69_610.0_108.0_7_rela_relative,[]
pseudo_69_610.0_108.0_8_rela_relative,[]
pseudo_69_610.0_108.0_9_rela_relative,[]
pseudo_72_610.0_408.0_0_rela_relative,[]
pseudo_72_610.0_408.0_1_rela_relative,[]
pseudo_72_610.0_408.0_2_rela_relative,[]
pseudo_72_610.0_408.0_3_rela_relative,[]
pseudo_72_610.0_408.0_4_rela_relative,['pseudo_266_1710.0_1108.0']
pseudo_72_610.0_408.0_5_rela_relative,[]
pseudo_72_610.0_408.0_6_rela_relative,['pseudo_106_810.0_408.0']
pseudo_72_610.0_408.0_7_rela_relative,[]
pseudo_72_610.0_408.0_8_rela_relative,[]
pseudo_72_610.0_408.0_9_rela_relative,[]
pseudo_77_610.0_908.0_0_rela_relative,[]
pseudo_77_610.0_908.0_1_rela_relative,[]
pseudo_77_610.0_908.0_2_rela_relative,['pseudo_194_1310.0_708.0']
pseudo_77_610.0_908.0_3_rela_relative,[]
pseudo_77_610.0_908.0_4_rela_relative,[]
pseudo_77_610.0_908.0_5_rela_relative,[]
pseudo_77_610.0_908.0_6_rela_relative,[]
pseudo_77_610.0_908.0_7_rela_relative,['pseudo_98_710.0_1308.0']
pseudo_77_610.0_908.0_8_rela_relative,[]
pseudo_77_610.0_908.0_9_rela_relative,[]
pseudo_82_610.0_1408.0_0_rela_relative,[]
pseudo_82_610.0_1408.0_1_rela_relative,['pseudo_197_1310.0_1008.0']
pseudo_82_610.0_1408.0_2_rela_relative,[]
pseudo_82_610.0_1408.0_3_rela_relative,[]
pseudo_82_610.0_1408.0_4_rela_relative,['pseudo_89_710.0_408.0']
pseudo_82_610.0_1408.0_5_rela_relative,"['pseudo_49_410.0_1508.0', 'pseudo_63_510.0_1208.0']"
pseudo_82_610.0_1408.0_6_rela_relative,['pseudo_66_510.0_1508.0']
pseudo_82_610.0_1408.0_7_rela_relative,[]
pseudo_82_610.0_1408.0_8_rela_relative,[]
pseudo_82_610.0_1408.0_9_rela_relative,['pseudo_181_1210.0_1108.0']
pseudo_96_710.0_1108.0_0_rela_relative,[]
pseudo_96_710.0_1108.0_1_rela_relative,"['pseudo_158_1110.0_508.0', 'pseudo_174_1210.0_408.0', 'pseudo_175_1210.0_508.0', 'pseudo_227_1510.0_608.0']"
pseudo_96_710.0_1108.0_2_rela_relative,['pseudo_32_310.0_1508.0']
pseudo_96_710.0_1108.0_3_rela_relative,['pseudo_289_1810.0_1708.0']
pseudo_96_710.0_1108.0_4_rela_relative,[]
pseudo_96_710.0_1108.0_5_rela_relative,[]
pseudo_96_710.0_1108.0_6_rela_relative,['pseudo_186_1210.0_1608.0']
pseudo_96_710.0_1108.0_7_rela_relative,['pseudo_246_1610.0_808.0']
pseudo_96_710.0_1108.0_8_rela_relative,[]
pseudo_96_710.0_1108.0_9_rela_relative,[]
pseudo_104_810.0_208.0_0_rela_relative,[]
pseudo_104_810.0_208.0_1_rela_relative,[]
pseudo_104_810.0_208.0_2_rela_relative,[]
pseudo_104_810.0_208.0_3_rela_relative,[]
pseudo_104_810.0_208.0_4_rela_relative,[]
pseudo_104_810.0_208.0_5_rela_relative,"['pseudo_199_1310.0_1208.0', 'pseudo_215_1410.0_1108.0', 'pseudo_216_1410.0_1208.0', 'pseudo_227_1510.0_608.0']"
pseudo_104_810.0_208.0_6_rela_relative,[]
pseudo_104_810.0_208.0_7_rela_relative,[]
pseudo_104_810.0_208.0_8_rela_relative,[]
pseudo_104_810.0_208.0_9_rela_relative,[]
pseudo_105_810.0_308.0_0_rela_relative,['pseudo_269_1710.0_1408.0']
pseudo_105_810.0_308.0_1_rela_relative,[]
pseudo_105_810.0_308.0_2_rela_relative,['pseudo_109_810.0_708.0']
pseudo_105_810.0_308.0_3_rela_relative,[]
pseudo_105_810.0_308.0_4_rela_relative,[]
pseudo_105_810.0_308.0_5_rela_relative,[]
pseudo_105_810.0_308.0_6_rela_relative,[]
pseudo_105_810.0_308.0_7_rela_relative,[]
pseudo_105_810.0_308.0_8_rela_relative,[]
pseudo_105_810.0_308.0_9_rela_relative,[]
pseudo_119_810.0_1708.0_0_rela_relative,[]
pseudo_119_810.0_1708.0_1_rela_relative,[]
pseudo_119_810.0_1708.0_2_rela_relative,['pseudo_71_610.0_308.0']
pseudo_119_810.0_1708.0_3_rela_relative,[]
pseudo_119_810.0_1708.0_4_rela_relative,[]
pseudo_119_810.0_1708.0_5_rela_relative,[]
pseudo_119_810.0_1708.0_6_rela_relative,[]
pseudo_119_810.0_1708.0_7_rela_relative,['pseudo_106_810.0_408.0']
pseudo_119_810.0_1708.0_8_rela_relative,[]
pseudo_119_810.0_1708.0_9_rela_relative,[]
pseudo_121_910.0_208.0_0_rela_relative,[]
pseudo_121_910.0_208.0_1_rela_relative,['pseudo_206_1410.0_208.0']
pseudo_121_910.0_208.0_2_rela_relative,"['pseudo_126_910.0_708.0', 'pseudo_162_1110.0_908.0', 'pseudo_181_1210.0_1108.0']"
pseudo_121_910.0_208.0_3_rela_relative,[]
pseudo_121_910.0_208.0_4_rela_relative,[]
pseudo_121_910.0_208.0_5_rela_relative,['pseudo_235_1510.0_1408.0']
pseudo_121_910.0_208.0_6_rela_relative,[]
pseudo_121_910.0_208.0_7_rela_relative,[]
pseudo_121_910.0_208.0_8_rela_relative,['pseudo_234_1510.0_1308.0']
pseudo_121_910.0_208.0_9_rela_relative,['pseudo_235_1510.0_1408.0']
pseudo_123_910.0_408.0_0_rela_relative,['pseudo_53_510.0_208.0']
pseudo_123_910.0_408.0_1_rela_relative,[]
pseudo_123_910.0_408.0_2_rela_relative,[]
pseudo_123_910.0_408.0_3_rela_relative,['pseudo_51_410.0_1708.0']
pseudo_123_910.0_408.0_4_rela_relative,[]
pseudo_123_910.0_408.0_5_rela_relative,"['pseudo_132_910.0_1308.0', 'pseudo_164_1110.0_1108.0', 'pseudo_197_1310.0_1008.0']"
pseudo_123_910.0_408.0_6_rela_relative,[]
pseudo_123_910.0_408.0_7_rela_relative,[]
pseudo_123_910.0_408.0_8_rela_relative,[]
pseudo_123_910.0_408.0_9_rela_relative,['pseudo_194_1310.0_708.0']
pseudo_126_910.0_708.0_0_rela_relative,"['pseudo_105_810.0_308.0', 'pseudo_257_1710.0_208.0', 'pseudo_277_1810.0_508.0']"
pseudo_126_910.0_708.0_1_rela_relative,['pseudo_141_1010.0_508.0']
pseudo_126_910.0_708.0_2_rela_relative,['pseudo_279_1810.0_708.0']
pseudo_126_910.0_708.0_3_rela_relative,[]
pseudo_126_910.0_708.0_4_rela_relative,"['pseudo_132_910.0_1308.0', 'pseudo_191_1310.0_408.0', 'pseudo_203_1310.0_1608.0']"
pseudo_126_910.0_708.0_5_rela_relative,"['pseudo_160_1110.0_708.0', 'pseudo_174_1210.0_408.0']"
pseudo_126_910.0_708.0_6_rela_relative,[]
pseudo_126_910.0_708.0_7_rela_relative,"['pseudo_112_810.0_1008.0', 'pseudo_117_810.0_1508.0', 'pseudo_119_810.0_1708.0', 'pseudo_133_910.0_1408.0', 'pseudo_168_1110.0_1508.0', 'pseudo_185_1210.0_1508.0', 'pseudo_186_1210.0_1608.0', 'pseudo_201_1310.0_1408.0', 'pseudo_221_1410.0_1708.0', 'pseudo_27_310.0_1008.0', 'pseudo_48_410.0_1408.0', 'pseudo_65_510.0_1408.0', 'pseudo_80_610.0_1208.0']"
pseudo_126_910.0_708.0_8_rela_relative,[]
pseudo_126_910.0_708.0_9_rela_relative,['pseudo_45_410.0_1108.0']
pseudo_140_1010.0_408.0_0_rela_relative,['pseudo_138_1010.0_208.0']
pseudo_140_1010.0_408.0_1_rela_relative,[]
pseudo_140_1010.0_408.0_2_rela_relative,[]
pseudo_140_1010.0_408.0_3_rela_relative,['pseudo_240_1610.0_208.0']
pseudo_140_1010.0_408.0_4_rela_relative,[]
pseudo_140_1010.0_408.0_5_rela_relative,['pseudo_46_410.0_1208.0']
pseudo_140_1010.0_408.0_6_rela_relative,[]
pseudo_140_1010.0_408.0_7_rela_relative,['pseudo_23_310.0_608.0']
pseudo_140_1010.0_408.0_8_rela_relative,"['pseudo_128_910.0_908.0', 'pseudo_246_1610.0_808.0']"
pseudo_140_1010.0_408.0_9_rela_relative,"['pseudo_149_1010.0_1308.0', 'pseudo_208_1410.0_408.0', 'pseudo_249_1610.0_1108.0', 'pseudo_72_610.0_408.0', 'pseudo_77_610.0_908.0']"
pseudo_143_1010.0_708.0_0_rela_relative,[]
pseudo_143_1010.0_708.0_1_rela_relative,[]
pseudo_143_1010.0_708.0_2_rela_relative,['pseudo_261_1710.0_608.0']
pseudo_143_1010.0_708.0_3_rela_relative,['pseudo_150_1010.0_1408.0']
pseudo_143_1010.0_708.0_4_rela_relative,"['pseudo_173_1210.0_308.0', 'pseudo_257_1710.0_208.0', 'pseudo_286_1810.0_1408.0']"
pseudo_143_1010.0_708.0_5_rela_relative,[]
pseudo_143_1010.0_708.0_6_rela_relative,[]
pseudo_143_1010.0_708.0_7_rela_relative,[]
pseudo_143_1010.0_708.0_8_rela_relative,[]
pseudo_143_1010.0_708.0_9_rela_relative,[]
pseudo_149_1010.0_1308.0_0_rela_relative,[]
pseudo_149_1010.0_1308.0_1_rela_relative,[]
pseudo_149_1010.0_1308.0_2_rela_relative,[]
pseudo_149_1010.0_1308.0_3_rela_relative,[]
pseudo_149_1010.0_1308.0_4_rela_relative,[]
pseudo_149_1010.0_1308.0_5_rela_relative,[]
pseudo_149_1010.0_1308.0_6_rela_relative,[]
pseudo_149_1010.0_1308.0_7_rela_relative,['pseudo_262_1710.0_708.0']
pseudo_149_1010.0_1308.0_8_rela_relative,[]
pseudo_149_1010.0_1308.0_9_rela_relative,[]
pseudo_151_1010.0_1508.0_0_rela_relative,[]
pseudo_151_1010.0_1508.0_1_rela_relative,[]
pseudo_151_1010.0_1508.0_2_rela_relative,[]
pseudo_151_1010.0_1508.0_3_rela_relative,[]
pseudo_151_1010.0_1508.0_4_rela_relative,[]
pseudo_151_1010.0_1508.0_5_rela_relative,[]
pseudo_151_1010.0_1508.0_6_rela_relative,[]
pseudo_151_1010.0_1508.0_7_rela_relative,[]
pseudo_151_1010.0_1508.0_8_rela_relative,[]
pseudo_151_1010.0_1508.0_9_rela_relative,"['pseudo_176_1210.0_608.0', 'pseudo_25_310.0_808.0']"
pseudo_165_1110.0_1208.0_0_rela_relative,[]
pseudo_165_1110.0_1208.0_1_rela_relative,['pseudo_169_1110.0_1608.0']
pseudo_165_1110.0_1208.0_2_rela_relative,['pseudo_71_610.0_308.0']
pseudo_165_1110.0_1208.0_3_rela_relative,['pseudo_22_310.0_508.0']
pseudo_165_1110.0_1208.0_4_rela_relative,"['pseudo_176_1210.0_608.0', 'pseudo_177_1210.0_708.0', 'pseudo_285_1810.0_1308.0', 'pseudo_81_610.0_1308.0']"
pseudo_165_1110.0_1208.0_5_rela_relative,['pseudo_204_1310.0_1708.0']
pseudo_165_1110.0_1208.0_6_rela_relative,[]
pseudo_165_1110.0_1208.0_7_rela_relative,[]
pseudo_165_1110.0_1208.0_8_rela_relative,['pseudo_204_1310.0_1708.0']
pseudo_165_1110.0_1208.0_9_rela_relative,[]
pseudo_166_1110.0_1308.0_0_rela_relative,[]
pseudo_166_1110.0_1308.0_1_rela_relative,[]
pseudo_166_1110.0_1308.0_2_rela_relative,"['pseudo_164_1110.0_1108.0', 'pseudo_210_1410.0_608.0', 'pseudo_41_410.0_708.0']"
pseudo_166_1110.0_1308.0_3_rela_relative,['pseudo_108_810.0_608.0']
pseudo_166_1110.0_1308.0_4_rela_relative,[]
pseudo_166_1110.0_1308.0_5_rela_relative,"['pseudo_47_410.0_1308.0', 'pseudo_96_710.0_1108.0']"
pseudo_166_1110.0_1308.0_6_rela_relative,[]
pseudo_166_1110.0_1308.0_7_rela_relative,[]
pseudo_166_1110.0_1308.0_8_rela_relative,[]
pseudo_166_1110.0_1308.0_9_rela_relative,['pseudo_209_1410.0_508.0']
pseudo_183_1210.0_1308.0_0_rela_relative,['pseudo_178_1210.0_808.0']
pseudo_183_1210.0_1308.0_1_rela_relative,"['pseudo_108_810.0_608.0', 'pseudo_144_1010.0_808.0']"
pseudo_183_1210.0_1308.0_2_rela_relative,['pseudo_31_310.0_1408.0']
pseudo_183_1210.0_1308.0_3_rela_relative,[]
pseudo_183_1210.0_1308.0_4_rela_relative,['pseudo_26_310.0_908.0']
pseudo_183_1210.0_1308.0_5_rela_relative,['pseudo_201_1310.0_1408.0']
pseudo_183_1210.0_1308.0_6_rela_relative,[]
pseudo_183_1210.0_1308.0_7_rela_relative,['pseudo_267_1710.0_1208.0']
pseudo_183_1210.0_1308.0_8_rela_relative,[]
pseudo_183_1210.0_1308.0_9_rela_relative,[]
pseudo_206_1410.0_208.0_0_rela_relative,['pseudo_254_1610.0_1608.0']
pseudo_206_1410.0_208.0_1_rela_relative,[]
pseudo_206_1410.0_208.0_2_rela_relative,['pseudo_118_810.0_1608.0']
pseudo_206_1410.0_208.0_3_rela_relative,[]
pseudo_206_1410.0_208.0_4_rela_relative,[]
pseudo_206_1410.0_208.0_5_rela_relative,"['pseudo_246_1610.0_808.0', 'pseudo_261_1710.0_608.0']"
pseudo_206_1410.0_208.0_6_rela_relative,[]
pseudo_206_1410.0_208.0_7_rela_relative,[]
pseudo_206_1410.0_208.0_8_rela_relative,[]
pseudo_206_1410.0_208.0_9_rela_relative,"['pseudo_118_810.0_1608.0', 'pseudo_134_910.0_1508.0', 'pseudo_163_1110.0_1008.0', 'pseudo_74_610.0_608.0']"
pseudo_217_1410.0_1308.0_0_rela_relative,[]
pseudo_217_1410.0_1308.0_1_rela_relative,[]
pseudo_217_1410.0_1308.0_2_rela_relative,[]
pseudo_217_1410.0_1308.0_3_rela_relative,[]
pseudo_217_1410.0_1308.0_4_rela_relative,[]
pseudo_217_1410.0_1308.0_5_rela_relative,"['pseudo_125_910.0_608.0', 'pseudo_134_910.0_1508.0', 'pseudo_162_1110.0_908.0', 'pseudo_163_1110.0_1008.0', 'pseudo_169_1110.0_1608.0', 'pseudo_173_1210.0_308.0', 'pseudo_176_1210.0_608.0', 'pseudo_192_1310.0_508.0', 'pseudo_193_1310.0_608.0', 'pseudo_214_1410.0_1008.0', 'pseudo_215_1410.0_1108.0', 'pseudo_224_1510.0_308.0', 'pseudo_225_1510.0_408.0', 'pseudo_226_1510.0_508.0', 'pseudo_230_1510.0_908.0', 'pseudo_241_1610.0_308.0', 'pseudo_244_1610.0_608.0', 'pseudo_245_1610.0_708.0', 'pseudo_272_1710.0_1708.0', 'pseudo_284_1810.0_1208.0', 'pseudo_42_410.0_808.0', 'pseudo_44_410.0_1008.0', 'pseudo_62_510.0_1108.0', 'pseudo_73_610.0_508.0', 'pseudo_74_610.0_608.0', 'pseudo_78_610.0_1008.0']"
pseudo_217_1410.0_1308.0_6_rela_relative,"['pseudo_121_910.0_208.0', 'pseudo_159_1110.0_608.0']"
pseudo_217_1410.0_1308.0_7_rela_relative,[]
pseudo_217_1410.0_1308.0_8_rela_relative,['pseudo_229_1510.0_808.0']
pseudo_217_1410.0_1308.0_9_rela_relative,[]
pseudo_240_1610.0_208.0_0_rela_relative,[]
pseudo_240_1610.0_208.0_1_rela_relative,[]
pseudo_240_1610.0_208.0_2_rela_relative,[]
pseudo_240_1610.0_208.0_3_rela_relative,[]
pseudo_240_1610.0_208.0_4_rela_relative,['pseudo_159_1110.0_608.0']
pseudo_240_1610.0_208.0_5_rela_relative,[]
pseudo_240_1610.0_208.0_6_rela_relative,['pseudo_29_310.0_1208.0']
pseudo_240_1610.0_208.0_7_rela_relative,"['pseudo_182_1210.0_1208.0', 'pseudo_251_1610.0_1308.0']"
pseudo_240_1610.0_208.0_8_rela_relative,[]
pseudo_240_1610.0_208.0_9_rela_relative,[]
pseudo_242_1610.0_408.0_0_rela_relative,[]
pseudo_242_1610.0_408.0_1_rela_relative,['pseudo_47_410.0_1308.0']
pseudo_242_1610.0_408.0_2_rela_relative,[]
pseudo_242_1610.0_408.0_3_rela_relative,[]
pseudo_242_1610.0_408.0_4_rela_relative,['pseudo_79_610.0_1108.0']
pseudo_242_1610.0_408.0_5_rela_relative,[]
pseudo_242_1610.0_408.0_6_rela_relative,"['pseudo_139_1010.0_308.0', 'pseudo_174_1210.0_408.0', 'pseudo_283_1810.0_1108.0', 'pseudo_53_510.0_208.0', 'pseudo_70_610.0_208.0']"
pseudo_242_1610.0_408.0_7_rela_relative,['pseudo_259_1710.0_408.0']
pseudo_242_1610.0_408.0_8_rela_relative,['pseudo_45_410.0_1108.0']
pseudo_242_1610.0_408.0_9_rela_relative,[]
pseudo_257_1710.0_208.0_0_rela_relative,[]
pseudo_257_1710.0_208.0_1_rela_relative,[]
pseudo_257_1710.0_208.0_2_rela_relative,[]
pseudo_257_1710.0_208.0_3_rela_relative,['pseudo_127_910.0_808.0']
pseudo_257_1710.0_208.0_4_rela_relative,[]
pseudo_257_1710.0_208.0_5_rela_relative,[]
pseudo_257_1710.0_208.0_6_rela_relative,[]
pseudo_257_1710.0_208.0_7_rela_relative,['pseudo_106_810.0_408.0']
pseudo_257_1710.0_208.0_8_rela_relative,['pseudo_29_310.0_1208.0']
pseudo_257_1710.0_208.0_9_rela_relative,[]
pseudo_258_1710.0_308.0_0_rela_relative,[]
pseudo_258_1710.0_308.0_1_rela_relative,[]
pseudo_258_1710.0_308.0_2_rela_relative,[]
pseudo_258_1710.0_308.0_3_rela_relative,"['pseudo_37_410.0_308.0', 'pseudo_61_510.0_1008.0', 'pseudo_75_610.0_708.0']"
pseudo_258_1710.0_308.0_4_rela_relative,[]
pseudo_258_1710.0_308.0_5_rela_relative,['pseudo_262_1710.0_708.0']
pseudo_258_1710.0_308.0_6_rela_relative,['pseudo_56_510.0_508.0']
pseudo_258_1710.0_308.0_7_rela_relative,[]
pseudo_258_1710.0_308.0_8_rela_relative,[]
pseudo_258_1710.0_308.0_9_rela_relative,[]
pseudo_259_1710.0_408.0_0_rela_relative,['pseudo_89_710.0_408.0']
pseudo_259_1710.0_408.0_1_rela_relative,[]
pseudo_259_1710.0_408.0_2_rela_relative,[]
pseudo_259_1710.0_408.0_3_rela_relative,['pseudo_23_310.0_608.0']
pseudo_259_1710.0_408.0_4_rela_relative,[]
pseudo_259_1710.0_408.0_5_rela_relative,['pseudo_195_1310.0_808.0']
pseudo_259_1710.0_408.0_6_rela_relative,[]
pseudo_259_1710.0_408.0_7_rela_relative,['pseudo_287_1810.0_1508.0']
pseudo_259_1710.0_408.0_8_rela_relative,[]
pseudo_259_1710.0_408.0_9_rela_relative,[]
pseudo_267_1710.0_1208.0_0_rela_relative,"['pseudo_261_1710.0_608.0', 'pseudo_278_1810.0_608.0']"
pseudo_267_1710.0_1208.0_1_rela_relative,[]
pseudo_267_1710.0_1208.0_2_rela_relative,[]
pseudo_267_1710.0_1208.0_3_rela_relative,[]
pseudo_267_1710.0_1208.0_4_rela_relative,[]
pseudo_267_1710.0_1208.0_5_rela_relative,[]
pseudo_267_1710.0_1208.0_6_rela_relative,"['pseudo_38_410.0_408.0', 'pseudo_40_410.0_608.0', 'pseudo_81_610.0_1308.0', 'pseudo_91_710.0_608.0']"
pseudo_267_1710.0_1208.0_7_rela_relative,[]
pseudo_267_1710.0_1208.0_8_rela_relative,[]
pseudo_267_1710.0_1208.0_9_rela_relative,[]
pseudo_275_1810.0_308.0_0_rela_relative,[]
pseudo_275_1810.0_308.0_1_rela_relative,[]
pseudo_275_1810.0_308.0_2_rela_relative,"['pseudo_114_810.0_1208.0', 'pseudo_130_910.0_1108.0', 'pseudo_135_910.0_1608.0', 'pseudo_164_1110.0_1108.0', 'pseudo_182_1210.0_1208.0', 'pseudo_250_1610.0_1208.0']"
pseudo_275_1810.0_308.0_3_rela_relative,[]
pseudo_275_1810.0_308.0_4_rela_relative,[]
pseudo_275_1810.0_308.0_5_rela_relative,[]
pseudo_275_1810.0_308.0_6_rela_relative,[]
pseudo_275_1810.0_308.0_7_rela_relative,[]
pseudo_275_1810.0_308.0_8_rela_relative,['pseudo_206_1410.0_208.0']
pseudo_275_1810.0_308.0_9_rela_relative,[]
pseudo_276_1810.0_408.0_0_rela_relative,[]
pseudo_276_1810.0_408.0_1_rela_relative,[]
pseudo_276_1810.0_408.0_2_rela_relative,[]
pseudo_276_1810.0_408.0_3_rela_relative,"['pseudo_138_1010.0_208.0', 'pseudo_9_210.0_908.0']"
pseudo_276_1810.0_408.0_4_rela_relative,[]
pseudo_276_1810.0_408.0_5_rela_relative,[]
pseudo_276_1810.0_408.0_6_rela_relative,"['pseudo_149_1010.0_1308.0', 'pseudo_191_1310.0_408.0', 'pseudo_249_1610.0_1108.0', 'pseudo_78_610.0_1008.0']"
pseudo_276_1810.0_408.0_7_rela_relative,[]
pseudo_276_1810.0_408.0_8_rela_relative,"['pseudo_47_410.0_1308.0', 'pseudo_97_710.0_1208.0']"
pseudo_276_1810.0_408.0_9_rela_relative,['pseudo_204_1310.0_1708.0']
pseudo_277_1810.0_508.0_0_rela_relative,[]
pseudo_277_1810.0_508.0_1_rela_relative,[]
pseudo_277_1810.0_508.0_2_rela_relative,[]
pseudo_277_1810.0_508.0_3_rela_relative,[]
pseudo_277_1810.0_508.0_4_rela_relative,"['pseudo_38_410.0_408.0', 'pseudo_54_510.0_308.0']"
pseudo_277_1810.0_508.0_5_rela_relative,[]
pseudo_277_1810.0_508.0_6_rela_relative,[]
pseudo_277_1810.0_508.0_7_rela_relative,[]
pseudo_277_1810.0_508.0_8_rela_relative,"['pseudo_204_1310.0_1708.0', 'pseudo_81_610.0_1308.0']"
pseudo_277_1810.0_508.0_9_rela_relative,[]
pseudo_278_1810.0_608.0_0_rela_relative,[]
pseudo_278_1810.0_608.0_1_rela_relative,[]
pseudo_278_1810.0_608.0_2_rela_relative,[]
pseudo_278_1810.0_608.0_3_rela_relative,[]
pseudo_278_1810.0_608.0_4_rela_relative,[]
pseudo_278_1810.0_608.0_5_rela_relative,[]
pseudo_278_1810.0_608.0_6_rela_relative,[]
pseudo_278_1810.0_608.0_7_rela_relative,['pseudo_259_1710.0_408.0']
pseudo_278_1810.0_608.0_8_rela_relative,[]
pseudo_278_1810.0_608.0_9_rela_relative,[]
pseudo_279_1810.0_708.0_0_rela_relative,[]
pseudo_279_1810.0_708.0_1_rela_relative,[]
pseudo_279_1810.0_708.0_2_rela_relative,[]
pseudo_279_1810.0_708.0_3_rela_relative,[]
pseudo_279_1810.0_708.0_4_rela_relative,[]
pseudo_279_1810.0_708.0_5_rela_relative,['pseudo_181_1210.0_1108.0']
pseudo_279_1810.0_708.0_6_rela_relative,[]
pseudo_279_1810.0_708.0_7_rela_relative,[]
pseudo_279_1810.0_708.0_8_rela_relative,[]
pseudo_279_1810.0_708.0_9_rela_relative,[]
pseudo_281_1810.0_908.0_0_rela_relative,[]
pseudo_281_1810.0_908.0_1_rela_relative,[]
pseudo_281_1810.0_908.0_2_rela_relative,[]
pseudo_281_1810.0_908.0_3_rela_relative,[]
pseudo_281_1810.0_908.0_4_rela_relative,"['pseudo_161_1110.0_808.0', 'pseudo_208_1410.0_408.0', 'pseudo_21_310.0_408.0', 'pseudo_242_1610.0_408.0', 'pseudo_68_510.0_1708.0']"
pseudo_281_1810.0_908.0_5_rela_relative,[]
pseudo_281_1810.0_908.0_6_rela_relative,"['pseudo_158_1110.0_508.0', 'pseudo_166_1110.0_1308.0', 'pseudo_224_1510.0_308.0', 'pseudo_245_1610.0_708.0', 'pseudo_269_1710.0_1408.0', 'pseudo_42_410.0_808.0']"
pseudo_281_1810.0_908.0_7_rela_relative,[]
pseudo_281_1810.0_908.0_8_rela_relative,[]
pseudo_281_1810.0_908.0_9_rela_relative,[]
pseudo_283_1810.0_1108.0_0_rela_relative,['pseudo_178_1210.0_808.0']
pseudo_283_1810.0_1108.0_1_rela_relative,[]
pseudo_283_1810.0_1108.0_2_rela_relative,['pseudo_234_1510.0_1308.0']
pseudo_283_1810.0_1108.0_3_rela_relative,"['pseudo_153_1010.0_1708.0', 'pseudo_232_1510.0_1108.0', 'pseudo_285_1810.0_1308.0']"
pseudo_283_1810.0_1108.0_4_rela_relative,"['pseudo_153_1010.0_1708.0', 'pseudo_180_1210.0_1008.0', 'pseudo_60_510.0_908.0']"
pseudo_283_1810.0_1108.0_5_rela_relative,[]
pseudo_283_1810.0_1108.0_6_rela_relative,[]
pseudo_283_1810.0_1108.0_7_rela_relative,[]
pseudo_283_1810.0_1108.0_8_rela_relative,[]
pseudo_283_1810.0_1108.0_9_rela_relative,[]
pseudo_289_1810.0_1708.0_0_rela_relative,['pseudo_72_610.0_408.0']
pseudo_289_1810.0_1708.0_1_rela_relative,['pseudo_264_1710.0_908.0']
pseudo_289_1810.0_1708.0_2_rela_relative,"['pseudo_106_810.0_408.0', 'pseudo_203_1310.0_1608.0']"
pseudo_289_1810.0_1708.0_3_rela_relative,[]
pseudo_289_1810.0_1708.0_4_rela_relative,[]
pseudo_289_1810.0_1708.0_5_rela_relative,['pseudo_24_310.0_708.0']
pseudo_289_1810.0_1708.0_6_rela_relative,[]
pseudo_289_1810.0_1708.0_7_rela_relative,[]
pseudo_289_1810.0_1708.0_8_rela_relative,[]
pseudo_289_1810.0_1708.0_9_rela_relative,[]
pseudo_39_410.0_508.0_0_rela_relative,[]
pseudo_39_410.0_508.0_1_rela_relative,[]
pseudo_39_410.0_508.0_2_rela_relative,['pseudo_28_310.0_1108.0']
pseudo_39_410.0_508.0_3_rela_relative,[]
pseudo_39_410.0_508.0_4_rela_relative,[]
pseudo_39_410.0_508.0_5_rela_relative,[]
pseudo_39_410.0_508.0_6_rela_relative,[]
pseudo_39_410.0_508.0_7_rela_relative,[]
pseudo_39_410.0_508.0_8_rela_relative,[]
pseudo_39_410.0_508.0_9_rela_relative,"['pseudo_107_810.0_508.0', 'pseudo_193_1310.0_608.0', 'pseudo_224_1510.0_308.0', 'pseudo_226_1510.0_508.0', 'pseudo_268_1710.0_1308.0', 'pseudo_44_410.0_1008.0', 'pseudo_62_510.0_1108.0']"
pseudo_39_410.0_508.0_10_rela_relative,['pseudo_246_1610.0_808.0']
pseudo_39_410.0_508.0_11_rela_relative,"['pseudo_111_810.0_908.0', 'pseudo_129_910.0_1008.0']"
pseudo_39_410.0_508.0_12_rela_relative,[]
pseudo_39_410.0_508.0_13_rela_relative,[]
pseudo_39_410.0_508.0_14_rela_relative,[]
pseudo_39_410.0_508.0_15_rela_relative,[]
pseudo_39_410.0_508.0_16_rela_relative,"['pseudo_278_1810.0_608.0', 'pseudo_28_310.0_1108.0']"
pseudo_39_410.0_508.0_17_rela_relative,[]
pseudo_39_410.0_508.0_18_rela_relative,[]
pseudo_39_410.0_508.0_19_rela_relative,['pseudo_237_1510.0_1608.0']
pseudo_39_410.0_508.0_20_rela_relative,[]
pseudo_39_410.0_508.0_21_rela_relative,[]
pseudo_39_410.0_508.0_22_rela_relative,[]
pseudo_39_410.0_508.0_23_rela_relative,[]
pseudo_39_410.0_508.0_24_rela_relative,[]
pseudo_39_410.0_508.0_25_rela_relative,[]
pseudo_47_410.0_1308.0_0_rela_relative,"['pseudo_164_1110.0_1108.0', 'pseudo_197_1310.0_1008.0', 'pseudo_203_1310.0_1608.0', 'pseudo_43_410.0_908.0']"
pseudo_47_410.0_1308.0_1_rela_relative,[]
pseudo_47_410.0_1308.0_2_rela_relative,[]
pseudo_47_410.0_1308.0_3_rela_relative,"['pseudo_116_810.0_1408.0', 'pseudo_176_1210.0_608.0', 'pseudo_196_1310.0_908.0']"
pseudo_47_410.0_1308.0_4_rela_relative,[]
pseudo_47_410.0_1308.0_5_rela_relative,[]
pseudo_47_410.0_1308.0_6_rela_relative,[]
pseudo_47_410.0_1308.0_7_rela_relative,[]
pseudo_47_410.0_1308.0_8_rela_relative,[]
pseudo_47_410.0_1308.0_9_rela_relative,[]
pseudo_47_410.0_1308.0_10_rela_relative,[]
pseudo_47_410.0_1308.0_11_rela_relative,[]
pseudo_47_410.0_1308.0_12_rela_relative,['pseudo_269_1710.0_1408.0']
pseudo_47_410.0_1308.0_13_rela_relative,[]
pseudo_47_410.0_1308.0_14_rela_relative,[]
pseudo_47_410.0_1308.0_15_rela_relative,[]
pseudo_47_410.0_1308.0_16_rela_relative,[]
pseudo_47_410.0_1308.0_17_rela_relative,[]
pseudo_47_410.0_1308.0_18_rela_relative,[]
pseudo_47_410.0_1308.0_19_rela_relative,[]
pseudo_47_410.0_1308.0_20_rela_relative,[]
pseudo_47_410.0_1308.0_21_rela_relative,"['pseudo_148_1010.0_1208.0', 'pseudo_228_1510.0_708.0']"
pseudo_47_410.0_1308.0_22_rela_relative,[]
pseudo_47_410.0_1308.0_23_rela_relative,[]
pseudo_47_410.0_1308.0_24_rela_relative,[]
pseudo_47_410.0_1308.0_25_rela_relative,[]
pseudo_59_510.0_808.0_0_rela_relative,['pseudo_195_1310.0_808.0']
pseudo_59_510.0_808.0_1_rela_relative,"['pseudo_213_1410.0_908.0', 'pseudo_79_610.0_1108.0']"
pseudo_59_510.0_808.0_2_rela_relative,[]
pseudo_59_510.0_808.0_3_rela_relative,"['pseudo_245_1610.0_708.0', 'pseudo_93_710.0_808.0']"
pseudo_59_510.0_808.0_4_rela_relative,[]
pseudo_59_510.0_808.0_5_rela_relative,"['pseudo_117_810.0_1508.0', 'pseudo_119_810.0_1708.0', 'pseudo_151_1010.0_1508.0', 'pseudo_185_1210.0_1508.0', 'pseudo_200_1310.0_1308.0', 'pseudo_201_1310.0_1408.0', 'pseudo_217_1410.0_1308.0', 'pseudo_48_410.0_1408.0', 'pseudo_51_410.0_1708.0']"
pseudo_59_510.0_808.0_6_rela_relative,[]
pseudo_59_510.0_808.0_7_rela_relative,[]
pseudo_59_510.0_808.0_8_rela_relative,[]
pseudo_59_510.0_808.0_9_rela_relative,[]
pseudo_59_510.0_808.0_10_rela_relative,[]
pseudo_59_510.0_808.0_11_rela_relative,"['pseudo_151_1010.0_1508.0', 'pseudo_152_1010.0_1608.0', 'pseudo_283_1810.0_1108.0', 'pseudo_53_510.0_208.0', 'pseudo_64_510.0_1308.0']"
pseudo_59_510.0_808.0_12_rela_relative,[]
pseudo_59_510.0_808.0_13_rela_relative,[]
pseudo_59_510.0_808.0_14_rela_relative,"['pseudo_136_910.0_1708.0', 'pseudo_47_410.0_1308.0']"
pseudo_59_510.0_808.0_15_rela_relative,['pseudo_255_1610.0_1708.0']
pseudo_59_510.0_808.0_16_rela_relative,['pseudo_109_810.0_708.0']
pseudo_59_510.0_808.0_17_rela_relative,[]
pseudo_59_510.0_808.0_18_rela_relative,[]
pseudo_59_510.0_808.0_19_rela_relative,[]
pseudo_59_510.0_808.0_20_rela_relative,[]
pseudo_59_510.0_808.0_21_rela_relative,['pseudo_76_610.0_808.0']
pseudo_59_510.0_808.0_22_rela_relative,"['pseudo_133_910.0_1408.0', 'pseudo_167_1110.0_1408.0', 'pseudo_236_1510.0_1508.0', 'pseudo_271_1710.0_1608.0', 'pseudo_67_510.0_1608.0', 'pseudo_83_610.0_1508.0', 'pseudo_84_610.0_1608.0', 'pseudo_99_710.0_1408.0']"
pseudo_59_510.0_808.0_23_rela_relative,[]
pseudo_59_510.0_808.0_24_rela_relative,"['pseudo_204_1310.0_1708.0', 'pseudo_40_410.0_608.0']"
pseudo_59_510.0_808.0_25_rela_relative,[]
pseudo_81_610.0_1308.0_0_rela_relative,[]
pseudo_81_610.0_1308.0_1_rela_relative,[]
pseudo_81_610.0_1308.0_2_rela_relative,[]
pseudo_81_610.0_1308.0_3_rela_relative,[]
pseudo_81_610.0_1308.0_4_rela_relative,[]
pseudo_81_610.0_1308.0_5_rela_relative,"['pseudo_145_1010.0_908.0', 'pseudo_151_1010.0_1508.0', 'pseudo_152_1010.0_1608.0', 'pseudo_157_1110.0_408.0', 'pseudo_175_1210.0_508.0', 'pseudo_179_1210.0_908.0', 'pseudo_233_1510.0_1208.0', 'pseudo_265_1710.0_1008.0', 'pseudo_275_1810.0_308.0', 'pseudo_280_1810.0_808.0', 'pseudo_281_1810.0_908.0', 'pseudo_283_1810.0_1108.0', 'pseudo_69_610.0_108.0', 'pseudo_70_610.0_208.0']"
pseudo_81_610.0_1308.0_6_rela_relative,['pseudo_234_1510.0_1308.0']
pseudo_81_610.0_1308.0_7_rela_relative,[]
pseudo_81_610.0_1308.0_8_rela_relative,['pseudo_209_1410.0_508.0']
pseudo_81_610.0_1308.0_9_rela_relative,[]
pseudo_81_610.0_1308.0_10_rela_relative,[]
pseudo_81_610.0_1308.0_11_rela_relative,[]
pseudo_81_610.0_1308.0_12_rela_relative,[]
pseudo_81_610.0_1308.0_13_rela_relative,[]
pseudo_81_610.0_1308.0_14_rela_relative,[]
pseudo_81_610.0_1308.0_15_rela_relative,['pseudo_213_1410.0_908.0']
pseudo_81_610.0_1308.0_16_rela_relative,['pseudo_26_310.0_908.0']
pseudo_81_610.0_1308.0_17_rela_relative,"['pseudo_243_1610.0_508.0', 'pseudo_38_410.0_408.0']"
pseudo_81_610.0_1308.0_18_rela_relative,[]
pseudo_81_610.0_1308.0_19_rela_relative,[]
pseudo_81_610.0_1308.0_20_rela_relative,[]
pseudo_81_610.0_1308.0_21_rela_relative,[]
pseudo_81_610.0_1308.0_22_rela_relative,[]
pseudo_81_610.0_1308.0_23_rela_relative,[]
pseudo_81_610.0_1308.0_24_rela_relative,[]
pseudo_81_610.0_1308.0_25_rela_relative,['pseudo_246_1610.0_808.0']
pseudo_89_710.0_408.0_0_rela_relative,[]
pseudo_89_710.0_408.0_1_rela_relative,[]
pseudo_89_710.0_408.0_2_rela_relative,[]
pseudo_89_710.0_408.0_3_rela_relative,['pseudo_29_310.0_1208.0']
pseudo_89_710.0_408.0_4_rela_relative,['pseudo_220_1410.0_1608.0']
pseudo_89_710.0_408.0_5_rela_relative,['pseudo_115_810.0_1308.0']
pseudo_89_710.0_408.0_6_rela_relative,"['pseudo_139_1010.0_308.0', 'pseudo_160_1110.0_708.0', 'pseudo_39_410.0_508.0']"
pseudo_89_710.0_408.0_7_rela_relative,[]
pseudo_89_710.0_408.0_8_rela_relative,[]
pseudo_89_710.0_408.0_9_rela_relative,['pseudo_146_1010.0_1008.0']
pseudo_89_710.0_408.0_10_rela_relative,"['pseudo_152_1010.0_1608.0', 'pseudo_252_1610.0_1408.0', 'pseudo_48_410.0_1408.0']"
pseudo_89_710.0_408.0_11_rela_relative,['pseudo_72_610.0_408.0']
pseudo_89_710.0_408.0_12_rela_relative,[]
pseudo_89_710.0_408.0_13_rela_relative,"['pseudo_111_810.0_908.0', 'pseudo_183_1210.0_1308.0', 'pseudo_25_310.0_808.0', 'pseudo_276_1810.0_408.0', 'pseudo_68_510.0_1708.0']"
pseudo_89_710.0_408.0_14_rela_relative,[]
pseudo_89_710.0_408.0_15_rela_relative,[]
pseudo_89_710.0_408.0_16_rela_relative,[]
pseudo_89_710.0_408.0_17_rela_relative,[]
pseudo_89_710.0_408.0_18_rela_relative,[]
pseudo_89_710.0_408.0_19_rela_relative,[]
pseudo_89_710.0_408.0_20_rela_relative,"['pseudo_211_1410.0_708.0', 'pseudo_279_1810.0_708.0', 'pseudo_47_410.0_1308.0']"
pseudo_89_710.0_408.0_21_rela_relative,[]
pseudo_89_710.0_408.0_22_rela_relative,[]
pseudo_89_710.0_408.0_23_rela_relative,[]
pseudo_89_710.0_408.0_24_rela_relative,[]
pseudo_89_710.0_408.0_25_rela_relative,[]
pseudo_97_710.0_1208.0_0_rela_relative,[]
pseudo_97_710.0_1208.0_1_rela_relative,[]
pseudo_97_710.0_1208.0_2_rela_relative,[]
pseudo_97_710.0_1208.0_3_rela_relative,[]
pseudo_97_710.0_1208.0_4_rela_relative,['pseudo_278_1810.0_608.0']
pseudo_97_710.0_1208.0_5_rela_relative,"['pseudo_111_810.0_908.0', 'pseudo_132_910.0_1308.0', 'pseudo_143_1010.0_708.0', 'pseudo_149_1010.0_1308.0', 'pseudo_161_1110.0_808.0', 'pseudo_163_1110.0_1008.0', 'pseudo_173_1210.0_308.0', 'pseudo_208_1410.0_408.0', 'pseudo_214_1410.0_1008.0', 'pseudo_21_310.0_408.0', 'pseudo_242_1610.0_408.0', 'pseudo_272_1710.0_1708.0', 'pseudo_286_1810.0_1408.0', 'pseudo_58_510.0_708.0', 'pseudo_62_510.0_1108.0', 'pseudo_68_510.0_1708.0', 'pseudo_6_210.0_608.0', 'pseudo_78_610.0_1008.0']"
pseudo_97_710.0_1208.0_6_rela_relative,[]
pseudo_97_710.0_1208.0_7_rela_relative,[]
pseudo_97_710.0_1208.0_8_rela_relative,"['pseudo_220_1410.0_1608.0', 'pseudo_238_1510.0_1708.0', 'pseudo_260_1710.0_508.0']"
pseudo_97_710.0_1208.0_9_rela_relative,[]
pseudo_97_710.0_1208.0_10_rela_relative,"['pseudo_253_1610.0_1508.0', 'pseudo_270_1710.0_1508.0', 'pseudo_50_410.0_1608.0']"
pseudo_97_710.0_1208.0_11_rela_relative,[]
pseudo_97_710.0_1208.0_12_rela_relative,[]
pseudo_97_710.0_1208.0_13_rela_relative,[]
pseudo_97_710.0_1208.0_14_rela_relative,[]
pseudo_97_710.0_1208.0_15_rela_relative,[]
pseudo_97_710.0_1208.0_16_rela_relative,['pseudo_213_1410.0_908.0']
pseudo_97_710.0_1208.0_17_rela_relative,[]
pseudo_97_710.0_1208.0_18_rela_relative,[]
pseudo_97_710.0_1208.0_19_rela_relative,[]
pseudo_97_710.0_1208.0_20_rela_relative,[]
pseudo_97_710.0_1208.0_21_rela_relative,"['pseudo_287_1810.0_1508.0', 'pseudo_98_710.0_1308.0']"
pseudo_97_710.0_1208.0_22_rela_relative,[]
pseudo_97_710.0_1208.0_23_rela_relative,[]
pseudo_97_710.0_1208.0_24_rela_relative,[]
pseudo_97_710.0_1208.0_25_rela_relative,[]
pseudo_116_810.0_1408.0_0_rela_relative,[]
pseudo_116_810.0_1408.0_1_rela_relative,[]
pseudo_116_810.0_1408.0_2_rela_relative,['pseudo_63_510.0_1208.0']
pseudo_116_810.0_1408.0_3_rela_relative,"['pseudo_210_1410.0_608.0', 'pseudo_41_410.0_708.0']"
pseudo_116_810.0_1408.0_4_rela_relative,[]
pseudo_116_810.0_1408.0_5_rela_relative,[]
pseudo_116_810.0_1408.0_6_rela_relative,[]
pseudo_116_810.0_1408.0_7_rela_relative,[]
pseudo_116_810.0_1408.0_8_rela_relative,[]
pseudo_116_810.0_1408.0_9_rela_relative,[]
pseudo_116_810.0_1408.0_10_rela_relative,[]
pseudo_116_810.0_1408.0_11_rela_relative,[]
pseudo_116_810.0_1408.0_12_rela_relative,['pseudo_38_410.0_408.0']
pseudo_116_810.0_1408.0_13_rela_relative,[]
pseudo_116_810.0_1408.0_14_rela_relative,[]
pseudo_116_810.0_1408.0_15_rela_relative,"['pseudo_114_810.0_1208.0', 'pseudo_27_310.0_1008.0']"
pseudo_116_810.0_1408.0_16_rela_relative,['pseudo_116_810.0_1408.0']
pseudo_116_810.0_1408.0_17_rela_relative,['pseudo_229_1510.0_808.0']
pseudo_116_810.0_1408.0_18_rela_relative,[]
pseudo_116_810.0_1408.0_19_rela_relative,[]
pseudo_116_810.0_1408.0_20_rela_relative,[]
pseudo_116_810.0_1408.0_21_rela_relative,[]
pseudo_116_810.0_1408.0_22_rela_relative,[]
pseudo_116_810.0_1408.0_23_rela_relative,['pseudo_106_810.0_408.0']
pseudo_116_810.0_1408.0_24_rela_relative,[]
pseudo_116_810.0_1408.0_25_rela_relative,['pseudo_232_1510.0_1108.0']
pseudo_131_910.0_1208.0_0_rela_relative,[]
pseudo_131_910.0_1208.0_1_rela_relative,[]
pseudo_131_910.0_1208.0_2_rela_relative,['pseudo_235_1510.0_1408.0']
pseudo_131_910.0_1208.0_3_rela_relative,[]
pseudo_131_910.0_1208.0_4_rela_relative,['pseudo_101_710.0_1608.0']
pseudo_131_910.0_1208.0_5_rela_relative,['pseudo_286_1810.0_1408.0']
pseudo_131_910.0_1208.0_6_rela_relative,['pseudo_59_510.0_808.0']
pseudo_131_910.0_1208.0_7_rela_relative,[]
pseudo_131_910.0_1208.0_8_rela_relative,[]
pseudo_131_910.0_1208.0_9_rela_relative,['pseudo_39_410.0_508.0']
pseudo_131_910.0_1208.0_10_rela_relative,"['pseudo_165_1110.0_1208.0', 'pseudo_33_310.0_1608.0']"
pseudo_131_910.0_1208.0_11_rela_relative,"['pseudo_143_1010.0_708.0', 'pseudo_21_310.0_408.0', 'pseudo_284_1810.0_1208.0', 'pseudo_6_210.0_608.0']"
pseudo_131_910.0_1208.0_12_rela_relative,[]
pseudo_131_910.0_1208.0_13_rela_relative,[]
pseudo_131_910.0_1208.0_14_rela_relative,['pseudo_220_1410.0_1608.0']
pseudo_131_910.0_1208.0_15_rela_relative,"['pseudo_121_910.0_208.0', 'pseudo_126_910.0_708.0', 'pseudo_77_610.0_908.0']"
pseudo_131_910.0_1208.0_16_rela_relative,[]
pseudo_131_910.0_1208.0_17_rela_relative,[]
pseudo_131_910.0_1208.0_18_rela_relative,[]
pseudo_131_910.0_1208.0_19_rela_relative,['pseudo_178_1210.0_808.0']
pseudo_131_910.0_1208.0_20_rela_relative,[]
pseudo_131_910.0_1208.0_21_rela_relative,[]
pseudo_131_910.0_1208.0_22_rela_relative,[]
pseudo_131_910.0_1208.0_23_rela_relative,[]
pseudo_131_910.0_1208.0_24_rela_relative,"['pseudo_28_310.0_1108.0', 'pseudo_49_410.0_1508.0']"
pseudo_131_910.0_1208.0_25_rela_relative,[]
pseudo_146_1010.0_1008.0_0_rela_relative,[]
pseudo_146_1010.0_1008.0_1_rela_relative,[]
pseudo_146_1010.0_1008.0_2_rela_relative,[]
pseudo_146_1010.0_1008.0_3_rela_relative,"['pseudo_100_710.0_1508.0', 'pseudo_150_1010.0_1408.0', 'pseudo_253_1610.0_1508.0']"
pseudo_146_1010.0_1008.0_4_rela_relative,"['pseudo_181_1210.0_1108.0', 'pseudo_95_710.0_1008.0']"
pseudo_146_1010.0_1008.0_5_rela_relative,['pseudo_76_610.0_808.0']
pseudo_146_1010.0_1008.0_6_rela_relative,[]
pseudo_146_1010.0_1008.0_7_rela_relative,[]
pseudo_146_1010.0_1008.0_8_rela_relative,[]
pseudo_146_1010.0_1008.0_9_rela_relative,['pseudo_267_1710.0_1208.0']
pseudo_146_1010.0_1008.0_10_rela_relative,[]
pseudo_146_1010.0_1008.0_11_rela_relative,"['pseudo_253_1610.0_1508.0', 'pseudo_50_410.0_1608.0']"
pseudo_146_1010.0_1008.0_12_rela_relative,[]
pseudo_146_1010.0_1008.0_13_rela_relative,['pseudo_49_410.0_1508.0']
pseudo_146_1010.0_1008.0_14_rela_relative,[]
pseudo_146_1010.0_1008.0_15_rela_relative,[]
pseudo_146_1010.0_1008.0_16_rela_relative,[]
pseudo_146_1010.0_1008.0_17_rela_relative,"['pseudo_204_1310.0_1708.0', 'pseudo_63_510.0_1208.0']"
pseudo_146_1010.0_1008.0_18_rela_relative,[]
pseudo_146_1010.0_1008.0_19_rela_relative,"['pseudo_167_1110.0_1408.0', 'pseudo_202_1310.0_1508.0', 'pseudo_271_1710.0_1608.0', 'pseudo_288_1810.0_1608.0', 'pseudo_67_510.0_1608.0', 'pseudo_83_610.0_1508.0', 'pseudo_84_610.0_1608.0']"
pseudo_146_1010.0_1008.0_20_rela_relative,[]
pseudo_146_1010.0_1008.0_21_rela_relative,[]
pseudo_146_1010.0_1008.0_22_rela_relative,[]
pseudo_146_1010.0_1008.0_23_rela_relative,"['pseudo_114_810.0_1208.0', 'pseudo_176_1210.0_608.0', 'pseudo_284_1810.0_1208.0']"
pseudo_146_1010.0_1008.0_24_rela_relative,[]
pseudo_146_1010.0_1008.0_25_rela_relative,['pseudo_195_1310.0_808.0']
pseudo_147_1010.0_1108.0_0_rela_relative,[]
pseudo_147_1010.0_1108.0_1_rela_relative,"['pseudo_149_1010.0_1308.0', 'pseudo_183_1210.0_1308.0', 'pseudo_242_1610.0_408.0', 'pseudo_68_510.0_1708.0']"
pseudo_147_1010.0_1108.0_2_rela_relative,"['pseudo_220_1410.0_1608.0', 'pseudo_238_1510.0_1708.0']"
pseudo_147_1010.0_1108.0_3_rela_relative,['pseudo_209_1410.0_508.0']
pseudo_147_1010.0_1108.0_4_rela_relative,[]
pseudo_147_1010.0_1108.0_5_rela_relative,[]
pseudo_147_1010.0_1108.0_6_rela_relative,[]
pseudo_147_1010.0_1108.0_7_rela_relative,[]
pseudo_147_1010.0_1108.0_8_rela_relative,"['pseudo_130_910.0_1108.0', 'pseudo_191_1310.0_408.0', 'pseudo_30_310.0_1308.0', 'pseudo_39_410.0_508.0']"
pseudo_147_1010.0_1108.0_9_rela_relative,[]
pseudo_147_1010.0_1108.0_10_rela_relative,[]
pseudo_147_1010.0_1108.0_11_rela_relative,[]
pseudo_147_1010.0_1108.0_12_rela_relative,[]
pseudo_147_1010.0_1108.0_13_rela_relative,[]
pseudo_147_1010.0_1108.0_14_rela_relative,[]
pseudo_147_1010.0_1108.0_15_rela_relative,"['pseudo_164_1110.0_1108.0', 'pseudo_210_1410.0_608.0', 'pseudo_219_1410.0_1508.0', 'pseudo_226_1510.0_508.0', 'pseudo_62_510.0_1108.0']"
pseudo_147_1010.0_1108.0_16_rela_relative,"['pseudo_107_810.0_508.0', 'pseudo_129_910.0_1008.0', 'pseudo_163_1110.0_1008.0', 'pseudo_192_1310.0_508.0', 'pseudo_196_1310.0_908.0', 'pseudo_215_1410.0_1108.0', 'pseudo_224_1510.0_308.0', 'pseudo_231_1510.0_1008.0', 'pseudo_241_1610.0_308.0', 'pseudo_245_1610.0_708.0', 'pseudo_25_310.0_808.0', 'pseudo_37_410.0_308.0', 'pseudo_42_410.0_808.0', 'pseudo_62_510.0_1108.0', 'pseudo_74_610.0_608.0', 'pseudo_90_710.0_508.0']"
pseudo_147_1010.0_1108.0_17_rela_relative,"['pseudo_142_1010.0_608.0', 'pseudo_187_1210.0_1708.0']"
pseudo_147_1010.0_1108.0_18_rela_relative,[]
pseudo_147_1010.0_1108.0_19_rela_relative,['pseudo_99_710.0_1408.0']
pseudo_147_1010.0_1108.0_20_rela_relative,[]
pseudo_147_1010.0_1108.0_21_rela_relative,[]
pseudo_147_1010.0_1108.0_22_rela_relative,[]
pseudo_147_1010.0_1108.0_23_rela_relative,[]
pseudo_147_1010.0_1108.0_24_rela_relative,[]
pseudo_147_1010.0_1108.0_25_rela_relative,"['pseudo_187_1210.0_1708.0', 'pseudo_60_510.0_908.0']"
pseudo_161_1110.0_808.0_0_rela_relative,[]
pseudo_161_1110.0_808.0_1_rela_relative,[]
pseudo_161_1110.0_808.0_2_rela_relative,[]
pseudo_161_1110.0_808.0_3_rela_relative,['pseudo_136_910.0_1708.0']
pseudo_161_1110.0_808.0_4_rela_relative,[]
pseudo_161_1110.0_808.0_5_rela_relative,"['pseudo_113_810.0_1108.0', 'pseudo_158_1110.0_508.0', 'pseudo_162_1110.0_908.0', 'pseudo_183_1210.0_1308.0', 'pseudo_231_1510.0_1008.0', 'pseudo_25_310.0_808.0', 'pseudo_37_410.0_308.0', 'pseudo_73_610.0_508.0', 'pseudo_77_610.0_908.0']"
pseudo_161_1110.0_808.0_6_rela_relative,[]
pseudo_161_1110.0_808.0_7_rela_relative,[]
pseudo_161_1110.0_808.0_8_rela_relative,[]
pseudo_161_1110.0_808.0_9_rela_relative,[]
pseudo_161_1110.0_808.0_10_rela_relative,"['pseudo_152_1010.0_1608.0', 'pseudo_265_1710.0_1008.0', 'pseudo_64_510.0_1308.0']"
pseudo_161_1110.0_808.0_11_rela_relative,[]
pseudo_161_1110.0_808.0_12_rela_relative,['pseudo_289_1810.0_1708.0']
pseudo_161_1110.0_808.0_13_rela_relative,['pseudo_101_710.0_1608.0']
pseudo_161_1110.0_808.0_14_rela_relative,[]
pseudo_161_1110.0_808.0_15_rela_relative,['pseudo_289_1810.0_1708.0']
pseudo_161_1110.0_808.0_16_rela_relative,[]
pseudo_161_1110.0_808.0_17_rela_relative,"['pseudo_185_1210.0_1508.0', 'pseudo_221_1410.0_1708.0', 'pseudo_255_1610.0_1708.0', 'pseudo_43_410.0_908.0', 'pseudo_66_510.0_1508.0', 'pseudo_82_610.0_1408.0']"
pseudo_161_1110.0_808.0_18_rela_relative,[]
pseudo_161_1110.0_808.0_19_rela_relative,[]
pseudo_161_1110.0_808.0_20_rela_relative,[]
pseudo_161_1110.0_808.0_21_rela_relative,[]
pseudo_161_1110.0_808.0_22_rela_relative,"['pseudo_217_1410.0_1308.0', 'pseudo_271_1710.0_1608.0', 'pseudo_31_310.0_1408.0', 'pseudo_67_510.0_1608.0']"
pseudo_161_1110.0_808.0_23_rela_relative,[]
pseudo_161_1110.0_808.0_24_rela_relative,"['pseudo_139_1010.0_308.0', 'pseudo_151_1010.0_1508.0', 'pseudo_157_1110.0_408.0', 'pseudo_160_1110.0_708.0', 'pseudo_280_1810.0_808.0']"
pseudo_161_1110.0_808.0_25_rela_relative,[]
pseudo_177_1210.0_708.0_0_rela_relative,['pseudo_237_1510.0_1608.0']
pseudo_177_1210.0_708.0_1_rela_relative,[]
pseudo_177_1210.0_708.0_2_rela_relative,['pseudo_83_610.0_1508.0']
pseudo_177_1210.0_708.0_3_rela_relative,[]
pseudo_177_1210.0_708.0_4_rela_relative,"['pseudo_219_1410.0_1508.0', 'pseudo_71_610.0_308.0']"
pseudo_177_1210.0_708.0_5_rela_relative,['pseudo_262_1710.0_708.0']
pseudo_177_1210.0_708.0_6_rela_relative,[]
pseudo_177_1210.0_708.0_7_rela_relative,[]
pseudo_177_1210.0_708.0_8_rela_relative,[]
pseudo_177_1210.0_708.0_9_rela_relative,[]
pseudo_177_1210.0_708.0_10_rela_relative,[]
pseudo_177_1210.0_708.0_11_rela_relative,[]
pseudo_177_1210.0_708.0_12_rela_relative,[]
pseudo_177_1210.0_708.0_13_rela_relative,[]
pseudo_177_1210.0_708.0_14_rela_relative,[]
pseudo_177_1210.0_708.0_15_rela_relative,[]
pseudo_177_1210.0_708.0_16_rela_relative,[]
pseudo_177_1210.0_708.0_17_rela_relative,[]
pseudo_177_1210.0_708.0_18_rela_relative,[]
pseudo_177_1210.0_708.0_19_rela_relative,[]
pseudo_177_1210.0_708.0_20_rela_relative,[]
pseudo_177_1210.0_708.0_21_rela_relative,[]
pseudo_177_1210.0_708.0_22_rela_relative,[]
pseudo_177_1210.0_708.0_23_rela_relative,[]
pseudo_177_1210.0_708.0_24_rela_relative,['pseudo_169_1110.0_1608.0']
pseudo_177_1210.0_708.0_25_rela_relative,[]
pseudo_218_1410.0_1408.0_0_rela_relative,['pseudo_213_1410.0_908.0']
pseudo_218_1410.0_1408.0_1_rela_relative,[]
pseudo_218_1410.0_1408.0_2_rela_relative,['pseudo_288_1810.0_1608.0']
pseudo_218_1410.0_1408.0_3_rela_relative,[]
pseudo_218_1410.0_1408.0_4_rela_relative,[]
pseudo_218_1410.0_1408.0_5_rela_relative,[]
pseudo_218_1410.0_1408.0_6_rela_relative,['pseudo_71_610.0_308.0']
pseudo_218_1410.0_1408.0_7_rela_relative,[]
pseudo_218_1410.0_1408.0_8_rela_relative,['pseudo_33_310.0_1608.0']
pseudo_218_1410.0_1408.0_9_rela_relative,['pseudo_262_1710.0_708.0']
pseudo_218_1410.0_1408.0_10_rela_relative,"['pseudo_169_1110.0_1608.0', 'pseudo_225_1510.0_408.0']"
pseudo_218_1410.0_1408.0_11_rela_relative,[]
pseudo_218_1410.0_1408.0_12_rela_relative,[]
pseudo_218_1410.0_1408.0_13_rela_relative,[]
pseudo_218_1410.0_1408.0_14_rela_relative,[]
pseudo_218_1410.0_1408.0_15_rela_relative,"['pseudo_101_710.0_1608.0', 'pseudo_28_310.0_1108.0']"
pseudo_218_1410.0_1408.0_16_rela_relative,"['pseudo_114_810.0_1208.0', 'pseudo_272_1710.0_1708.0']"
pseudo_218_1410.0_1408.0_17_rela_relative,[]
pseudo_218_1410.0_1408.0_18_rela_relative,[]
pseudo_218_1410.0_1408.0_19_rela_relative,['pseudo_237_1510.0_1608.0']
pseudo_218_1410.0_1408.0_20_rela_relative,['pseudo_121_910.0_208.0']
pseudo_218_1410.0_1408.0_21_rela_relative,[]
pseudo_218_1410.0_1408.0_22_rela_relative,[]
pseudo_218_1410.0_1408.0_23_rela_relative,['pseudo_102_710.0_1708.0']
pseudo_218_1410.0_1408.0_24_rela_relative,[]
pseudo_218_1410.0_1408.0_25_rela_relative,[]
pseudo_230_1510.0_908.0_0_rela_relative,[]
pseudo_230_1510.0_908.0_1_rela_relative,[]
pseudo_230_1510.0_908.0_2_rela_relative,[]
pseudo_230_1510.0_908.0_3_rela_relative,[]
pseudo_230_1510.0_908.0_4_rela_relative,['pseudo_206_1410.0_208.0']
pseudo_230_1510.0_908.0_5_rela_relative,['pseudo_197_1310.0_1008.0']
pseudo_230_1510.0_908.0_6_rela_relative,['pseudo_71_610.0_308.0']
pseudo_230_1510.0_908.0_7_rela_relative,[]
pseudo_230_1510.0_908.0_8_rela_relative,['pseudo_98_710.0_1308.0']
pseudo_230_1510.0_908.0_9_rela_relative,"['pseudo_212_1410.0_808.0', 'pseudo_46_410.0_1208.0', 'pseudo_54_510.0_308.0']"
pseudo_230_1510.0_908.0_10_rela_relative,[]
pseudo_230_1510.0_908.0_11_rela_relative,[]
pseudo_230_1510.0_908.0_12_rela_relative,[]
pseudo_230_1510.0_908.0_13_rela_relative,"['pseudo_111_810.0_908.0', 'pseudo_240_1610.0_208.0', 'pseudo_258_1710.0_308.0', 'pseudo_6_210.0_608.0']"
pseudo_230_1510.0_908.0_14_rela_relative,[]
pseudo_230_1510.0_908.0_15_rela_relative,[]
pseudo_230_1510.0_908.0_16_rela_relative,['pseudo_91_710.0_608.0']
pseudo_230_1510.0_908.0_17_rela_relative,[]
pseudo_230_1510.0_908.0_18_rela_relative,[]
pseudo_230_1510.0_908.0_19_rela_relative,[]
pseudo_230_1510.0_908.0_20_rela_relative,['pseudo_269_1710.0_1408.0']
pseudo_230_1510.0_908.0_21_rela_relative,[]
pseudo_230_1510.0_908.0_22_rela_relative,[]
pseudo_230_1510.0_908.0_23_rela_relative,[]
pseudo_230_1510.0_908.0_24_rela_relative,[]
pseudo_230_1510.0_908.0_25_rela_relative,[]
pseudo_263_1710.0_808.0_0_rela_relative,['pseudo_246_1610.0_808.0']
pseudo_263_1710.0_808.0_1_rela_relative,[]
pseudo_263_1710.0_808.0_2_rela_relative,"['pseudo_139_1010.0_308.0', 'pseudo_145_1010.0_908.0', 'pseudo_174_1210.0_408.0', 'pseudo_179_1210.0_908.0', 'pseudo_216_1410.0_1208.0', 'pseudo_95_710.0_1008.0']"
pseudo_263_1710.0_808.0_3_rela_relative,[]
pseudo_263_1710.0_808.0_4_rela_relative,[]
pseudo_263_1710.0_808.0_5_rela_relative,[]
pseudo_263_1710.0_808.0_6_rela_relative,[]
pseudo_263_1710.0_808.0_7_rela_relative,[]
pseudo_263_1710.0_808.0_8_rela_relative,[]
pseudo_263_1710.0_808.0_9_rela_relative,[]
pseudo_263_1710.0_808.0_10_rela_relative,[]
pseudo_263_1710.0_808.0_11_rela_relative,"['pseudo_108_810.0_608.0', 'pseudo_243_1610.0_508.0']"
pseudo_263_1710.0_808.0_12_rela_relative,[]
pseudo_263_1710.0_808.0_13_rela_relative,[]
pseudo_263_1710.0_808.0_14_rela_relative,"['pseudo_30_310.0_1308.0', 'pseudo_58_510.0_708.0']"
pseudo_263_1710.0_808.0_15_rela_relative,['pseudo_253_1610.0_1508.0']
pseudo_263_1710.0_808.0_16_rela_relative,[]
pseudo_263_1710.0_808.0_17_rela_relative,[]
pseudo_263_1710.0_808.0_18_rela_relative,[]
pseudo_263_1710.0_808.0_19_rela_relative,[]
pseudo_263_1710.0_808.0_20_rela_relative,[]
pseudo_263_1710.0_808.0_21_rela_relative,"['pseudo_219_1410.0_1508.0', 'pseudo_248_1610.0_1008.0']"
pseudo_263_1710.0_808.0_22_rela_relative,"['pseudo_270_1710.0_1508.0', 'pseudo_84_610.0_1608.0']"
pseudo_263_1710.0_808.0_23_rela_relative,['pseudo_93_710.0_808.0']
pseudo_263_1710.0_808.0_24_rela_relative,"['pseudo_187_1210.0_1708.0', 'pseudo_70_610.0_208.0']"
pseudo_263_1710.0_808.0_25_rela_relative,[]
pseudo_270_1710.0_1508.0_0_rela_relative,['pseudo_232_1510.0_1108.0']
pseudo_270_1710.0_1508.0_1_rela_relative,"['pseudo_127_910.0_808.0', 'pseudo_246_1610.0_808.0', 'pseudo_261_1710.0_608.0']"
pseudo_270_1710.0_1508.0_2_rela_relative,[]
pseudo_270_1710.0_1508.0_3_rela_relative,[]
pseudo_270_1710.0_1508.0_4_rela_relative,"['pseudo_168_1110.0_1508.0', 'pseudo_184_1210.0_1408.0', 'pseudo_185_1210.0_1508.0', 'pseudo_200_1310.0_1308.0', 'pseudo_65_510.0_1408.0', 'pseudo_80_610.0_1208.0']"
pseudo_270_1710.0_1508.0_5_rela_relative,[]
pseudo_270_1710.0_1508.0_6_rela_relative,['pseudo_38_410.0_408.0']
pseudo_270_1710.0_1508.0_7_rela_relative,[]
pseudo_270_1710.0_1508.0_8_rela_relative,"['pseudo_265_1710.0_1008.0', 'pseudo_281_1810.0_908.0', 'pseudo_33_310.0_1608.0', 'pseudo_64_510.0_1308.0']"
pseudo_270_1710.0_1508.0_9_rela_relative,[]
pseudo_270_1710.0_1508.0_10_rela_relative,[]
pseudo_270_1710.0_1508.0_11_rela_relative,"['pseudo_38_410.0_408.0', 'pseudo_63_510.0_1208.0']"
pseudo_270_1710.0_1508.0_12_rela_relative,[]
pseudo_270_1710.0_1508.0_13_rela_relative,[]
pseudo_270_1710.0_1508.0_14_rela_relative,"['pseudo_131_910.0_1208.0', 'pseudo_177_1210.0_708.0', 'pseudo_247_1610.0_908.0', 'pseudo_285_1810.0_1308.0']"
pseudo_270_1710.0_1508.0_15_rela_relative,[]
pseudo_270_1710.0_1508.0_16_rela_relative,[]
pseudo_270_1710.0_1508.0_17_rela_relative,[]
pseudo_270_1710.0_1508.0_18_rela_relative,[]
pseudo_270_1710.0_1508.0_19_rela_relative,[]
pseudo_270_1710.0_1508.0_20_rela_relative,['pseudo_237_1510.0_1608.0']
pseudo_270_1710.0_1508.0_21_rela_relative,['pseudo_194_1310.0_708.0']
pseudo_270_1710.0_1508.0_22_rela_relative,['pseudo_237_1510.0_1608.0']
pseudo_270_1710.0_1508.0_23_rela_relative,[]
pseudo_270_1710.0_1508.0_24_rela_relative,[]
pseudo_270_1710.0_1508.0_25_rela_relative,"['pseudo_200_1310.0_1308.0', 'pseudo_48_410.0_1408.0', 'pseudo_99_710.0_1408.0']"
pseudo_28_310.0_1108.0_0_rela_relative,['pseudo_213_1410.0_908.0']
pseudo_28_310.0_1108.0_1_rela_relative,[]
pseudo_28_310.0_1108.0_2_rela_relative,[]
pseudo_28_310.0_1108.0_3_rela_relative,[]
pseudo_28_310.0_1108.0_4_rela_relative,[]
pseudo_28_310.0_1108.0_5_rela_relative,[]
pseudo_28_310.0_1108.0_6_rela_relative,[]
pseudo_28_310.0_1108.0_7_rela_relative,[]
pseudo_28_310.0_1108.0_8_rela_relative,[]
pseudo_28_310.0_1108.0_9_rela_relative,['pseudo_89_710.0_408.0']
pseudo_28_310.0_1108.0_10_rela_relative,[]
pseudo_28_310.0_1108.0_11_rela_relative,['pseudo_253_1610.0_1508.0']
pseudo_28_310.0_1108.0_12_rela_relative,[]
pseudo_28_310.0_1108.0_13_rela_relative,[]
pseudo_32_310.0_1508.0_0_rela_relative,[]
pseudo_32_310.0_1508.0_1_rela_relative,[]
pseudo_32_310.0_1508.0_2_rela_relative,[]
pseudo_32_310.0_1508.0_3_rela_relative,[]
pseudo_32_310.0_1508.0_4_rela_relative,[]
pseudo_32_310.0_1508.0_5_rela_relative,[]
pseudo_32_310.0_1508.0_6_rela_relative,[]
pseudo_32_310.0_1508.0_7_rela_relative,[]
pseudo_32_310.0_1508.0_8_rela_relative,['pseudo_79_610.0_1108.0']
pseudo_32_310.0_1508.0_9_rela_relative,[]
pseudo_32_310.0_1508.0_10_rela_relative,"['pseudo_208_1410.0_408.0', 'pseudo_286_1810.0_1408.0']"
pseudo_32_310.0_1508.0_11_rela_relative,[]
pseudo_32_310.0_1508.0_12_rela_relative,['pseudo_60_510.0_908.0']
pseudo_32_310.0_1508.0_13_rela_relative,[]
pseudo_48_410.0_1408.0_0_rela_relative,[]
pseudo_48_410.0_1408.0_1_rela_relative,[]
pseudo_48_410.0_1408.0_2_rela_relative,"['pseudo_115_810.0_1308.0', 'pseudo_210_1410.0_608.0']"
pseudo_48_410.0_1408.0_3_rela_relative,"['pseudo_143_1010.0_708.0', 'pseudo_148_1010.0_1208.0', 'pseudo_158_1110.0_508.0', 'pseudo_183_1210.0_1308.0', 'pseudo_230_1510.0_908.0', 'pseudo_276_1810.0_408.0', 'pseudo_37_410.0_308.0', 'pseudo_94_710.0_908.0']"
pseudo_48_410.0_1408.0_4_rela_relative,[]
pseudo_48_410.0_1408.0_5_rela_relative,[]
pseudo_48_410.0_1408.0_6_rela_relative,[]
pseudo_48_410.0_1408.0_7_rela_relative,[]
pseudo_48_410.0_1408.0_8_rela_relative,[]
pseudo_48_410.0_1408.0_9_rela_relative,[]
pseudo_48_410.0_1408.0_10_rela_relative,[]
pseudo_48_410.0_1408.0_11_rela_relative,['pseudo_206_1410.0_208.0']
pseudo_48_410.0_1408.0_12_rela_relative,['pseudo_198_1310.0_1108.0']
pseudo_48_410.0_1408.0_13_rela_relative,[]
pseudo_49_410.0_1508.0_0_rela_relative,"['pseudo_191_1310.0_408.0', 'pseudo_277_1810.0_508.0']"
pseudo_49_410.0_1508.0_1_rela_relative,"['pseudo_144_1010.0_808.0', 'pseudo_246_1610.0_808.0']"
pseudo_49_410.0_1508.0_2_rela_relative,"['pseudo_104_810.0_208.0', 'pseudo_87_710.0_208.0']"
pseudo_49_410.0_1508.0_3_rela_relative,[]
pseudo_49_410.0_1508.0_4_rela_relative,"['pseudo_175_1210.0_508.0', 'pseudo_227_1510.0_608.0', 'pseudo_269_1710.0_1408.0']"
pseudo_49_410.0_1508.0_5_rela_relative,"['pseudo_131_910.0_1208.0', 'pseudo_258_1710.0_308.0']"
pseudo_49_410.0_1508.0_6_rela_relative,[]
pseudo_49_410.0_1508.0_7_rela_relative,[]
pseudo_49_410.0_1508.0_8_rela_relative,[]
pseudo_49_410.0_1508.0_9_rela_relative,[]
pseudo_49_410.0_1508.0_10_rela_relative,[]
pseudo_49_410.0_1508.0_11_rela_relative,[]
pseudo_49_410.0_1508.0_12_rela_relative,[]
pseudo_49_410.0_1508.0_13_rela_relative,[]
pseudo_65_510.0_1408.0_0_rela_relative,[]
pseudo_65_510.0_1408.0_1_rela_relative,[]
pseudo_65_510.0_1408.0_2_rela_relative,[]
pseudo_65_510.0_1408.0_3_rela_relative,[]
pseudo_65_510.0_1408.0_4_rela_relative,[]
pseudo_65_510.0_1408.0_5_rela_relative,[]
pseudo_65_510.0_1408.0_6_rela_relative,[]
pseudo_65_510.0_1408.0_7_rela_relative,[]
pseudo_65_510.0_1408.0_8_rela_relative,['pseudo_95_710.0_1008.0']
pseudo_65_510.0_1408.0_9_rela_relative,[]
pseudo_65_510.0_1408.0_10_rela_relative,[]
pseudo_65_510.0_1408.0_11_rela_relative,[]
pseudo_65_510.0_1408.0_12_rela_relative,['pseudo_109_810.0_708.0']
pseudo_65_510.0_1408.0_13_rela_relative,[]
pseudo_67_510.0_1608.0_0_rela_relative,"['pseudo_105_810.0_308.0', 'pseudo_257_1710.0_208.0', 'pseudo_258_1710.0_308.0', 'pseudo_267_1710.0_1208.0', 'pseudo_277_1810.0_508.0']"
pseudo_67_510.0_1608.0_1_rela_relative,['pseudo_9_210.0_908.0']
pseudo_67_510.0_1608.0_2_rela_relative,[]
pseudo_67_510.0_1608.0_3_rela_relative,[]
pseudo_67_510.0_1608.0_4_rela_relative,[]
pseudo_67_510.0_1608.0_5_rela_relative,[]
pseudo_67_510.0_1608.0_6_rela_relative,[]
pseudo_67_510.0_1608.0_7_rela_relative,['pseudo_248_1610.0_1008.0']
pseudo_67_510.0_1608.0_8_rela_relative,[]
pseudo_67_510.0_1608.0_9_rela_relative,[]
pseudo_67_510.0_1608.0_10_rela_relative,[]
pseudo_67_510.0_1608.0_11_rela_relative,['pseudo_93_710.0_808.0']
pseudo_67_510.0_1608.0_12_rela_relative,['pseudo_282_1810.0_1008.0']
pseudo_67_510.0_1608.0_13_rela_relative,['pseudo_99_710.0_1408.0']
pseudo_76_610.0_808.0_0_rela_relative,[]
pseudo_76_610.0_808.0_1_rela_relative,[]
pseudo_76_610.0_808.0_2_rela_relative,"['pseudo_131_910.0_1208.0', 'pseudo_138_1010.0_208.0', 'pseudo_161_1110.0_808.0', 'pseudo_173_1210.0_308.0', 'pseudo_208_1410.0_408.0', 'pseudo_20_310.0_308.0', 'pseudo_21_310.0_408.0', 'pseudo_241_1610.0_308.0', 'pseudo_276_1810.0_408.0', 'pseudo_72_610.0_408.0', 'pseudo_77_610.0_908.0', 'pseudo_9_210.0_908.0']"
pseudo_76_610.0_808.0_3_rela_relative,[]
pseudo_76_610.0_808.0_4_rela_relative,"['pseudo_40_410.0_608.0', 'pseudo_91_710.0_608.0']"
pseudo_76_610.0_808.0_5_rela_relative,['pseudo_79_610.0_1108.0']
pseudo_76_610.0_808.0_6_rela_relative,[]
pseudo_76_610.0_808.0_7_rela_relative,[]
pseudo_76_610.0_808.0_8_rela_relative,[]
pseudo_76_610.0_808.0_9_rela_relative,[]
pseudo_76_610.0_808.0_10_rela_relative,"['pseudo_139_1010.0_308.0', 'pseudo_283_1810.0_1108.0', 'pseudo_53_510.0_208.0', 'pseudo_70_610.0_208.0']"
pseudo_76_610.0_808.0_11_rela_relative,[]
pseudo_76_610.0_808.0_12_rela_relative,['pseudo_282_1810.0_1008.0']
pseudo_76_610.0_808.0_13_rela_relative,[]
pseudo_80_610.0_1208.0_0_rela_relative,[]
pseudo_80_610.0_1208.0_1_rela_relative,[]
pseudo_80_610.0_1208.0_2_rela_relative,[]
pseudo_80_610.0_1208.0_3_rela_relative,[]
pseudo_80_610.0_1208.0_4_rela_relative,['pseudo_79_610.0_1108.0']
pseudo_80_610.0_1208.0_5_rela_relative,[]
pseudo_80_610.0_1208.0_6_rela_relative,[]
pseudo_80_610.0_1208.0_7_rela_relative,[]
pseudo_80_610.0_1208.0_8_rela_relative,[]
pseudo_80_610.0_1208.0_9_rela_relative,[]
pseudo_80_610.0_1208.0_10_rela_relative,[]
pseudo_80_610.0_1208.0_11_rela_relative,['pseudo_121_910.0_208.0']
pseudo_80_610.0_1208.0_12_rela_relative,[]
pseudo_80_610.0_1208.0_13_rela_relative,[]
pseudo_83_610.0_1508.0_0_rela_relative,['pseudo_101_710.0_1608.0']
pseudo_83_610.0_1508.0_1_rela_relative,[]
pseudo_83_610.0_1508.0_2_rela_relative,[]
pseudo_83_610.0_1508.0_3_rela_relative,['pseudo_61_510.0_1008.0']
pseudo_83_610.0_1508.0_4_rela_relative,[]
pseudo_83_610.0_1508.0_5_rela_relative,[]
pseudo_83_610.0_1508.0_6_rela_relative,[]
pseudo_83_610.0_1508.0_7_rela_relative,[]
pseudo_83_610.0_1508.0_8_rela_relative,['pseudo_95_710.0_1008.0']
pseudo_83_610.0_1508.0_9_rela_relative,[]
pseudo_83_610.0_1508.0_10_rela_relative,"['pseudo_184_1210.0_1408.0', 'pseudo_185_1210.0_1508.0', 'pseudo_200_1310.0_1308.0', 'pseudo_221_1410.0_1708.0', 'pseudo_251_1610.0_1308.0', 'pseudo_252_1610.0_1408.0', 'pseudo_255_1610.0_1708.0', 'pseudo_65_510.0_1408.0', 'pseudo_80_610.0_1208.0', 'pseudo_82_610.0_1408.0']"
pseudo_83_610.0_1508.0_11_rela_relative,[]
pseudo_83_610.0_1508.0_12_rela_relative,"['pseudo_266_1710.0_1108.0', 'pseudo_269_1710.0_1408.0']"
pseudo_83_610.0_1508.0_13_rela_relative,['pseudo_22_310.0_508.0']
pseudo_84_610.0_1608.0_0_rela_relative,['pseudo_278_1810.0_608.0']
pseudo_84_610.0_1608.0_1_rela_relative,[]
pseudo_84_610.0_1608.0_2_rela_relative,[]
pseudo_84_610.0_1608.0_3_rela_relative,[]
pseudo_84_610.0_1608.0_4_rela_relative,[]
pseudo_84_610.0_1608.0_5_rela_relative,[]
pseudo_84_610.0_1608.0_6_rela_relative,[]
pseudo_84_610.0_1608.0_7_rela_relative,[]
pseudo_84_610.0_1608.0_8_rela_relative,['pseudo_211_1410.0_708.0']
pseudo_84_610.0_1608.0_9_rela_relative,[]
pseudo_84_610.0_1608.0_10_rela_relative,[]
pseudo_84_610.0_1608.0_11_rela_relative,[]
pseudo_84_610.0_1608.0_12_rela_relative,[]
pseudo_84_610.0_1608.0_13_rela_relative,"['pseudo_217_1410.0_1308.0', 'pseudo_32_310.0_1508.0']"
pseudo_99_710.0_1408.0_0_rela_relative,"['pseudo_278_1810.0_608.0', 'pseudo_81_610.0_1308.0']"
pseudo_99_710.0_1408.0_1_rela_relative,['pseudo_29_310.0_1208.0']
pseudo_99_710.0_1408.0_2_rela_relative,[]
pseudo_99_710.0_1408.0_3_rela_relative,[]
pseudo_99_710.0_1408.0_4_rela_relative,[]
pseudo_99_710.0_1408.0_5_rela_relative,[]
pseudo_99_710.0_1408.0_6_rela_relative,[]
pseudo_99_710.0_1408.0_7_rela_relative,[]
pseudo_99_710.0_1408.0_8_rela_relative,[]
pseudo_99_710.0_1408.0_9_rela_relative,[]
pseudo_99_710.0_1408.0_10_rela_relative,"['pseudo_143_1010.0_708.0', 'pseudo_240_1610.0_208.0', 'pseudo_277_1810.0_508.0']"
pseudo_99_710.0_1408.0_11_rela_relative,['pseudo_165_1110.0_1208.0']
pseudo_99_710.0_1408.0_12_rela_relative,[]
pseudo_99_710.0_1408.0_13_rela_relative,[]
pseudo_100_710.0_1508.0_0_rela_relative,['pseudo_51_410.0_1708.0']
pseudo_100_710.0_1508.0_1_rela_relative,[]
pseudo_100_710.0_1508.0_2_rela_relative,['pseudo_232_1510.0_1108.0']
pseudo_100_710.0_1508.0_3_rela_relative,[]
pseudo_100_710.0_1508.0_4_rela_relative,[]
pseudo_100_710.0_1508.0_5_rela_relative,['pseudo_144_1010.0_808.0']
pseudo_100_710.0_1508.0_6_rela_relative,[]
pseudo_100_710.0_1508.0_7_rela_relative,['pseudo_146_1010.0_1008.0']
pseudo_100_710.0_1508.0_8_rela_relative,[]
pseudo_100_710.0_1508.0_9_rela_relative,[]
pseudo_100_710.0_1508.0_10_rela_relative,['pseudo_108_810.0_608.0']
pseudo_100_710.0_1508.0_11_rela_relative,['pseudo_206_1410.0_208.0']
pseudo_100_710.0_1508.0_12_rela_relative,[]
pseudo_100_710.0_1508.0_13_rela_relative,[]
pseudo_101_710.0_1608.0_0_rela_relative,[]
pseudo_101_710.0_1608.0_1_rela_relative,"['pseudo_117_810.0_1508.0', 'pseudo_200_1310.0_1308.0', 'pseudo_217_1410.0_1308.0', 'pseudo_221_1410.0_1708.0', 'pseudo_32_310.0_1508.0', 'pseudo_64_510.0_1308.0', 'pseudo_96_710.0_1108.0']"
pseudo_101_710.0_1608.0_2_rela_relative,['pseudo_287_1810.0_1508.0']
pseudo_101_710.0_1608.0_3_rela_relative,[]
pseudo_101_710.0_1608.0_4_rela_relative,[]
pseudo_101_710.0_1608.0_5_rela_relative,[]
pseudo_101_710.0_1608.0_6_rela_relative,[]
pseudo_101_710.0_1608.0_7_rela_relative,['pseudo_23_310.0_608.0']
pseudo_101_710.0_1608.0_8_rela_relative,[]
pseudo_101_710.0_1608.0_9_rela_relative,[]
pseudo_101_710.0_1608.0_10_rela_relative,[]
pseudo_101_710.0_1608.0_11_rela_relative,[]
pseudo_101_710.0_1608.0_12_rela_relative,[]
pseudo_101_710.0_1608.0_13_rela_relative,[]
pseudo_112_810.0_1008.0_0_rela_relative,[]
pseudo_112_810.0_1008.0_1_rela_relative,[]
pseudo_112_810.0_1008.0_2_rela_relative,[]
pseudo_112_810.0_1008.0_3_rela_relative,"['pseudo_122_910.0_308.0', 'pseudo_176_1210.0_608.0', 'pseudo_198_1310.0_1108.0']"
pseudo_112_810.0_1008.0_4_rela_relative,[]
pseudo_112_810.0_1008.0_5_rela_relative,[]
pseudo_112_810.0_1008.0_6_rela_relative,[]
pseudo_112_810.0_1008.0_7_rela_relative,[]
pseudo_112_810.0_1008.0_8_rela_relative,[]
pseudo_112_810.0_1008.0_9_rela_relative,[]
pseudo_112_810.0_1008.0_10_rela_relative,['pseudo_131_910.0_1208.0']
pseudo_112_810.0_1008.0_11_rela_relative,[]
pseudo_112_810.0_1008.0_12_rela_relative,[]
pseudo_112_810.0_1008.0_13_rela_relative,[]
pseudo_117_810.0_1508.0_0_rela_relative,['pseudo_31_310.0_1408.0']
pseudo_117_810.0_1508.0_1_rela_relative,[]
pseudo_117_810.0_1508.0_2_rela_relative,[]
pseudo_117_810.0_1508.0_3_rela_relative,[]
pseudo_117_810.0_1508.0_4_rela_relative,[]
pseudo_117_810.0_1508.0_5_rela_relative,[]
pseudo_117_810.0_1508.0_6_rela_relative,[]
pseudo_117_810.0_1508.0_7_rela_relative,[]
pseudo_117_810.0_1508.0_8_rela_relative,[]
pseudo_117_810.0_1508.0_9_rela_relative,['pseudo_276_1810.0_408.0']
pseudo_117_810.0_1508.0_10_rela_relative,['pseudo_101_710.0_1608.0']
pseudo_117_810.0_1508.0_11_rela_relative,[]
pseudo_117_810.0_1508.0_12_rela_relative,[]
pseudo_117_810.0_1508.0_13_rela_relative,"['pseudo_153_1010.0_1708.0', 'pseudo_165_1110.0_1208.0', 'pseudo_180_1210.0_1008.0', 'pseudo_207_1410.0_308.0', 'pseudo_60_510.0_908.0']"
pseudo_133_910.0_1408.0_0_rela_relative,[]
pseudo_133_910.0_1408.0_1_rela_relative,[]
pseudo_133_910.0_1408.0_2_rela_relative,"['pseudo_133_910.0_1408.0', 'pseudo_236_1510.0_1508.0', 'pseudo_271_1710.0_1608.0', 'pseudo_31_310.0_1408.0']"
pseudo_133_910.0_1408.0_3_rela_relative,['pseudo_96_710.0_1108.0']
pseudo_133_910.0_1408.0_4_rela_relative,['pseudo_288_1810.0_1608.0']
pseudo_133_910.0_1408.0_5_rela_relative,[]
pseudo_133_910.0_1408.0_6_rela_relative,"['pseudo_107_810.0_508.0', 'pseudo_125_910.0_608.0', 'pseudo_126_910.0_708.0', 'pseudo_132_910.0_1308.0', 'pseudo_161_1110.0_808.0', 'pseudo_208_1410.0_408.0', 'pseudo_20_310.0_308.0', 'pseudo_214_1410.0_1008.0', 'pseudo_225_1510.0_408.0', 'pseudo_249_1610.0_1108.0', 'pseudo_284_1810.0_1208.0', 'pseudo_72_610.0_408.0']"
pseudo_133_910.0_1408.0_7_rela_relative,[]
pseudo_133_910.0_1408.0_8_rela_relative,[]
pseudo_133_910.0_1408.0_9_rela_relative,['pseudo_219_1410.0_1508.0']
pseudo_133_910.0_1408.0_10_rela_relative,[]
pseudo_133_910.0_1408.0_11_rela_relative,[]
pseudo_133_910.0_1408.0_12_rela_relative,[]
pseudo_133_910.0_1408.0_13_rela_relative,['pseudo_190_1310.0_308.0']
pseudo_136_910.0_1708.0_0_rela_relative,[]
pseudo_136_910.0_1708.0_1_rela_relative,[]
pseudo_136_910.0_1708.0_2_rela_relative,[]
pseudo_136_910.0_1708.0_3_rela_relative,[]
pseudo_136_910.0_1708.0_4_rela_relative,[]
pseudo_136_910.0_1708.0_5_rela_relative,[]
pseudo_136_910.0_1708.0_6_rela_relative,"['pseudo_143_1010.0_708.0', 'pseudo_176_1210.0_608.0', 'pseudo_37_410.0_308.0']"
pseudo_136_910.0_1708.0_7_rela_relative,['pseudo_254_1610.0_1608.0']
pseudo_136_910.0_1708.0_8_rela_relative,['pseudo_46_410.0_1208.0']
pseudo_136_910.0_1708.0_9_rela_relative,[]
pseudo_136_910.0_1708.0_10_rela_relative,[]
pseudo_136_910.0_1708.0_11_rela_relative,[]
pseudo_136_910.0_1708.0_12_rela_relative,[]
pseudo_136_910.0_1708.0_13_rela_relative,[]
pseudo_150_1010.0_1408.0_0_rela_relative,[]
pseudo_150_1010.0_1408.0_1_rela_relative,[]
pseudo_150_1010.0_1408.0_2_rela_relative,['pseudo_248_1610.0_1008.0']
pseudo_150_1010.0_1408.0_3_rela_relative,[]
pseudo_150_1010.0_1408.0_4_rela_relative,[]
pseudo_150_1010.0_1408.0_5_rela_relative,['pseudo_45_410.0_1108.0']
pseudo_150_1010.0_1408.0_6_rela_relative,"['pseudo_131_910.0_1208.0', 'pseudo_97_710.0_1208.0']"
pseudo_150_1010.0_1408.0_7_rela_relative,[]
pseudo_150_1010.0_1408.0_8_rela_relative,[]
pseudo_150_1010.0_1408.0_9_rela_relative,[]
pseudo_150_1010.0_1408.0_10_rela_relative,[]
pseudo_150_1010.0_1408.0_11_rela_relative,"['pseudo_113_810.0_1108.0', 'pseudo_135_910.0_1608.0', 'pseudo_184_1210.0_1408.0', 'pseudo_43_410.0_908.0']"
pseudo_150_1010.0_1408.0_12_rela_relative,"['pseudo_217_1410.0_1308.0', 'pseudo_48_410.0_1408.0']"
pseudo_150_1010.0_1408.0_13_rela_relative,[]
pseudo_167_1110.0_1408.0_0_rela_relative,['pseudo_269_1710.0_1408.0']
pseudo_167_1110.0_1408.0_1_rela_relative,"['pseudo_151_1010.0_1508.0', 'pseudo_283_1810.0_1108.0']"
pseudo_167_1110.0_1408.0_2_rela_relative,[]
pseudo_167_1110.0_1408.0_3_rela_relative,"['pseudo_165_1110.0_1208.0', 'pseudo_281_1810.0_908.0', 'pseudo_33_310.0_1608.0']"
pseudo_167_1110.0_1408.0_4_rela_relative,[]
pseudo_167_1110.0_1408.0_5_rela_relative,[]
pseudo_167_1110.0_1408.0_6_rela_relative,[]
pseudo_167_1110.0_1408.0_7_rela_relative,[]
pseudo_167_1110.0_1408.0_8_rela_relative,[]
pseudo_167_1110.0_1408.0_9_rela_relative,[]
pseudo_167_1110.0_1408.0_10_rela_relative,"['pseudo_109_810.0_708.0', 'pseudo_229_1510.0_808.0']"
pseudo_167_1110.0_1408.0_11_rela_relative,[]
pseudo_167_1110.0_1408.0_12_rela_relative,['pseudo_182_1210.0_1208.0']
pseudo_167_1110.0_1408.0_13_rela_relative,['pseudo_41_410.0_708.0']
pseudo_168_1110.0_1508.0_0_rela_relative,[]
pseudo_168_1110.0_1508.0_1_rela_relative,['pseudo_233_1510.0_1208.0']
pseudo_168_1110.0_1508.0_2_rela_relative,[]
pseudo_168_1110.0_1508.0_3_rela_relative,"['pseudo_113_810.0_1108.0', 'pseudo_130_910.0_1108.0', 'pseudo_135_910.0_1608.0', 'pseudo_168_1110.0_1508.0', 'pseudo_184_1210.0_1408.0', 'pseudo_186_1210.0_1608.0', 'pseudo_221_1410.0_1708.0', 'pseudo_250_1610.0_1208.0', 'pseudo_251_1610.0_1308.0', 'pseudo_252_1610.0_1408.0', 'pseudo_255_1610.0_1708.0', 'pseudo_43_410.0_908.0', 'pseudo_48_410.0_1408.0', 'pseudo_65_510.0_1408.0', 'pseudo_76_610.0_808.0', 'pseudo_80_610.0_1208.0']"
pseudo_168_1110.0_1508.0_4_rela_relative,['pseudo_111_810.0_908.0']
pseudo_168_1110.0_1508.0_5_rela_relative,['pseudo_141_1010.0_508.0']
pseudo_168_1110.0_1508.0_6_rela_relative,[]
pseudo_168_1110.0_1508.0_7_rela_relative,[]
pseudo_168_1110.0_1508.0_8_rela_relative,[]
pseudo_168_1110.0_1508.0_9_rela_relative,[]
pseudo_168_1110.0_1508.0_10_rela_relative,"['pseudo_151_1010.0_1508.0', 'pseudo_275_1810.0_308.0', 'pseudo_64_510.0_1308.0']"
pseudo_168_1110.0_1508.0_11_rela_relative,[]
pseudo_168_1110.0_1508.0_12_rela_relative,[]
pseudo_168_1110.0_1508.0_13_rela_relative,[]
pseudo_185_1210.0_1508.0_0_rela_relative,[]
pseudo_185_1210.0_1508.0_1_rela_relative,['pseudo_259_1710.0_408.0']
pseudo_185_1210.0_1508.0_2_rela_relative,[]
pseudo_185_1210.0_1508.0_3_rela_relative,['pseudo_187_1210.0_1708.0']
pseudo_185_1210.0_1508.0_4_rela_relative,[]
pseudo_185_1210.0_1508.0_5_rela_relative,['pseudo_70_610.0_208.0']
pseudo_185_1210.0_1508.0_6_rela_relative,[]
pseudo_185_1210.0_1508.0_7_rela_relative,[]
pseudo_185_1210.0_1508.0_8_rela_relative,[]
pseudo_185_1210.0_1508.0_9_rela_relative,['pseudo_56_510.0_508.0']
pseudo_185_1210.0_1508.0_10_rela_relative,['pseudo_93_710.0_808.0']
pseudo_185_1210.0_1508.0_11_rela_relative,"['pseudo_124_910.0_508.0', 'pseudo_163_1110.0_1008.0']"
pseudo_185_1210.0_1508.0_12_rela_relative,[]
pseudo_185_1210.0_1508.0_13_rela_relative,[]
pseudo_186_1210.0_1608.0_0_rela_relative,[]
pseudo_186_1210.0_1608.0_1_rela_relative,"['pseudo_186_1210.0_1608.0', 'pseudo_250_1610.0_1208.0']"
pseudo_186_1210.0_1608.0_2_rela_relative,[]
pseudo_186_1210.0_1608.0_3_rela_relative,[]
pseudo_186_1210.0_1608.0_4_rela_relative,[]
pseudo_186_1210.0_1608.0_5_rela_relative,[]
pseudo_186_1210.0_1608.0_6_rela_relative,[]
pseudo_186_1210.0_1608.0_7_rela_relative,['pseudo_282_1810.0_1008.0']
pseudo_186_1210.0_1608.0_8_rela_relative,[]
pseudo_186_1210.0_1608.0_9_rela_relative,[]
pseudo_186_1210.0_1608.0_10_rela_relative,[]
pseudo_186_1210.0_1608.0_11_rela_relative,[]
pseudo_186_1210.0_1608.0_12_rela_relative,[]
pseudo_186_1210.0_1608.0_13_rela_relative,[]
pseudo_200_1310.0_1308.0_0_rela_relative,[]
pseudo_200_1310.0_1308.0_1_rela_relative,"['pseudo_107_810.0_508.0', 'pseudo_111_810.0_908.0', 'pseudo_161_1110.0_808.0', 'pseudo_166_1110.0_1308.0', 'pseudo_231_1510.0_1008.0']"
pseudo_200_1310.0_1308.0_2_rela_relative,[]
pseudo_200_1310.0_1308.0_3_rela_relative,[]
pseudo_200_1310.0_1308.0_4_rela_relative,[]
pseudo_200_1310.0_1308.0_5_rela_relative,[]
pseudo_200_1310.0_1308.0_6_rela_relative,"['pseudo_107_810.0_508.0', 'pseudo_191_1310.0_408.0']"
pseudo_200_1310.0_1308.0_7_rela_relative,['pseudo_38_410.0_408.0']
pseudo_200_1310.0_1308.0_8_rela_relative,[]
pseudo_200_1310.0_1308.0_9_rela_relative,[]
pseudo_200_1310.0_1308.0_10_rela_relative,"['pseudo_100_710.0_1508.0', 'pseudo_167_1110.0_1408.0', 'pseudo_31_310.0_1408.0', 'pseudo_83_610.0_1508.0']"
pseudo_200_1310.0_1308.0_11_rela_relative,[]
pseudo_200_1310.0_1308.0_12_rela_relative,[]
pseudo_200_1310.0_1308.0_13_rela_relative,[]
pseudo_201_1310.0_1408.0_0_rela_relative,[]
pseudo_201_1310.0_1408.0_1_rela_relative,"['pseudo_204_1310.0_1708.0', 'pseudo_63_510.0_1208.0']"
pseudo_201_1310.0_1408.0_2_rela_relative,['pseudo_93_710.0_808.0']
pseudo_201_1310.0_1408.0_3_rela_relative,[]
pseudo_201_1310.0_1408.0_4_rela_relative,[]
pseudo_201_1310.0_1408.0_5_rela_relative,[]
pseudo_201_1310.0_1408.0_6_rela_relative,[]
pseudo_201_1310.0_1408.0_7_rela_relative,[]
pseudo_201_1310.0_1408.0_8_rela_relative,[]
pseudo_201_1310.0_1408.0_9_rela_relative,[]
pseudo_201_1310.0_1408.0_10_rela_relative,['pseudo_178_1210.0_808.0']
pseudo_201_1310.0_1408.0_11_rela_relative,[]
pseudo_201_1310.0_1408.0_12_rela_relative,[]
pseudo_201_1310.0_1408.0_13_rela_relative,[]
pseudo_202_1310.0_1508.0_0_rela_relative,[]
pseudo_202_1310.0_1508.0_1_rela_relative,['pseudo_138_1010.0_208.0']
pseudo_202_1310.0_1508.0_2_rela_relative,[]
pseudo_202_1310.0_1508.0_3_rela_relative,[]
pseudo_202_1310.0_1508.0_4_rela_relative,[]
pseudo_202_1310.0_1508.0_5_rela_relative,[]
pseudo_202_1310.0_1508.0_6_rela_relative,[]
pseudo_202_1310.0_1508.0_7_rela_relative,[]
pseudo_202_1310.0_1508.0_8_rela_relative,[]
pseudo_202_1310.0_1508.0_9_rela_relative,[]
pseudo_202_1310.0_1508.0_10_rela_relative,[]
pseudo_202_1310.0_1508.0_11_rela_relative,"['pseudo_216_1410.0_1208.0', 'pseudo_92_710.0_708.0']"
pseudo_202_1310.0_1508.0_12_rela_relative,[]
pseudo_202_1310.0_1508.0_13_rela_relative,[]
pseudo_203_1310.0_1608.0_0_rela_relative,[]
pseudo_203_1310.0_1608.0_1_rela_relative,"['pseudo_38_410.0_408.0', 'pseudo_91_710.0_608.0']"
pseudo_203_1310.0_1608.0_2_rela_relative,[]
pseudo_203_1310.0_1608.0_3_rela_relative,['pseudo_238_1510.0_1708.0']
pseudo_203_1310.0_1608.0_4_rela_relative,[]
pseudo_203_1310.0_1608.0_5_rela_relative,[]
pseudo_203_1310.0_1608.0_6_rela_relative,['pseudo_119_810.0_1708.0']
pseudo_203_1310.0_1608.0_7_rela_relative,[]
pseudo_203_1310.0_1608.0_8_rela_relative,[]
pseudo_203_1310.0_1608.0_9_rela_relative,[]
pseudo_203_1310.0_1608.0_10_rela_relative,[]
pseudo_203_1310.0_1608.0_11_rela_relative,[]
pseudo_203_1310.0_1608.0_12_rela_relative,[]
pseudo_203_1310.0_1608.0_13_rela_relative,"['pseudo_159_1110.0_608.0', 'pseudo_176_1210.0_608.0', 'pseudo_247_1610.0_908.0', 'pseudo_268_1710.0_1308.0']"
pseudo_221_1410.0_1708.0_0_rela_relative,[]
pseudo_221_1410.0_1708.0_1_rela_relative,[]
pseudo_221_1410.0_1708.0_2_rela_relative,[]
pseudo_221_1410.0_1708.0_3_rela_relative,['pseudo_159_1110.0_608.0']
pseudo_221_1410.0_1708.0_4_rela_relative,[]
pseudo_221_1410.0_1708.0_5_rela_relative,"['pseudo_165_1110.0_1208.0', 'pseudo_267_1710.0_1208.0', 'pseudo_33_310.0_1608.0']"
pseudo_221_1410.0_1708.0_6_rela_relative,"['pseudo_138_1010.0_208.0', 'pseudo_192_1310.0_508.0', 'pseudo_20_310.0_308.0', 'pseudo_249_1610.0_1108.0', 'pseudo_30_310.0_1308.0', 'pseudo_55_510.0_408.0', 'pseudo_58_510.0_708.0', 'pseudo_90_710.0_508.0']"
pseudo_221_1410.0_1708.0_7_rela_relative,"['pseudo_44_410.0_1008.0', 'pseudo_75_610.0_708.0']"
pseudo_221_1410.0_1708.0_8_rela_relative,[]
pseudo_221_1410.0_1708.0_9_rela_relative,[]
pseudo_221_1410.0_1708.0_10_rela_relative,[]
pseudo_221_1410.0_1708.0_11_rela_relative,[]
pseudo_221_1410.0_1708.0_12_rela_relative,['pseudo_33_310.0_1608.0']
pseudo_221_1410.0_1708.0_13_rela_relative,[]
pseudo_236_1510.0_1508.0_0_rela_relative,"['pseudo_116_810.0_1408.0', 'pseudo_192_1310.0_508.0', 'pseudo_20_310.0_308.0']"
pseudo_236_1510.0_1508.0_1_rela_relative,[]
pseudo_236_1510.0_1508.0_2_rela_relative,['pseudo_124_910.0_508.0']
pseudo_236_1510.0_1508.0_3_rela_relative,[]
pseudo_236_1510.0_1508.0_4_rela_relative,"['pseudo_107_810.0_508.0', 'pseudo_111_810.0_908.0', 'pseudo_126_910.0_708.0', 'pseudo_132_910.0_1308.0', 'pseudo_162_1110.0_908.0', 'pseudo_183_1210.0_1308.0', 'pseudo_208_1410.0_408.0', 'pseudo_225_1510.0_408.0', 'pseudo_241_1610.0_308.0', 'pseudo_268_1710.0_1308.0', 'pseudo_286_1810.0_1408.0', 'pseudo_37_410.0_308.0']"
pseudo_236_1510.0_1508.0_5_rela_relative,[]
pseudo_236_1510.0_1508.0_6_rela_relative,[]
pseudo_236_1510.0_1508.0_7_rela_relative,[]
pseudo_236_1510.0_1508.0_8_rela_relative,[]
pseudo_236_1510.0_1508.0_9_rela_relative,[]
pseudo_236_1510.0_1508.0_10_rela_relative,[]
pseudo_236_1510.0_1508.0_11_rela_relative,[]
pseudo_236_1510.0_1508.0_12_rela_relative,[]
pseudo_236_1510.0_1508.0_13_rela_relative,[]
pseudo_253_1610.0_1508.0_0_rela_relative,[]
pseudo_253_1610.0_1508.0_1_rela_relative,['pseudo_166_1110.0_1308.0']
pseudo_253_1610.0_1508.0_2_rela_relative,[]
pseudo_253_1610.0_1508.0_3_rela_relative,['pseudo_144_1010.0_808.0']
pseudo_253_1610.0_1508.0_4_rela_relative,[]
pseudo_253_1610.0_1508.0_5_rela_relative,['pseudo_45_410.0_1108.0']
pseudo_253_1610.0_1508.0_6_rela_relative,[]
pseudo_253_1610.0_1508.0_7_rela_relative,[]
pseudo_253_1610.0_1508.0_8_rela_relative,[]
pseudo_253_1610.0_1508.0_9_rela_relative,[]
pseudo_253_1610.0_1508.0_10_rela_relative,[]
pseudo_253_1610.0_1508.0_11_rela_relative,[]
pseudo_253_1610.0_1508.0_12_rela_relative,[]
pseudo_253_1610.0_1508.0_13_rela_relative,[]
pseudo_255_1610.0_1708.0_0_rela_relative,[]
pseudo_255_1610.0_1708.0_1_rela_relative,"['pseudo_157_1110.0_408.0', 'pseudo_233_1510.0_1208.0', 'pseudo_281_1810.0_908.0', 'pseudo_64_510.0_1308.0']"
pseudo_255_1610.0_1708.0_2_rela_relative,[]
pseudo_255_1610.0_1708.0_3_rela_relative,['pseudo_196_1310.0_908.0']
pseudo_255_1610.0_1708.0_4_rela_relative,"['pseudo_202_1310.0_1508.0', 'pseudo_288_1810.0_1608.0', 'pseudo_83_610.0_1508.0']"
pseudo_255_1610.0_1708.0_5_rela_relative,[]
pseudo_255_1610.0_1708.0_6_rela_relative,"['pseudo_66_510.0_1508.0', 'pseudo_82_610.0_1408.0']"
pseudo_255_1610.0_1708.0_7_rela_relative,['pseudo_267_1710.0_1208.0']
pseudo_255_1610.0_1708.0_8_rela_relative,[]
pseudo_255_1610.0_1708.0_9_rela_relative,['pseudo_193_1310.0_608.0']
pseudo_255_1610.0_1708.0_10_rela_relative,"['pseudo_38_410.0_408.0', 'pseudo_46_410.0_1208.0']"
pseudo_255_1610.0_1708.0_11_rela_relative,[]
pseudo_255_1610.0_1708.0_12_rela_relative,[]
pseudo_255_1610.0_1708.0_13_rela_relative,[]
pseudo_271_1710.0_1608.0_0_rela_relative,[]
pseudo_271_1710.0_1608.0_1_rela_relative,[]
pseudo_271_1710.0_1608.0_2_rela_relative,['pseudo_269_1710.0_1408.0']
pseudo_271_1710.0_1608.0_3_rela_relative,['pseudo_151_1010.0_1508.0']
pseudo_271_1710.0_1608.0_4_rela_relative,[]
pseudo_271_1710.0_1608.0_5_rela_relative,[]
pseudo_271_1710.0_1608.0_6_rela_relative,[]
pseudo_271_1710.0_1608.0_7_rela_relative,[]
pseudo_271_1710.0_1608.0_8_rela_relative,[]
pseudo_271_1710.0_1608.0_9_rela_relative,[]
pseudo_271_1710.0_1608.0_10_rela_relative,[]
pseudo_271_1710.0_1608.0_11_rela_relative,[]
pseudo_271_1710.0_1608.0_12_rela_relative,"['pseudo_127_910.0_808.0', 'pseudo_278_1810.0_608.0']"
pseudo_271_1710.0_1608.0_13_rela_relative,[]
pseudo_288_1810.0_1608.0_0_rela_relative,[]
pseudo_288_1810.0_1608.0_1_rela_relative,"['pseudo_144_1010.0_808.0', 'pseudo_160_1110.0_708.0']"
pseudo_288_1810.0_1608.0_2_rela_relative,[]
pseudo_288_1810.0_1608.0_3_rela_relative,[]
pseudo_288_1810.0_1608.0_4_rela_relative,"['pseudo_138_1010.0_208.0', 'pseudo_208_1410.0_408.0', 'pseudo_21_310.0_408.0', 'pseudo_284_1810.0_1208.0', 'pseudo_58_510.0_708.0', 'pseudo_6_210.0_608.0', 'pseudo_77_610.0_908.0']"
pseudo_288_1810.0_1608.0_5_rela_relative,[]
pseudo_288_1810.0_1608.0_6_rela_relative,[]
pseudo_288_1810.0_1608.0_7_rela_relative,[]
pseudo_288_1810.0_1608.0_8_rela_relative,[]
pseudo_288_1810.0_1608.0_9_rela_relative,[]
pseudo_288_1810.0_1608.0_10_rela_relative,[]
pseudo_288_1810.0_1608.0_11_rela_relative,[]
pseudo_288_1810.0_1608.0_12_rela_relative,"['pseudo_104_810.0_208.0', 'pseudo_147_1010.0_1108.0', 'pseudo_176_1210.0_608.0']"
pseudo_288_1810.0_1608.0_13_rela_relative,[]
pseudo_24_310.0_708.0_0_rela_relative,[]
pseudo_24_310.0_708.0_1_rela_relative,[]
pseudo_24_310.0_708.0_2_rela_relative,[]
pseudo_24_310.0_708.0_3_rela_relative,['pseudo_109_810.0_708.0']
pseudo_24_310.0_708.0_4_rela_relative,[]
pseudo_24_310.0_708.0_5_rela_relative,[]
pseudo_24_310.0_708.0_6_rela_relative,[]
pseudo_24_310.0_708.0_7_rela_relative,[]
pseudo_24_310.0_708.0_8_rela_relative,[]
pseudo_24_310.0_708.0_9_rela_relative,[]
pseudo_24_310.0_708.0_10_rela_relative,[]
pseudo_30_310.0_1308.0_0_rela_relative,[]
pseudo_30_310.0_1308.0_1_rela_relative,[]
pseudo_30_310.0_1308.0_2_rela_relative,[]
pseudo_30_310.0_1308.0_3_rela_relative,[]
pseudo_30_310.0_1308.0_4_rela_relative,[]
pseudo_30_310.0_1308.0_5_rela_relative,[]
pseudo_30_310.0_1308.0_6_rela_relative,[]
pseudo_30_310.0_1308.0_7_rela_relative,['pseudo_74_610.0_608.0']
pseudo_30_310.0_1308.0_8_rela_relative,[]
pseudo_30_310.0_1308.0_9_rela_relative,[]
pseudo_30_310.0_1308.0_10_rela_relative,[]
pseudo_53_510.0_208.0_0_rela_relative,[]
pseudo_53_510.0_208.0_1_rela_relative,['pseudo_45_410.0_1108.0']
pseudo_53_510.0_208.0_2_rela_relative,[]
pseudo_53_510.0_208.0_3_rela_relative,[]
pseudo_53_510.0_208.0_4_rela_relative,[]
pseudo_53_510.0_208.0_5_rela_relative,['pseudo_45_410.0_1108.0']
pseudo_53_510.0_208.0_6_rela_relative,[]
pseudo_53_510.0_208.0_7_rela_relative,[]
pseudo_53_510.0_208.0_8_rela_relative,[]
pseudo_53_510.0_208.0_9_rela_relative,[]
pseudo_53_510.0_208.0_10_rela_relative,[]
pseudo_60_510.0_908.0_0_rela_relative,[]
pseudo_60_510.0_908.0_1_rela_relative,['pseudo_246_1610.0_808.0']
pseudo_60_510.0_908.0_2_rela_relative,[]
pseudo_60_510.0_908.0_3_rela_relative,['pseudo_166_1110.0_1308.0']
pseudo_60_510.0_908.0_4_rela_relative,['pseudo_46_410.0_1208.0']
pseudo_60_510.0_908.0_5_rela_relative,[]
pseudo_60_510.0_908.0_6_rela_relative,[]
pseudo_60_510.0_908.0_7_rela_relative,['pseudo_149_1010.0_1308.0']
pseudo_60_510.0_908.0_8_rela_relative,['pseudo_235_1510.0_1408.0']
pseudo_60_510.0_908.0_9_rela_relative,[]
pseudo_60_510.0_908.0_10_rela_relative,[]
pseudo_61_510.0_1008.0_0_rela_relative,[]
pseudo_61_510.0_1008.0_1_rela_relative,[]
pseudo_61_510.0_1008.0_2_rela_relative,[]
pseudo_61_510.0_1008.0_3_rela_relative,[]
pseudo_61_510.0_1008.0_4_rela_relative,"['pseudo_160_1110.0_708.0', 'pseudo_174_1210.0_408.0', 'pseudo_180_1210.0_1008.0', 'pseudo_187_1210.0_1708.0', 'pseudo_39_410.0_508.0']"
pseudo_61_510.0_1008.0_5_rela_relative,"['pseudo_114_810.0_1208.0', 'pseudo_132_910.0_1308.0', 'pseudo_138_1010.0_208.0', 'pseudo_143_1010.0_708.0', 'pseudo_158_1110.0_508.0', 'pseudo_164_1110.0_1108.0', 'pseudo_20_310.0_308.0', 'pseudo_214_1410.0_1008.0', 'pseudo_21_310.0_408.0', 'pseudo_224_1510.0_308.0', 'pseudo_244_1610.0_608.0', 'pseudo_247_1610.0_908.0', 'pseudo_249_1610.0_1108.0', 'pseudo_37_410.0_308.0', 'pseudo_42_410.0_808.0', 'pseudo_55_510.0_408.0', 'pseudo_73_610.0_508.0', 'pseudo_75_610.0_708.0', 'pseudo_94_710.0_908.0']"
pseudo_61_510.0_1008.0_6_rela_relative,[]
pseudo_61_510.0_1008.0_7_rela_relative,"['pseudo_126_910.0_708.0', 'pseudo_140_1010.0_408.0', 'pseudo_23_310.0_608.0', 'pseudo_6_210.0_608.0']"
pseudo_61_510.0_1008.0_8_rela_relative,[]
pseudo_61_510.0_1008.0_9_rela_relative,[]
pseudo_61_510.0_1008.0_10_rela_relative,[]
pseudo_64_510.0_1308.0_0_rela_relative,[]
pseudo_64_510.0_1308.0_1_rela_relative,[]
pseudo_64_510.0_1308.0_2_rela_relative,"['pseudo_139_1010.0_308.0', 'pseudo_152_1010.0_1608.0', 'pseudo_153_1010.0_1708.0', 'pseudo_207_1410.0_308.0', 'pseudo_265_1710.0_1008.0']"
pseudo_64_510.0_1308.0_3_rela_relative,[]
pseudo_64_510.0_1308.0_4_rela_relative,['pseudo_221_1410.0_1708.0']
pseudo_64_510.0_1308.0_5_rela_relative,['pseudo_259_1710.0_408.0']
pseudo_64_510.0_1308.0_6_rela_relative,"['pseudo_190_1310.0_308.0', 'pseudo_220_1410.0_1608.0', 'pseudo_238_1510.0_1708.0']"
pseudo_64_510.0_1308.0_7_rela_relative,"['pseudo_260_1710.0_508.0', 'pseudo_98_710.0_1308.0']"
pseudo_64_510.0_1308.0_8_rela_relative,[]
pseudo_64_510.0_1308.0_9_rela_relative,[]
pseudo_64_510.0_1308.0_10_rela_relative,[]
pseudo_70_610.0_208.0_0_rela_relative,[]
pseudo_70_610.0_208.0_1_rela_relative,[]
pseudo_70_610.0_208.0_2_rela_relative,[]
pseudo_70_610.0_208.0_3_rela_relative,['pseudo_43_410.0_908.0']
pseudo_70_610.0_208.0_4_rela_relative,[]
pseudo_70_610.0_208.0_5_rela_relative,['pseudo_262_1710.0_708.0']
pseudo_70_610.0_208.0_6_rela_relative,['pseudo_159_1110.0_608.0']
pseudo_70_610.0_208.0_7_rela_relative,['pseudo_79_610.0_1108.0']
pseudo_70_610.0_208.0_8_rela_relative,[]
pseudo_70_610.0_208.0_9_rela_relative,[]
pseudo_70_610.0_208.0_10_rela_relative,[]
pseudo_92_710.0_708.0_0_rela_relative,['pseudo_242_1610.0_408.0']
pseudo_92_710.0_708.0_1_rela_relative,"['pseudo_177_1210.0_708.0', 'pseudo_261_1710.0_608.0', 'pseudo_278_1810.0_608.0']"
pseudo_92_710.0_708.0_2_rela_relative,[]
pseudo_92_710.0_708.0_3_rela_relative,[]
pseudo_92_710.0_708.0_4_rela_relative,[]
pseudo_92_710.0_708.0_5_rela_relative,"['pseudo_158_1110.0_508.0', 'pseudo_160_1110.0_708.0', 'pseudo_174_1210.0_408.0', 'pseudo_216_1410.0_1208.0', 'pseudo_30_310.0_1308.0', 'pseudo_39_410.0_508.0', 'pseudo_94_710.0_908.0']"
pseudo_92_710.0_708.0_6_rela_relative,"['pseudo_28_310.0_1108.0', 'pseudo_49_410.0_1508.0']"
pseudo_92_710.0_708.0_7_rela_relative,[]
pseudo_92_710.0_708.0_8_rela_relative,['pseudo_287_1810.0_1508.0']
pseudo_92_710.0_708.0_9_rela_relative,[]
pseudo_92_710.0_708.0_10_rela_relative,[]
pseudo_95_710.0_1008.0_0_rela_relative,[]
pseudo_95_710.0_1008.0_1_rela_relative,[]
pseudo_95_710.0_1008.0_2_rela_relative,[]
pseudo_95_710.0_1008.0_3_rela_relative,[]
pseudo_95_710.0_1008.0_4_rela_relative,"['pseudo_253_1610.0_1508.0', 'pseudo_31_310.0_1408.0']"
pseudo_95_710.0_1008.0_5_rela_relative,[]
pseudo_95_710.0_1008.0_6_rela_relative,[]
pseudo_95_710.0_1008.0_7_rela_relative,[]
pseudo_95_710.0_1008.0_8_rela_relative,[]
pseudo_95_710.0_1008.0_9_rela_relative,[]
pseudo_95_710.0_1008.0_10_rela_relative,['pseudo_23_310.0_608.0']
pseudo_98_710.0_1308.0_0_rela_relative,[]
pseudo_98_710.0_1308.0_1_rela_relative,[]
pseudo_98_710.0_1308.0_2_rela_relative,['pseudo_212_1410.0_808.0']
pseudo_98_710.0_1308.0_3_rela_relative,[]
pseudo_98_710.0_1308.0_4_rela_relative,[]
pseudo_98_710.0_1308.0_5_rela_relative,[]
pseudo_98_710.0_1308.0_6_rela_relative,[]
pseudo_98_710.0_1308.0_7_rela_relative,[]
pseudo_98_710.0_1308.0_8_rela_relative,[]
pseudo_98_710.0_1308.0_9_rela_relative,['pseudo_49_410.0_1508.0']
pseudo_98_710.0_1308.0_10_rela_relative,[]
pseudo_106_810.0_408.0_0_rela_relative,[]
pseudo_106_810.0_408.0_1_rela_relative,['pseudo_209_1410.0_508.0']
pseudo_106_810.0_408.0_2_rela_relative,[]
pseudo_106_810.0_408.0_3_rela_relative,['pseudo_229_1510.0_808.0']
pseudo_106_810.0_408.0_4_rela_relative,[]
pseudo_106_810.0_408.0_5_rela_relative,[]
pseudo_106_810.0_408.0_6_rela_relative,[]
pseudo_106_810.0_408.0_7_rela_relative,"['pseudo_201_1310.0_1408.0', 'pseudo_51_410.0_1708.0', 'pseudo_96_710.0_1108.0']"
pseudo_106_810.0_408.0_8_rela_relative,[]
pseudo_106_810.0_408.0_9_rela_relative,['pseudo_141_1010.0_508.0']
pseudo_106_810.0_408.0_10_rela_relative,[]
pseudo_139_1010.0_308.0_0_rela_relative,[]
pseudo_139_1010.0_308.0_1_rela_relative,[]
pseudo_139_1010.0_308.0_2_rela_relative,[]
pseudo_139_1010.0_308.0_3_rela_relative,[]
pseudo_139_1010.0_308.0_4_rela_relative,[]
pseudo_139_1010.0_308.0_5_rela_relative,['pseudo_81_610.0_1308.0']
pseudo_139_1010.0_308.0_6_rela_relative,[]
pseudo_139_1010.0_308.0_7_rela_relative,[]
pseudo_139_1010.0_308.0_8_rela_relative,[]
pseudo_139_1010.0_308.0_9_rela_relative,[]
pseudo_139_1010.0_308.0_10_rela_relative,[]
pseudo_144_1010.0_808.0_0_rela_relative,[]
pseudo_144_1010.0_808.0_1_rela_relative,[]
pseudo_144_1010.0_808.0_2_rela_relative,[]
pseudo_144_1010.0_808.0_3_rela_relative,[]
pseudo_144_1010.0_808.0_4_rela_relative,[]
pseudo_144_1010.0_808.0_5_rela_relative,[]
pseudo_144_1010.0_808.0_6_rela_relative,[]
pseudo_144_1010.0_808.0_7_rela_relative,['pseudo_59_510.0_808.0']
pseudo_144_1010.0_808.0_8_rela_relative,[]
pseudo_144_1010.0_808.0_9_rela_relative,['pseudo_127_910.0_808.0']
pseudo_144_1010.0_808.0_10_rela_relative,[]
pseudo_145_1010.0_908.0_0_rela_relative,['pseudo_108_810.0_608.0']
pseudo_145_1010.0_908.0_1_rela_relative,[]
pseudo_145_1010.0_908.0_2_rela_relative,[]
pseudo_145_1010.0_908.0_3_rela_relative,[]
pseudo_145_1010.0_908.0_4_rela_relative,[]
pseudo_145_1010.0_908.0_5_rela_relative,[]
pseudo_145_1010.0_908.0_6_rela_relative,[]
pseudo_145_1010.0_908.0_7_rela_relative,[]
pseudo_145_1010.0_908.0_8_rela_relative,[]
pseudo_145_1010.0_908.0_9_rela_relative,[]
pseudo_145_1010.0_908.0_10_rela_relative,[]
pseudo_152_1010.0_1608.0_0_rela_relative,"['pseudo_38_410.0_408.0', 'pseudo_46_410.0_1208.0', 'pseudo_54_510.0_308.0']"
pseudo_152_1010.0_1608.0_1_rela_relative,['pseudo_22_310.0_508.0']
pseudo_152_1010.0_1608.0_2_rela_relative,[]
pseudo_152_1010.0_1608.0_3_rela_relative,[]
pseudo_152_1010.0_1608.0_4_rela_relative,['pseudo_180_1210.0_1008.0']
pseudo_152_1010.0_1608.0_5_rela_relative,[]
pseudo_152_1010.0_1608.0_6_rela_relative,[]
pseudo_152_1010.0_1608.0_7_rela_relative,[]
pseudo_152_1010.0_1608.0_8_rela_relative,[]
pseudo_152_1010.0_1608.0_9_rela_relative,[]
pseudo_152_1010.0_1608.0_10_rela_relative,[]
pseudo_153_1010.0_1708.0_0_rela_relative,['pseudo_102_710.0_1708.0']
pseudo_153_1010.0_1708.0_1_rela_relative,[]
pseudo_153_1010.0_1708.0_2_rela_relative,[]
pseudo_153_1010.0_1708.0_3_rela_relative,[]
pseudo_153_1010.0_1708.0_4_rela_relative,[]
pseudo_153_1010.0_1708.0_5_rela_relative,[]
pseudo_153_1010.0_1708.0_6_rela_relative,[]
pseudo_153_1010.0_1708.0_7_rela_relative,"['pseudo_190_1310.0_308.0', 'pseudo_220_1410.0_1608.0', 'pseudo_238_1510.0_1708.0']"
pseudo_153_1010.0_1708.0_8_rela_relative,[]
pseudo_153_1010.0_1708.0_9_rela_relative,[]
pseudo_153_1010.0_1708.0_10_rela_relative,['pseudo_56_510.0_508.0']
pseudo_157_1110.0_408.0_0_rela_relative,[]
pseudo_157_1110.0_408.0_1_rela_relative,[]
pseudo_157_1110.0_408.0_2_rela_relative,[]
pseudo_157_1110.0_408.0_3_rela_relative,[]
pseudo_157_1110.0_408.0_4_rela_relative,['pseudo_27_310.0_1008.0']
pseudo_157_1110.0_408.0_5_rela_relative,[]
pseudo_157_1110.0_408.0_6_rela_relative,['pseudo_194_1310.0_708.0']
pseudo_157_1110.0_408.0_7_rela_relative,[]
pseudo_157_1110.0_408.0_8_rela_relative,[]
pseudo_157_1110.0_408.0_9_rela_relative,[]
pseudo_157_1110.0_408.0_10_rela_relative,[]
pseudo_160_1110.0_708.0_0_rela_relative,['pseudo_144_1010.0_808.0']
pseudo_160_1110.0_708.0_1_rela_relative,[]
pseudo_160_1110.0_708.0_2_rela_relative,"['pseudo_135_910.0_1608.0', 'pseudo_251_1610.0_1308.0', 'pseudo_252_1610.0_1408.0']"
pseudo_160_1110.0_708.0_3_rela_relative,[]
pseudo_160_1110.0_708.0_4_rela_relative,[]
pseudo_160_1110.0_708.0_5_rela_relative,[]
pseudo_160_1110.0_708.0_6_rela_relative,[]
pseudo_160_1110.0_708.0_7_rela_relative,['pseudo_282_1810.0_1008.0']
pseudo_160_1110.0_708.0_8_rela_relative,[]
pseudo_160_1110.0_708.0_9_rela_relative,[]
pseudo_160_1110.0_708.0_10_rela_relative,[]
pseudo_174_1210.0_408.0_0_rela_relative,[]
pseudo_174_1210.0_408.0_1_rela_relative,[]
pseudo_174_1210.0_408.0_2_rela_relative,[]
pseudo_174_1210.0_408.0_3_rela_relative,[]
pseudo_174_1210.0_408.0_4_rela_relative,['pseudo_101_710.0_1608.0']
pseudo_174_1210.0_408.0_5_rela_relative,[]
pseudo_174_1210.0_408.0_6_rela_relative,[]
pseudo_174_1210.0_408.0_7_rela_relative,[]
pseudo_174_1210.0_408.0_8_rela_relative,"['pseudo_140_1010.0_408.0', 'pseudo_289_1810.0_1708.0']"
pseudo_174_1210.0_408.0_9_rela_relative,[]
pseudo_174_1210.0_408.0_10_rela_relative,[]
pseudo_175_1210.0_508.0_0_rela_relative,[]
pseudo_175_1210.0_508.0_1_rela_relative,['pseudo_134_910.0_1508.0']
pseudo_175_1210.0_508.0_2_rela_relative,['pseudo_250_1610.0_1208.0']
pseudo_175_1210.0_508.0_3_rela_relative,['pseudo_75_610.0_708.0']
pseudo_175_1210.0_508.0_4_rela_relative,['pseudo_169_1110.0_1608.0']
pseudo_175_1210.0_508.0_5_rela_relative,[]
pseudo_175_1210.0_508.0_6_rela_relative,[]
pseudo_175_1210.0_508.0_7_rela_relative,[]
pseudo_175_1210.0_508.0_8_rela_relative,"['pseudo_199_1310.0_1208.0', 'pseudo_92_710.0_708.0']"
pseudo_175_1210.0_508.0_9_rela_relative,[]
pseudo_175_1210.0_508.0_10_rela_relative,['pseudo_234_1510.0_1308.0']
pseudo_179_1210.0_908.0_0_rela_relative,[]
pseudo_179_1210.0_908.0_1_rela_relative,"['pseudo_158_1110.0_508.0', 'pseudo_228_1510.0_708.0', 'pseudo_245_1610.0_708.0', 'pseudo_42_410.0_808.0', 'pseudo_73_610.0_508.0', 'pseudo_74_610.0_608.0', 'pseudo_75_610.0_708.0']"
pseudo_179_1210.0_908.0_2_rela_relative,[]
pseudo_179_1210.0_908.0_3_rela_relative,"['pseudo_190_1310.0_308.0', 'pseudo_198_1310.0_1108.0']"
pseudo_179_1210.0_908.0_4_rela_relative,['pseudo_115_810.0_1308.0']
pseudo_179_1210.0_908.0_5_rela_relative,[]
pseudo_179_1210.0_908.0_6_rela_relative,[]
pseudo_179_1210.0_908.0_7_rela_relative,[]
pseudo_179_1210.0_908.0_8_rela_relative,['pseudo_181_1210.0_1108.0']
pseudo_179_1210.0_908.0_9_rela_relative,[]
pseudo_179_1210.0_908.0_10_rela_relative,[]
pseudo_180_1210.0_1008.0_0_rela_relative,[]
pseudo_180_1210.0_1008.0_1_rela_relative,[]
pseudo_180_1210.0_1008.0_2_rela_relative,[]
pseudo_180_1210.0_1008.0_3_rela_relative,[]
pseudo_180_1210.0_1008.0_4_rela_relative,['pseudo_102_710.0_1708.0']
pseudo_180_1210.0_1008.0_5_rela_relative,[]
pseudo_180_1210.0_1008.0_6_rela_relative,[]
pseudo_180_1210.0_1008.0_7_rela_relative,[]
pseudo_180_1210.0_1008.0_8_rela_relative,[]
pseudo_180_1210.0_1008.0_9_rela_relative,['pseudo_250_1610.0_1208.0']
pseudo_180_1210.0_1008.0_10_rela_relative,[]
pseudo_184_1210.0_1408.0_0_rela_relative,[]
pseudo_184_1210.0_1408.0_1_rela_relative,[]
pseudo_184_1210.0_1408.0_2_rela_relative,[]
pseudo_184_1210.0_1408.0_3_rela_relative,[]
pseudo_184_1210.0_1408.0_4_rela_relative,[]
pseudo_184_1210.0_1408.0_5_rela_relative,[]
pseudo_184_1210.0_1408.0_6_rela_relative,['pseudo_45_410.0_1108.0']
pseudo_184_1210.0_1408.0_7_rela_relative,[]
pseudo_184_1210.0_1408.0_8_rela_relative,[]
pseudo_184_1210.0_1408.0_9_rela_relative,[]
pseudo_184_1210.0_1408.0_10_rela_relative,['pseudo_82_610.0_1408.0']
pseudo_187_1210.0_1708.0_0_rela_relative,[]
pseudo_187_1210.0_1708.0_1_rela_relative,['pseudo_159_1110.0_608.0']
pseudo_187_1210.0_1708.0_2_rela_relative,[]
pseudo_187_1210.0_1708.0_3_rela_relative,[]
pseudo_187_1210.0_1708.0_4_rela_relative,['pseudo_194_1310.0_708.0']
pseudo_187_1210.0_1708.0_5_rela_relative,[]
pseudo_187_1210.0_1708.0_6_rela_relative,[]
pseudo_187_1210.0_1708.0_7_rela_relative,[]
pseudo_187_1210.0_1708.0_8_rela_relative,[]
pseudo_187_1210.0_1708.0_9_rela_relative,[]
pseudo_187_1210.0_1708.0_10_rela_relative,[]
pseudo_190_1310.0_308.0_0_rela_relative,[]
pseudo_190_1310.0_308.0_1_rela_relative,[]
pseudo_190_1310.0_308.0_2_rela_relative,['pseudo_124_910.0_508.0']
pseudo_190_1310.0_308.0_3_rela_relative,[]
pseudo_190_1310.0_308.0_4_rela_relative,[]
pseudo_190_1310.0_308.0_5_rela_relative,[]
pseudo_190_1310.0_308.0_6_rela_relative,['pseudo_57_510.0_608.0']
pseudo_190_1310.0_308.0_7_rela_relative,[]
pseudo_190_1310.0_308.0_8_rela_relative,[]
pseudo_190_1310.0_308.0_9_rela_relative,[]
pseudo_190_1310.0_308.0_10_rela_relative,[]
pseudo_207_1410.0_308.0_0_rela_relative,[]
pseudo_207_1410.0_308.0_1_rela_relative,[]
pseudo_207_1410.0_308.0_2_rela_relative,[]
pseudo_207_1410.0_308.0_3_rela_relative,[]
pseudo_207_1410.0_308.0_4_rela_relative,[]
pseudo_207_1410.0_308.0_5_rela_relative,['pseudo_266_1710.0_1108.0']
pseudo_207_1410.0_308.0_6_rela_relative,[]
pseudo_207_1410.0_308.0_7_rela_relative,[]
pseudo_207_1410.0_308.0_8_rela_relative,[]
pseudo_207_1410.0_308.0_9_rela_relative,[]
pseudo_207_1410.0_308.0_10_rela_relative,[]
pseudo_220_1410.0_1608.0_0_rela_relative,[]
pseudo_220_1410.0_1608.0_1_rela_relative,[]
pseudo_220_1410.0_1608.0_2_rela_relative,"['pseudo_260_1710.0_508.0', 'pseudo_98_710.0_1308.0']"
pseudo_220_1410.0_1608.0_3_rela_relative,['pseudo_146_1010.0_1008.0']
pseudo_220_1410.0_1608.0_4_rela_relative,[]
pseudo_220_1410.0_1608.0_5_rela_relative,['pseudo_29_310.0_1208.0']
pseudo_220_1410.0_1608.0_6_rela_relative,['pseudo_121_910.0_208.0']
pseudo_220_1410.0_1608.0_7_rela_relative,[]
pseudo_220_1410.0_1608.0_8_rela_relative,"['pseudo_100_710.0_1508.0', 'pseudo_167_1110.0_1408.0', 'pseudo_202_1310.0_1508.0', 'pseudo_31_310.0_1408.0', 'pseudo_83_610.0_1508.0', 'pseudo_84_610.0_1608.0']"
pseudo_220_1410.0_1608.0_9_rela_relative,[]
pseudo_220_1410.0_1608.0_10_rela_relative,"['pseudo_129_910.0_1008.0', 'pseudo_272_1710.0_1708.0', 'pseudo_30_310.0_1308.0']"
pseudo_229_1510.0_808.0_0_rela_relative,['pseudo_202_1310.0_1508.0']
pseudo_229_1510.0_808.0_1_rela_relative,[]
pseudo_229_1510.0_808.0_2_rela_relative,[]
pseudo_229_1510.0_808.0_3_rela_relative,[]
pseudo_229_1510.0_808.0_4_rela_relative,[]
pseudo_229_1510.0_808.0_5_rela_relative,"['pseudo_46_410.0_1208.0', 'pseudo_54_510.0_308.0', 'pseudo_91_710.0_608.0']"
pseudo_229_1510.0_808.0_6_rela_relative,[]
pseudo_229_1510.0_808.0_7_rela_relative,[]
pseudo_229_1510.0_808.0_8_rela_relative,[]
pseudo_229_1510.0_808.0_9_rela_relative,[]
pseudo_229_1510.0_808.0_10_rela_relative,[]
pseudo_232_1510.0_1108.0_0_rela_relative,[]
pseudo_232_1510.0_1108.0_1_rela_relative,[]
pseudo_232_1510.0_1108.0_2_rela_relative,[]
pseudo_232_1510.0_1108.0_3_rela_relative,['pseudo_264_1710.0_908.0']
pseudo_232_1510.0_1108.0_4_rela_relative,[]
pseudo_232_1510.0_1108.0_5_rela_relative,"['pseudo_266_1710.0_1108.0', 'pseudo_31_310.0_1408.0']"
pseudo_232_1510.0_1108.0_6_rela_relative,[]
pseudo_232_1510.0_1108.0_7_rela_relative,"['pseudo_271_1710.0_1608.0', 'pseudo_288_1810.0_1608.0']"
pseudo_232_1510.0_1108.0_8_rela_relative,"['pseudo_22_310.0_508.0', 'pseudo_40_410.0_608.0', 'pseudo_88_710.0_308.0']"
pseudo_232_1510.0_1108.0_9_rela_relative,[]
pseudo_232_1510.0_1108.0_10_rela_relative,['pseudo_115_810.0_1308.0']
pseudo_233_1510.0_1208.0_0_rela_relative,[]
pseudo_233_1510.0_1208.0_1_rela_relative,"['pseudo_168_1110.0_1508.0', 'pseudo_200_1310.0_1308.0', 'pseudo_221_1410.0_1708.0', 'pseudo_48_410.0_1408.0']"
pseudo_233_1510.0_1208.0_2_rela_relative,[]
pseudo_233_1510.0_1208.0_3_rela_relative,[]
pseudo_233_1510.0_1208.0_4_rela_relative,[]
pseudo_233_1510.0_1208.0_5_rela_relative,[]
pseudo_233_1510.0_1208.0_6_rela_relative,['pseudo_264_1710.0_908.0']
pseudo_233_1510.0_1208.0_7_rela_relative,['pseudo_57_510.0_608.0']
pseudo_233_1510.0_1208.0_8_rela_relative,['pseudo_251_1610.0_1308.0']
pseudo_233_1510.0_1208.0_9_rela_relative,[]
pseudo_233_1510.0_1208.0_10_rela_relative,[]
pseudo_234_1510.0_1308.0_0_rela_relative,['pseudo_59_510.0_808.0']
pseudo_234_1510.0_1308.0_1_rela_relative,[]
pseudo_234_1510.0_1308.0_2_rela_relative,['pseudo_112_810.0_1008.0']
pseudo_234_1510.0_1308.0_3_rela_relative,"['pseudo_123_910.0_408.0', 'pseudo_140_1010.0_408.0', 'pseudo_161_1110.0_808.0', 'pseudo_50_410.0_1608.0']"
pseudo_234_1510.0_1308.0_4_rela_relative,['pseudo_219_1410.0_1508.0']
pseudo_234_1510.0_1308.0_5_rela_relative,[]
pseudo_234_1510.0_1308.0_6_rela_relative,[]
pseudo_234_1510.0_1308.0_7_rela_relative,[]
pseudo_234_1510.0_1308.0_8_rela_relative,['pseudo_209_1410.0_508.0']
pseudo_234_1510.0_1308.0_9_rela_relative,[]
pseudo_234_1510.0_1308.0_10_rela_relative,['pseudo_100_710.0_1508.0']
pseudo_235_1510.0_1408.0_0_rela_relative,[]
pseudo_235_1510.0_1408.0_1_rela_relative,[]
pseudo_235_1510.0_1408.0_2_rela_relative,[]
pseudo_235_1510.0_1408.0_3_rela_relative,[]
pseudo_235_1510.0_1408.0_4_rela_relative,['pseudo_240_1610.0_208.0']
pseudo_235_1510.0_1408.0_5_rela_relative,[]
pseudo_235_1510.0_1408.0_6_rela_relative,[]
pseudo_235_1510.0_1408.0_7_rela_relative,[]
pseudo_235_1510.0_1408.0_8_rela_relative,[]
pseudo_235_1510.0_1408.0_9_rela_relative,[]
pseudo_235_1510.0_1408.0_10_rela_relative,[]
pseudo_237_1510.0_1608.0_0_rela_relative,[]
pseudo_237_1510.0_1608.0_1_rela_relative,"['pseudo_53_510.0_208.0', 'pseudo_69_610.0_108.0']"
pseudo_237_1510.0_1608.0_2_rela_relative,[]
pseudo_237_1510.0_1608.0_3_rela_relative,[]
pseudo_237_1510.0_1608.0_4_rela_relative,[]
pseudo_237_1510.0_1608.0_5_rela_relative,[]
pseudo_237_1510.0_1608.0_6_rela_relative,['pseudo_30_310.0_1308.0']
pseudo_237_1510.0_1608.0_7_rela_relative,['pseudo_262_1710.0_708.0']
pseudo_237_1510.0_1608.0_8_rela_relative,[]
pseudo_237_1510.0_1608.0_9_rela_relative,[]
pseudo_237_1510.0_1608.0_10_rela_relative,"['pseudo_139_1010.0_308.0', 'pseudo_275_1810.0_308.0', 'pseudo_69_610.0_108.0']"
pseudo_238_1510.0_1708.0_0_rela_relative,[]
pseudo_238_1510.0_1708.0_1_rela_relative,[]
pseudo_238_1510.0_1708.0_2_rela_relative,"['pseudo_118_810.0_1608.0', 'pseudo_158_1110.0_508.0', 'pseudo_191_1310.0_408.0', 'pseudo_210_1410.0_608.0']"
pseudo_238_1510.0_1708.0_3_rela_relative,[]
pseudo_238_1510.0_1708.0_4_rela_relative,[]
pseudo_238_1510.0_1708.0_5_rela_relative,[]
pseudo_238_1510.0_1708.0_6_rela_relative,[]
pseudo_238_1510.0_1708.0_7_rela_relative,[]
pseudo_238_1510.0_1708.0_8_rela_relative,[]
pseudo_238_1510.0_1708.0_9_rela_relative,[]
pseudo_238_1510.0_1708.0_10_rela_relative,"['pseudo_114_810.0_1208.0', 'pseudo_125_910.0_608.0', 'pseudo_130_910.0_1108.0', 'pseudo_164_1110.0_1108.0', 'pseudo_203_1310.0_1608.0', 'pseudo_224_1510.0_308.0', 'pseudo_225_1510.0_408.0', 'pseudo_241_1610.0_308.0', 'pseudo_25_310.0_808.0', 'pseudo_43_410.0_908.0', 'pseudo_55_510.0_408.0']"
pseudo_246_1610.0_808.0_0_rela_relative,[]
pseudo_246_1610.0_808.0_1_rela_relative,['pseudo_178_1210.0_808.0']
pseudo_246_1610.0_808.0_2_rela_relative,[]
pseudo_246_1610.0_808.0_3_rela_relative,[]
pseudo_246_1610.0_808.0_4_rela_relative,[]
pseudo_246_1610.0_808.0_5_rela_relative,"['pseudo_202_1310.0_1508.0', 'pseudo_271_1710.0_1608.0', 'pseudo_67_510.0_1608.0']"
pseudo_246_1610.0_808.0_6_rela_relative,[]
pseudo_246_1610.0_808.0_7_rela_relative,[]
pseudo_246_1610.0_808.0_8_rela_relative,['pseudo_259_1710.0_408.0']
pseudo_246_1610.0_808.0_9_rela_relative,"['pseudo_160_1110.0_708.0', 'pseudo_187_1210.0_1708.0', 'pseudo_39_410.0_508.0']"
pseudo_246_1610.0_808.0_10_rela_relative,[]
pseudo_254_1610.0_1608.0_0_rela_relative,['pseudo_95_710.0_1008.0']
pseudo_254_1610.0_1608.0_1_rela_relative,[]
pseudo_254_1610.0_1608.0_2_rela_relative,[]
pseudo_254_1610.0_1608.0_3_rela_relative,[]
pseudo_254_1610.0_1608.0_4_rela_relative,"['pseudo_117_810.0_1508.0', 'pseudo_119_810.0_1708.0', 'pseudo_151_1010.0_1508.0', 'pseudo_152_1010.0_1608.0', 'pseudo_185_1210.0_1508.0', 'pseudo_200_1310.0_1308.0', 'pseudo_217_1410.0_1308.0', 'pseudo_32_310.0_1508.0', 'pseudo_48_410.0_1408.0', 'pseudo_64_510.0_1308.0']"
pseudo_254_1610.0_1608.0_5_rela_relative,[]
pseudo_254_1610.0_1608.0_6_rela_relative,[]
pseudo_254_1610.0_1608.0_7_rela_relative,['pseudo_41_410.0_708.0']
pseudo_254_1610.0_1608.0_8_rela_relative,[]
pseudo_254_1610.0_1608.0_9_rela_relative,[]
pseudo_254_1610.0_1608.0_10_rela_relative,[]
pseudo_260_1710.0_508.0_0_rela_relative,[]
pseudo_260_1710.0_508.0_1_rela_relative,[]
pseudo_260_1710.0_508.0_2_rela_relative,[]
pseudo_260_1710.0_508.0_3_rela_relative,[]
pseudo_260_1710.0_508.0_4_rela_relative,['pseudo_92_710.0_708.0']
pseudo_260_1710.0_508.0_5_rela_relative,[]
pseudo_260_1710.0_508.0_6_rela_relative,[]
pseudo_260_1710.0_508.0_7_rela_relative,[]
pseudo_260_1710.0_508.0_8_rela_relative,['pseudo_282_1810.0_1008.0']
pseudo_260_1710.0_508.0_9_rela_relative,[]
pseudo_260_1710.0_508.0_10_rela_relative,[]
pseudo_265_1710.0_1008.0_0_rela_relative,[]
pseudo_265_1710.0_1008.0_1_rela_relative,['pseudo_277_1810.0_508.0']
pseudo_265_1710.0_1008.0_2_rela_relative,['pseudo_194_1310.0_708.0']
pseudo_265_1710.0_1008.0_3_rela_relative,[]
pseudo_265_1710.0_1008.0_4_rela_relative,['pseudo_153_1010.0_1708.0']
pseudo_265_1710.0_1008.0_5_rela_relative,[]
pseudo_265_1710.0_1008.0_6_rela_relative,[]
pseudo_265_1710.0_1008.0_7_rela_relative,"['pseudo_104_810.0_208.0', 'pseudo_105_810.0_308.0']"
pseudo_265_1710.0_1008.0_8_rela_relative,[]
pseudo_265_1710.0_1008.0_9_rela_relative,"['pseudo_33_310.0_1608.0', 'pseudo_57_510.0_608.0']"
pseudo_265_1710.0_1008.0_10_rela_relative,[]
pseudo_280_1810.0_808.0_0_rela_relative,"['pseudo_41_410.0_708.0', 'pseudo_93_710.0_808.0']"
pseudo_280_1810.0_808.0_1_rela_relative,['pseudo_262_1710.0_708.0']
pseudo_280_1810.0_808.0_2_rela_relative,[]
pseudo_280_1810.0_808.0_3_rela_relative,"['pseudo_161_1110.0_808.0', 'pseudo_162_1110.0_908.0', 'pseudo_196_1310.0_908.0', 'pseudo_225_1510.0_408.0', 'pseudo_228_1510.0_708.0', 'pseudo_231_1510.0_1008.0', 'pseudo_245_1610.0_708.0', 'pseudo_73_610.0_508.0']"
pseudo_280_1810.0_808.0_4_rela_relative,[]
pseudo_280_1810.0_808.0_5_rela_relative,[]
pseudo_280_1810.0_808.0_6_rela_relative,[]
pseudo_280_1810.0_808.0_7_rela_relative,[]
pseudo_280_1810.0_808.0_8_rela_relative,[]
pseudo_280_1810.0_808.0_9_rela_relative,[]
pseudo_280_1810.0_808.0_10_rela_relative,"['pseudo_122_910.0_308.0', 'pseudo_123_910.0_408.0', 'pseudo_131_910.0_1208.0', 'pseudo_132_910.0_1308.0', 'pseudo_247_1610.0_908.0', 'pseudo_279_1810.0_708.0']"
pseudo_282_1810.0_1008.0_0_rela_relative,[]
pseudo_282_1810.0_1008.0_1_rela_relative,['pseudo_212_1410.0_808.0']
pseudo_282_1810.0_1008.0_2_rela_relative,[]
pseudo_282_1810.0_1008.0_3_rela_relative,"['pseudo_139_1010.0_308.0', 'pseudo_179_1210.0_908.0', 'pseudo_275_1810.0_308.0', 'pseudo_69_610.0_108.0']"
pseudo_282_1810.0_1008.0_4_rela_relative,[]
pseudo_282_1810.0_1008.0_5_rela_relative,[]
pseudo_282_1810.0_1008.0_6_rela_relative,[]
pseudo_282_1810.0_1008.0_7_rela_relative,[]
pseudo_282_1810.0_1008.0_8_rela_relative,[]
pseudo_282_1810.0_1008.0_9_rela_relative,[]
pseudo_282_1810.0_1008.0_10_rela_relative,['pseudo_236_1510.0_1508.0']
pseudo_287_1810.0_1508.0_0_rela_relative,[]
pseudo_287_1810.0_1508.0_1_rela_relative,[]
pseudo_287_1810.0_1508.0_2_rela_relative,[]
pseudo_287_1810.0_1508.0_3_rela_relative,[]
pseudo_287_1810.0_1508.0_4_rela_relative,[]
pseudo_287_1810.0_1508.0_5_rela_relative,"['pseudo_117_810.0_1508.0', 'pseudo_119_810.0_1708.0', 'pseudo_32_310.0_1508.0', 'pseudo_51_410.0_1708.0', 'pseudo_96_710.0_1108.0']"
pseudo_287_1810.0_1508.0_6_rela_relative,"['pseudo_104_810.0_208.0', 'pseudo_110_810.0_808.0', 'pseudo_153_1010.0_1708.0', 'pseudo_176_1210.0_608.0', 'pseudo_177_1210.0_708.0', 'pseudo_247_1610.0_908.0', 'pseudo_24_310.0_708.0', 'pseudo_285_1810.0_1308.0', 'pseudo_61_510.0_1008.0', 'pseudo_87_710.0_208.0']"
pseudo_287_1810.0_1508.0_7_rela_relative,[]
pseudo_287_1810.0_1508.0_8_rela_relative,[]
pseudo_287_1810.0_1508.0_9_rela_relative,['pseudo_95_710.0_1008.0']
pseudo_287_1810.0_1508.0_10_rela_relative,[]
3_random_random,[]
0_random_random,[]
4_random_random,"['pseudo_118_810.0_1608.0', 'pseudo_140_1010.0_408.0', 'pseudo_258_1710.0_308.0']"
1_random_random,[]
6_random_random,['pseudo_289_1810.0_1708.0']
2_random_random,[]
5_random_random,['pseudo_166_1110.0_1308.0']
12_random_random,[]
15_random_random,[]
7_random_random,['pseudo_289_1810.0_1708.0']
21_random_random,[]
18_random_random,[]
27_random_random,"['pseudo_212_1410.0_808.0', 'pseudo_54_510.0_308.0', 'pseudo_88_710.0_308.0']"
8_random_random,"['pseudo_121_910.0_208.0', 'pseudo_183_1210.0_1308.0', 'pseudo_241_1610.0_308.0', 'pseudo_25_310.0_808.0', 'pseudo_276_1810.0_408.0', 'pseudo_286_1810.0_1408.0']"
13_random_random,['pseudo_27_310.0_1008.0']
9_random_random,"['pseudo_105_810.0_308.0', 'pseudo_121_910.0_208.0', 'pseudo_126_910.0_708.0', 'pseudo_148_1010.0_1208.0', 'pseudo_77_610.0_908.0']"
28_random_random,[]
30_random_random,['pseudo_151_1010.0_1508.0']
33_random_random,[]
16_random_random,[]
10_random_random,['pseudo_50_410.0_1608.0']
14_random_random,[]
29_random_random,"['pseudo_179_1210.0_908.0', 'pseudo_265_1710.0_1008.0', 'pseudo_281_1810.0_908.0', 'pseudo_64_510.0_1308.0']"
19_random_random,[]
36_random_random,['pseudo_89_710.0_408.0']
31_random_random,[]
22_random_random,[]
24_random_random,[]
39_random_random,[]
34_random_random,['pseudo_184_1210.0_1408.0']
11_random_random,"['pseudo_198_1310.0_1108.0', 'pseudo_242_1610.0_408.0', 'pseudo_58_510.0_708.0']"
42_random_random,['pseudo_95_710.0_1008.0']
17_random_random,[]
45_random_random,[]
48_random_random,[]
20_random_random,[]
51_random_random,[]
37_random_random,[]
54_random_random,[]
32_random_random,[]
23_random_random,[]
57_random_random,"['pseudo_187_1210.0_1708.0', 'pseudo_22_310.0_508.0']"
25_random_random,"['pseudo_38_410.0_408.0', 'pseudo_40_410.0_608.0', 'pseudo_54_510.0_308.0', 'pseudo_88_710.0_308.0', 'pseudo_91_710.0_608.0']"
60_random_random,['pseudo_59_510.0_808.0']
63_random_random,[]
40_random_random,[]
35_random_random,"['pseudo_113_810.0_1108.0', 'pseudo_203_1310.0_1608.0']"
66_random_random,[]
69_random_random,[]
72_random_random,"['pseudo_157_1110.0_408.0', 'pseudo_70_610.0_208.0']"
75_random_random,[]
43_random_random,"['pseudo_267_1710.0_1208.0', 'pseudo_289_1810.0_1708.0']"
78_random_random,['pseudo_51_410.0_1708.0']
81_random_random,[]
84_random_random,[]
87_random_random,[]
93_random_random,[]
90_random_random,['pseudo_261_1710.0_608.0']
96_random_random,"['pseudo_109_810.0_708.0', 'pseudo_212_1410.0_808.0', 'pseudo_49_410.0_1508.0']"
99_random_random,[]
102_random_random,[]
105_random_random,[]
108_random_random,[]
111_random_random,[]
114_random_random,[]
117_random_random,[]
120_random_random,[]
46_random_random,['pseudo_199_1310.0_1208.0']
123_random_random,[]
49_random_random,[]
126_random_random,[]
129_random_random,['pseudo_115_810.0_1308.0']
135_random_random,[]
141_random_random,[]
138_random_random,[]
132_random_random,[]
144_random_random,[]
147_random_random,[]
156_random_random,"['pseudo_242_1610.0_408.0', 'pseudo_68_510.0_1708.0']"
153_random_random,"['pseudo_220_1410.0_1608.0', 'pseudo_287_1810.0_1508.0']"
162_random_random,[]
52_random_random,['pseudo_248_1610.0_1008.0']
159_random_random,[]
55_random_random,[]
38_random_random,[]
171_random_random,[]
165_random_random,[]
150_random_random,"['pseudo_110_810.0_808.0', 'pseudo_136_910.0_1708.0', 'pseudo_285_1810.0_1308.0']"
174_random_random,[]
177_random_random,[]
168_random_random,[]
58_random_random,[]
26_random_random,[]
61_random_random,[]
64_random_random,['pseudo_159_1110.0_608.0']
41_random_random,"['pseudo_153_1010.0_1708.0', 'pseudo_232_1510.0_1108.0', 'pseudo_285_1810.0_1308.0', 'pseudo_47_410.0_1308.0']"
180_random_random,[]
70_random_random,[]
67_random_random,[]
73_random_random,[]
76_random_random,[]
44_random_random,[]
79_random_random,['pseudo_259_1710.0_408.0']
82_random_random,['pseudo_124_910.0_508.0']
85_random_random,[]
88_random_random,[]
94_random_random,['pseudo_41_410.0_708.0']
97_random_random,[]
91_random_random,['pseudo_75_610.0_708.0']
103_random_random,"['pseudo_166_1110.0_1308.0', 'pseudo_31_310.0_1408.0']"
100_random_random,[]
106_random_random,[]
109_random_random,[]
112_random_random,"['pseudo_212_1410.0_808.0', 'pseudo_91_710.0_608.0']"
115_random_random,[]
118_random_random,[]
47_random_random,[]
124_random_random,[]
50_random_random,[]
121_random_random,[]
130_random_random,['pseudo_150_1010.0_1408.0']
127_random_random,"['pseudo_167_1110.0_1408.0', 'pseudo_202_1310.0_1508.0', 'pseudo_271_1710.0_1608.0', 'pseudo_288_1810.0_1608.0', 'pseudo_67_510.0_1608.0', 'pseudo_83_610.0_1508.0']"
142_random_random,[]
136_random_random,[]
139_random_random,[]
148_random_random,[]
157_random_random,[]
133_random_random,[]
154_random_random,[]
160_random_random,[]
183_random_random,[]
145_random_random,[]
56_random_random,[]
172_random_random,['pseudo_248_1610.0_1008.0']
163_random_random,[]
53_random_random,[]
178_random_random,[]
166_random_random,[]
175_random_random,[]
59_random_random,[]
151_random_random,[]
169_random_random,[]
186_random_random,[]
62_random_random,['pseudo_29_310.0_1208.0']
65_random_random,"['pseudo_220_1410.0_1608.0', 'pseudo_287_1810.0_1508.0']"
181_random_random,[]
189_random_random,['pseudo_129_910.0_1008.0']
71_random_random,[]
68_random_random,[]
74_random_random,['pseudo_235_1510.0_1408.0']
192_random_random,"['pseudo_150_1010.0_1408.0', 'pseudo_270_1710.0_1508.0', 'pseudo_84_610.0_1608.0']"
77_random_random,[]
80_random_random,"['pseudo_261_1710.0_608.0', 'pseudo_278_1810.0_608.0']"
83_random_random,['pseudo_102_710.0_1708.0']
86_random_random,['pseudo_144_1010.0_808.0']
98_random_random,[]
95_random_random,[]
89_random_random,[]
104_random_random,[]
101_random_random,[]
113_random_random,[]
107_random_random,[]
110_random_random,[]
119_random_random,['pseudo_158_1110.0_508.0']
116_random_random,['pseudo_198_1310.0_1108.0']
125_random_random,[]
92_random_random,[]
198_random_random,[]
195_random_random,[]
122_random_random,[]
128_random_random,['pseudo_90_710.0_508.0']
131_random_random,[]
143_random_random,[]
149_random_random,[]
137_random_random,[]
140_random_random,[]
134_random_random,[]
155_random_random,[]
158_random_random,[]
161_random_random,[]
201_random_random,['pseudo_259_1710.0_408.0']
164_random_random,['pseudo_174_1210.0_408.0']
173_random_random,"['pseudo_126_910.0_708.0', 'pseudo_166_1110.0_1308.0', 'pseudo_231_1510.0_1008.0', 'pseudo_77_610.0_908.0']"
184_random_random,[]
204_random_random,[]
179_random_random,"['pseudo_132_910.0_1308.0', 'pseudo_142_1010.0_608.0', 'pseudo_164_1110.0_1108.0', 'pseudo_192_1310.0_508.0', 'pseudo_193_1310.0_608.0', 'pseudo_210_1410.0_608.0', 'pseudo_224_1510.0_308.0', 'pseudo_226_1510.0_508.0', 'pseudo_78_610.0_1008.0']"
176_random_random,['pseudo_53_510.0_208.0']
146_random_random,[]
167_random_random,[]
207_random_random,[]
152_random_random,[]
170_random_random,"['pseudo_210_1410.0_608.0', 'pseudo_40_410.0_608.0', 'pseudo_88_710.0_308.0', 'pseudo_91_710.0_608.0']"
187_random_random,"['pseudo_130_910.0_1108.0', 'pseudo_135_910.0_1608.0']"
210_random_random,[]
213_random_random,['pseudo_269_1710.0_1408.0']
182_random_random,"['pseudo_102_710.0_1708.0', 'pseudo_157_1110.0_408.0', 'pseudo_275_1810.0_308.0', 'pseudo_280_1810.0_808.0', 'pseudo_283_1810.0_1108.0', 'pseudo_69_610.0_108.0']"
190_random_random,[]
219_random_random,"['pseudo_139_1010.0_308.0', 'pseudo_280_1810.0_808.0']"
216_random_random,['pseudo_166_1110.0_1308.0']
193_random_random,[]
222_random_random,[]
225_random_random,[]
228_random_random,[]
231_random_random,[]
234_random_random,[]
237_random_random,[]
240_random_random,[]
243_random_random,[]
249_random_random,[]
246_random_random,[]
252_random_random,[]
261_random_random,[]
255_random_random,[]
258_random_random,[]
267_random_random,[]
264_random_random,[]
273_random_random,[]
270_random_random,"['pseudo_149_1010.0_1308.0', 'pseudo_249_1610.0_1108.0', 'pseudo_30_310.0_1308.0', 'pseudo_78_610.0_1008.0']"
199_random_random,[]
276_random_random,[]
282_random_random,"['pseudo_165_1110.0_1208.0', 'pseudo_281_1810.0_908.0', 'pseudo_33_310.0_1608.0']"
196_random_random,"['pseudo_174_1210.0_408.0', 'pseudo_175_1210.0_508.0', 'pseudo_180_1210.0_1008.0', 'pseudo_187_1210.0_1708.0', 'pseudo_70_610.0_208.0']"
279_random_random,[]
285_random_random,[]
297_random_random,[]
291_random_random,[]
294_random_random,[]
303_random_random,[]
288_random_random,"['pseudo_243_1610.0_508.0', 'pseudo_30_310.0_1308.0']"
202_random_random,[]
309_random_random,[]
300_random_random,['pseudo_263_1710.0_808.0']
185_random_random,['pseudo_271_1710.0_1608.0']
312_random_random,[]
318_random_random,[]
208_random_random,[]
306_random_random,"['pseudo_118_810.0_1608.0', 'pseudo_243_1610.0_508.0', 'pseudo_269_1710.0_1408.0']"
315_random_random,[]
324_random_random,[]
205_random_random,[]
188_random_random,['pseudo_140_1010.0_408.0']
327_random_random,"['pseudo_114_810.0_1208.0', 'pseudo_135_910.0_1608.0', 'pseudo_255_1610.0_1708.0', 'pseudo_43_410.0_908.0', 'pseudo_66_510.0_1508.0', 'pseudo_82_610.0_1408.0']"
211_random_random,[]
321_random_random,['pseudo_259_1710.0_408.0']
330_random_random,[]
214_random_random,[]
220_random_random,['pseudo_218_1410.0_1408.0']
191_random_random,[]
217_random_random,[]
194_random_random,[]
223_random_random,[]
226_random_random,[]
229_random_random,[]
235_random_random,[]
232_random_random,[]
241_random_random,[]
238_random_random,[]
250_random_random,['pseudo_66_510.0_1508.0']
244_random_random,[]
253_random_random,[]
247_random_random,[]
259_random_random,['pseudo_124_910.0_508.0']
262_random_random,[]
256_random_random,['pseudo_213_1410.0_908.0']
268_random_random,[]
265_random_random,[]
274_random_random,[]
283_random_random,[]
271_random_random,['pseudo_106_810.0_408.0']
200_random_random,"['pseudo_100_710.0_1508.0', 'pseudo_150_1010.0_1408.0', 'pseudo_167_1110.0_1408.0', 'pseudo_67_510.0_1608.0', 'pseudo_83_610.0_1508.0', 'pseudo_84_610.0_1608.0']"
277_random_random,[]
280_random_random,[]
197_random_random,[]
292_random_random,[]
298_random_random,[]
286_random_random,[]
295_random_random,[]
310_random_random,[]
203_random_random,[]
304_random_random,['pseudo_162_1110.0_908.0']
289_random_random,[]
301_random_random,[]
333_random_random,[]
209_random_random,[]
319_random_random,[]
313_random_random,[]
307_random_random,[]
316_random_random,[]
325_random_random,[]
336_random_random,['pseudo_115_810.0_1308.0']
212_random_random,['pseudo_106_810.0_408.0']
328_random_random,['pseudo_59_510.0_808.0']
206_random_random,"['pseudo_219_1410.0_1508.0', 'pseudo_71_610.0_308.0']"
322_random_random,[]
331_random_random,[]
215_random_random,['pseudo_177_1210.0_708.0']
339_random_random,['pseudo_190_1310.0_308.0']
221_random_random,[]
218_random_random,[]
342_random_random,"['pseudo_145_1010.0_908.0', 'pseudo_157_1110.0_408.0', 'pseudo_179_1210.0_908.0', 'pseudo_265_1710.0_1008.0', 'pseudo_70_610.0_208.0']"
224_random_random,[]
227_random_random,['pseudo_88_710.0_308.0']
230_random_random,[]
236_random_random,[]
242_random_random,['pseudo_229_1510.0_808.0']
233_random_random,[]
239_random_random,['pseudo_89_710.0_408.0']
248_random_random,"['pseudo_157_1110.0_408.0', 'pseudo_179_1210.0_908.0', 'pseudo_275_1810.0_308.0', 'pseudo_281_1810.0_908.0', 'pseudo_283_1810.0_1108.0', 'pseudo_69_610.0_108.0']"
245_random_random,[]
251_random_random,[]
254_random_random,['pseudo_26_310.0_908.0']
269_random_random,[]
257_random_random,['pseudo_289_1810.0_1708.0']
260_random_random,[]
263_random_random,[]
284_random_random,[]
266_random_random,[]
275_random_random,[]
281_random_random,"['pseudo_104_810.0_208.0', 'pseudo_123_910.0_408.0', 'pseudo_72_610.0_408.0']"
278_random_random,['pseudo_261_1710.0_608.0']
272_random_random,[]
348_random_random,[]
345_random_random,"['pseudo_116_810.0_1408.0', 'pseudo_118_810.0_1608.0', 'pseudo_215_1410.0_1108.0', 'pseudo_227_1510.0_608.0']"
293_random_random,['pseudo_195_1310.0_808.0']
299_random_random,['pseudo_215_1410.0_1108.0']
296_random_random,[]
287_random_random,[]
351_random_random,[]
311_random_random,[]
334_random_random,['pseudo_237_1510.0_1608.0']
305_random_random,[]
290_random_random,"['pseudo_122_910.0_308.0', 'pseudo_94_710.0_908.0']"
302_random_random,[]
354_random_random,"['pseudo_118_810.0_1608.0', 'pseudo_142_1010.0_608.0', 'pseudo_163_1110.0_1008.0', 'pseudo_164_1110.0_1108.0', 'pseudo_166_1110.0_1308.0', 'pseudo_215_1410.0_1108.0', 'pseudo_224_1510.0_308.0', 'pseudo_231_1510.0_1008.0', 'pseudo_25_310.0_808.0', 'pseudo_41_410.0_708.0', 'pseudo_73_610.0_508.0', 'pseudo_75_610.0_708.0']"
314_random_random,"['pseudo_146_1010.0_1008.0', 'pseudo_263_1710.0_808.0', 'pseudo_59_510.0_808.0']"
320_random_random,[]
317_random_random,[]
357_random_random,[]
326_random_random,[]
337_random_random,[]
329_random_random,[]
308_random_random,[]
360_random_random,"['pseudo_190_1310.0_308.0', 'pseudo_220_1410.0_1608.0', 'pseudo_238_1510.0_1708.0']"
332_random_random,[]
323_random_random,[]
363_random_random,[]
366_random_random,['pseudo_260_1710.0_508.0']
340_random_random,[]
369_random_random,[]
343_random_random,[]
375_random_random,['pseudo_95_710.0_1008.0']
372_random_random,[]
378_random_random,[]
381_random_random,[]
384_random_random,[]
390_random_random,[]
393_random_random,[]
387_random_random,[]
402_random_random,['pseudo_28_310.0_1108.0']
405_random_random,['pseudo_270_1710.0_1508.0']
399_random_random,[]
396_random_random,[]
417_random_random,['pseudo_218_1410.0_1408.0']
408_random_random,[]
414_random_random,[]
420_random_random,['pseudo_260_1710.0_508.0']
411_random_random,[]
423_random_random,[]
349_random_random,[]
429_random_random,[]
426_random_random,[]
346_random_random,[]
432_random_random,[]
435_random_random,[]
438_random_random,[]
441_random_random,[]
352_random_random,[]
444_random_random,[]
447_random_random,['pseudo_211_1410.0_708.0']
335_random_random,[]
459_random_random,['pseudo_57_510.0_608.0']
450_random_random,[]
456_random_random,[]
453_random_random,['pseudo_158_1110.0_508.0']
355_random_random,[]
465_random_random,[]
462_random_random,"['pseudo_128_910.0_908.0', 'pseudo_22_310.0_508.0', 'pseudo_247_1610.0_908.0']"
358_random_random,['pseudo_178_1210.0_808.0']
361_random_random,"['pseudo_281_1810.0_908.0', 'pseudo_33_310.0_1608.0']"
477_random_random,"['pseudo_104_810.0_208.0', 'pseudo_278_1810.0_608.0', 'pseudo_61_510.0_1008.0', 'pseudo_87_710.0_208.0']"
474_random_random,[]
468_random_random,[]
338_random_random,[]
471_random_random,[]
480_random_random,[]
367_random_random,['pseudo_266_1710.0_1108.0']
364_random_random,"['pseudo_164_1110.0_1108.0', 'pseudo_182_1210.0_1208.0', 'pseudo_215_1410.0_1108.0', 'pseudo_43_410.0_908.0']"
370_random_random,[]
341_random_random,"['pseudo_184_1210.0_1408.0', 'pseudo_200_1310.0_1308.0', 'pseudo_252_1610.0_1408.0', 'pseudo_48_410.0_1408.0']"
344_random_random,"['pseudo_148_1010.0_1208.0', 'pseudo_240_1610.0_208.0', 'pseudo_286_1810.0_1408.0', 'pseudo_50_410.0_1608.0', 'pseudo_72_610.0_408.0']"
376_random_random,[]
379_random_random,[]
373_random_random,[]
382_random_random,[]
385_random_random,[]
391_random_random,['pseudo_260_1710.0_508.0']
394_random_random,[]
406_random_random,[]
388_random_random,[]
400_random_random,[]
403_random_random,[]
418_random_random,['pseudo_229_1510.0_808.0']
409_random_random,[]
397_random_random,[]
421_random_random,[]
415_random_random,[]
412_random_random,[]
424_random_random,[]
427_random_random,[]
350_random_random,[]
430_random_random,[]
347_random_random,[]
433_random_random,['pseudo_57_510.0_608.0']
439_random_random,[]
436_random_random,[]
353_random_random,[]
442_random_random,[]
448_random_random,['pseudo_82_610.0_1408.0']
460_random_random,['pseudo_232_1510.0_1108.0']
483_random_random,[]
451_random_random,['pseudo_195_1310.0_808.0']
445_random_random,[]
457_random_random,"['pseudo_61_510.0_1008.0', 'pseudo_66_510.0_1508.0']"
466_random_random,[]
359_random_random,[]
463_random_random,['pseudo_264_1710.0_908.0']
356_random_random,['pseudo_106_810.0_408.0']
362_random_random,[]
454_random_random,[]
478_random_random,['pseudo_270_1710.0_1508.0']
475_random_random,[]
469_random_random,[]
486_random_random,['pseudo_45_410.0_1108.0']
481_random_random,[]
472_random_random,[]
365_random_random,[]
368_random_random,[]
371_random_random,[]
489_random_random,"['pseudo_180_1210.0_1008.0', 'pseudo_92_710.0_708.0']"
492_random_random,['pseudo_195_1310.0_808.0']
377_random_random,[]
380_random_random,['pseudo_115_810.0_1308.0']
374_random_random,[]
383_random_random,[]
386_random_random,['pseudo_197_1310.0_1008.0']
392_random_random,[]
407_random_random,[]
395_random_random,[]
401_random_random,['pseudo_211_1410.0_708.0']
389_random_random,"['pseudo_136_910.0_1708.0', 'pseudo_96_710.0_1108.0']"
410_random_random,[]
404_random_random,[]
419_random_random,[]
398_random_random,[]
422_random_random,[]
413_random_random,[]
425_random_random,[]
416_random_random,[]
495_random_random,[]
428_random_random,[]
498_random_random,[]
431_random_random,[]
434_random_random,[]
501_random_random,[]
440_random_random,[]
437_random_random,"['pseudo_230_1510.0_908.0', 'pseudo_44_410.0_1008.0']"
461_random_random,[]
484_random_random,[]
449_random_random,[]
443_random_random,[]
458_random_random,[]
446_random_random,['pseudo_147_1010.0_1108.0']
504_random_random,[]
452_random_random,[]
467_random_random,"['pseudo_51_410.0_1708.0', 'pseudo_96_710.0_1108.0']"
464_random_random,[]
507_random_random,[]
470_random_random,['pseudo_108_810.0_608.0']
455_random_random,[]
479_random_random,[]
510_random_random,"['pseudo_129_910.0_1008.0', 'pseudo_43_410.0_908.0']"
476_random_random,['pseudo_264_1710.0_908.0']
487_random_random,[]
482_random_random,[]
473_random_random,['pseudo_89_710.0_408.0']
513_random_random,[]
516_random_random,[]
519_random_random,[]
490_random_random,"['pseudo_267_1710.0_1208.0', 'pseudo_289_1810.0_1708.0']"
493_random_random,[]
499_random_random,"['pseudo_261_1710.0_608.0', 'pseudo_46_410.0_1208.0']"
496_random_random,[]
502_random_random,[]
505_random_random,[]
485_random_random,['pseudo_268_1710.0_1308.0']
508_random_random,[]
517_random_random,"['pseudo_260_1710.0_508.0', 'pseudo_98_710.0_1308.0']"
488_random_random,[]
514_random_random,[]
511_random_random,['pseudo_49_410.0_1508.0']
491_random_random,"['pseudo_161_1110.0_808.0', 'pseudo_163_1110.0_1008.0', 'pseudo_166_1110.0_1308.0', 'pseudo_192_1310.0_508.0', 'pseudo_196_1310.0_908.0', 'pseudo_224_1510.0_308.0', 'pseudo_228_1510.0_708.0', 'pseudo_231_1510.0_1008.0', 'pseudo_241_1610.0_308.0', 'pseudo_62_510.0_1108.0', 'pseudo_73_610.0_508.0', 'pseudo_90_710.0_508.0']"
497_random_random,[]
494_random_random,[]
500_random_random,[]
503_random_random,[]
506_random_random,[]
518_random_random,"['pseudo_104_810.0_208.0', 'pseudo_87_710.0_208.0']"
509_random_random,['pseudo_110_810.0_808.0']
515_random_random,['pseudo_124_910.0_508.0']
512_random_random,"['pseudo_175_1210.0_508.0', 'pseudo_263_1710.0_808.0']"
